segment_start,segment_end,label,instrument,song_artist,song_title
0.0,0.371519274,silence,,ArtBlakeyQuintett,ANightInTunisia
0.371519274,11.331337868,intro,"p,b,dr",ArtBlakeyQuintett,ANightInTunisia
11.331337868,67.059229024,theme_01_01,"tp,as,p,b,dr",ArtBlakeyQuintett,ANightInTunisia
67.059229024,126.78095238,solo_01_01,"s_as,b_p,b_b,b_dr",ArtBlakeyQuintett,ANightInTunisia
126.78095238,186.688435374,solo_01_02,"s_as,b_p,b_b,b_dr",ArtBlakeyQuintett,ANightInTunisia
186.688435374,247.153197278,solo_02_01,"s_tp,b_p,b_b,b_dr",ArtBlakeyQuintett,ANightInTunisia
247.153197278,309.289795918,solo_02_02,"s_tp,b_p,b_b,b_dr",ArtBlakeyQuintett,ANightInTunisia
309.289795918,369.661678004,solo_03_01,"s_p,b_b,b_dr",ArtBlakeyQuintett,ANightInTunisia
369.661678004,427.990204081,solo_03_02,"s_p,b_b,b_dr",ArtBlakeyQuintett,ANightInTunisia
427.990204081,482.23201814,solo_04_01,s_dr,ArtBlakeyQuintett,ANightInTunisia
482.23201814,517.24770975,theme_02_01,"tp,as,p,b,dr",ArtBlakeyQuintett,ANightInTunisia
517.24770975,552.820680271,outro,"tp,p,b,dr",ArtBlakeyQuintett,ANightInTunisia
552.820680271,555.52,silence,,ArtBlakeyQuintett,ANightInTunisia
0.0,0.348299319,silence,,ArtBlakey,DownUnder
0.348299319,26.006349206,intro,"p,tb,tp,as,dr,b",ArtBlakey,DownUnder
26.006349206,64.272834467,theme_01_01,"tb,tp,as,dr,p,b",ArtBlakey,DownUnder
64.272834467,104.293877551,theme_01_02,"tb,tp,as,p,b,dr",ArtBlakey,DownUnder
104.293877551,143.499319727,solo_01_01,"s_as,b_p,b_b,b_dr",ArtBlakey,DownUnder
143.499319727,182.717823129,solo_02_01,"s_tb,b_p,b_b,b_dr",ArtBlakey,DownUnder
182.717823129,222.563265306,solo_03_01,"s_tp,b_p,b_b,b_dr",ArtBlakey,DownUnder
222.563265306,261.340589569,solo_04_01,"s_p,b_b,b_dr",ArtBlakey,DownUnder
261.340589569,301.395011337,theme_02_01,"tp,as,tb,p,b,dr",ArtBlakey,DownUnder
301.395011337,326.31002267400004,outro,"p,tp,tb,as,b,dr",ArtBlakey,DownUnder
326.31002267400004,330.48,silence,,ArtBlakey,DownUnder
0.0,0.371519274,silence,,ArtPepper,Anthropology
0.371519274,14.889795918,intro,"cl,b,dr",ArtPepper,Anthropology
14.889795918,60.669387755,theme_01_01,"cl,b,dr",ArtPepper,Anthropology
60.669387755,96.848979591,solo_01_01,"s_cl,b_b,b_dr",ArtPepper,Anthropology
96.848979591,132.310204081,solo_01_02,"s_cl,b_b,b_dr",ArtPepper,Anthropology
132.310204081,166.661224489,solo_01_03,"s_cl,b_b,b_dr",ArtPepper,Anthropology
166.661224489,201.404081632,solo_01_04,"s_cl,b_b,b_dr",ArtPepper,Anthropology
201.404081632,235.036734693,solo_02_01,"s_b,b_dr",ArtPepper,Anthropology
235.036734693,266.775510204,solo_02_02,"s_b,b_dr",ArtPepper,Anthropology
266.775510204,301.779591836,solo_03_01,"s_cl,s_dr,b_b",ArtPepper,Anthropology
301.779591836,334.628571428,solo_03_02,"s_cl,s_dr,b_b",ArtPepper,Anthropology
334.628571428,368.130612244,theme_02_01,"cl,b,dr",ArtPepper,Anthropology
368.130612244,391.640816325,outro,"cl,b,dr",ArtPepper,Anthropology
391.640816325,396.3333333333333,silence,,ArtPepper,Anthropology
0.0,0.653061224,silence,,ArtPepper,BluesForBlanche
0.653061224,12.01632653,intro,"as,p,b,dr",ArtPepper,BluesForBlanche
12.01632653,27.624489795,theme_01_01,"as,p,b,dr",ArtPepper,BluesForBlanche
27.624489795,42.906122448,theme_01_02,"as,p,b,dr",ArtPepper,BluesForBlanche
42.906122448,58.122448979,solo_01_01,"s_as,b_p,b_b,b_dr",ArtPepper,BluesForBlanche
58.122448979,73.142857142,solo_01_02,"s_as,b_p,b_b,b_dr",ArtPepper,BluesForBlanche
73.142857142,87.706122448,solo_01_03,"s_as,b_p,b_b,b_dr",ArtPepper,BluesForBlanche
87.706122448,102.008163265,solo_01_04,"s_as,b_p,b_b,b_dr",ArtPepper,BluesForBlanche
102.008163265,116.636734693,solo_01_05,"s_as,b_p,b_b,b_dr",ArtPepper,BluesForBlanche
116.636734693,131.2,solo_01_06,"s_as,b_p,b_b,b_dr",ArtPepper,BluesForBlanche
131.2,145.436734693,solo_01_07,"s_as,b_p,b_b,b_dr",ArtPepper,BluesForBlanche
145.436734693,159.869387755,solo_01_08,"s_as,b_p,b_b,b_dr",ArtPepper,BluesForBlanche
159.869387755,174.171428571,solo_01_09,"s_as,b_p,b_b,b_dr",ArtPepper,BluesForBlanche
174.171428571,188.27755102,solo_01_10,"s_as,b_p,b_b,b_dr",ArtPepper,BluesForBlanche
188.27755102,202.906122448,solo_01_11,"s_as,b_p,b_b,b_dr",ArtPepper,BluesForBlanche
202.906122448,217.208163265,solo_02_01,"s_p,b_b,b_dr",ArtPepper,BluesForBlanche
217.208163265,231.183673469,solo_02_02,"s_p,b_b,b_dr",ArtPepper,BluesForBlanche
231.183673469,245.420408163,solo_02_03,"s_p,b_b,b_dr",ArtPepper,BluesForBlanche
245.420408163,259.526530612,solo_02_04,"s_p,b_b,b_dr",ArtPepper,BluesForBlanche
259.526530612,273.567346938,solo_03_01,"s_b,b_p,b_dr",ArtPepper,BluesForBlanche
273.567346938,287.346938775,solo_03_02,"s_b,b_p,b_dr",ArtPepper,BluesForBlanche
287.346938775,300.473469387,solo_03_03,"s_b,b_p,b_dr",ArtPepper,BluesForBlanche
300.473469387,315.232653061,solo_04_01,"s_as,b_p,b_b,b_dr",ArtPepper,BluesForBlanche
315.232653061,328.228571428,solo_04_02,s_dr,ArtPepper,BluesForBlanche
328.228571428,342.269387755,solo_04_03,"s_p,b_b,b_dr",ArtPepper,BluesForBlanche
342.269387755,355.918367346,solo_04_04,s_dr,ArtPepper,BluesForBlanche
355.918367346,370.285714285,theme_02_01,"as,p,b,dr",ArtPepper,BluesForBlanche
370.285714285,402.089795917,theme_02_02,"as,p,b,dr",ArtPepper,BluesForBlanche
402.089795917,407.0,silence,,ArtPepper,BluesForBlanche
0.0,0.882358276,silence,,ArtPepper,Desafinado
0.882358276,14.367346938,intro,"p,b,dr",ArtPepper,Desafinado
14.367346938,124.081632653,theme_01_01,"as,p,b,dr",ArtPepper,Desafinado
124.081632653,233.17478458,solo_01_01,"s_as,b_p,b_b,b_dr",ArtPepper,Desafinado
233.17478458,343.794648526,solo_02_01,"s_p,b_b,b_dr",ArtPepper,Desafinado
343.794648526,479.58494331,theme_02_01,"as,p,b,dr",ArtPepper,Desafinado
479.58494331,483.3333333333333,silence,,ArtPepper,Desafinado
0.0,0.325079365,silence,,ArtPepper,InAMellowTone
0.325079365,12.817414965,intro,dr,ArtPepper,InAMellowTone
12.817414965,62.600997732,theme_01_01,"cl,b,dr",ArtPepper,InAMellowTone
62.600997732,110.341224489,solo_01_01,"s_cl,b_b,b_dr",ArtPepper,InAMellowTone
110.341224489,156.223854875,solo_01_02,"s_cl,b_b,b_dr",ArtPepper,InAMellowTone
156.223854875,200.991927437,solo_01_03,"s_cl,b_b,b_dr",ArtPepper,InAMellowTone
200.991927437,245.812244897,solo_01_04,"s_cl,b_b,b_dr",ArtPepper,InAMellowTone
245.812244897,288.914285714,solo_02_01,"s_b,b_dr",ArtPepper,InAMellowTone
288.914285714,334.106122448,solo_02_02,"s_b,b_dr",ArtPepper,InAMellowTone
334.106122448,378.253061224,solo_03_01,"s_cl,s_dr,b_b",ArtPepper,InAMellowTone
378.253061224,421.61632653,solo_03_02,"s_cl,s_dr,b_b",ArtPepper,InAMellowTone
421.61632653,467.853061224,theme_02_01,"cl,b,dr",ArtPepper,InAMellowTone
467.853061224,511.999999999,outro,"cl,b,dr",ArtPepper,InAMellowTone
511.999999999,515.6666666666666,silence,,ArtPepper,InAMellowTone
0.0,0.653061224,silence,,ArtPepper,Stardust
0.653061224,16.718367346,intro,"p,b,dr",ArtPepper,Stardust
16.718367346,79.151020408,theme_01_01,"as,p,b,dr",ArtPepper,Stardust
79.151020408,142.889795918,theme_01_02,"as,p,b,dr",ArtPepper,Stardust
142.889795918,205.191836734,solo_01_01,"s_as,b_p,b_b,b_dr",ArtPepper,Stardust
205.191836734,270.367346938,solo_01_02,"s_as,b_p,b_b,b_dr",ArtPepper,Stardust
270.367346938,333.714285714,solo_02_01,"s_p,b_b,b_dr",ArtPepper,Stardust
333.714285714,402.67755102,solo_03_01,"s_as,b_p,b_b,b_dr",ArtPepper,Stardust
402.67755102,470.595918367,solo_03_02,"s_as,b_p,b_b,b_dr",ArtPepper,Stardust
470.595918367,533.028571428,solo_03_03,"s_as,b_p,b_b,b_dr",ArtPepper,Stardust
533.028571428,595.722448979,solo_03_04,"s_as,b_p,b_b,b_dr",ArtPepper,Stardust
595.722448979,628.5061224479999,outro,"as,p,b,dr",ArtPepper,Stardust
628.5061224479999,632.1733333333333,silence,,ArtPepper,Stardust
0.0,0.185759637,silence,,BennyCarter,IGotItBad
0.185759637,56.563809523,theme_01_01,"as,p,b",BennyCarter,IGotItBad
56.563809523,112.709659863,solo_01_01,"s_as,b_p,b_b",BennyCarter,IGotItBad
112.709659863,171.966984126,theme_02_01,"as,p,b,dr",BennyCarter,IGotItBad
171.966984126,175.38666666666666,silence,,BennyCarter,IGotItBad
0.0,0.557278911,silence,,BennyCarter,It'sAWonderfulWorld
0.557278911,9.009342403,intro,"p,dr",BennyCarter,It'sAWonderfulWorld
9.009342403,40.007981859,theme_01_01,"as,p,b,dr",BennyCarter,It'sAWonderfulWorld
40.007981859,70.797641723,solo_01_01,"s_as,b_p,b_b,b_dr",BennyCarter,It'sAWonderfulWorld
70.797641723,101.70340136,solo_01_02,"s_as,b_p,b_b,b_dr",BennyCarter,It'sAWonderfulWorld
101.70340136,132.77170068,solo_01_03,"s_as,b_p,b_b,b_dr",BennyCarter,It'sAWonderfulWorld
132.77170068,163.236281179,solo_02_01,"s_p,b_b,b_dr",BennyCarter,It'sAWonderfulWorld
163.236281179,193.747301587,solo_02_02,"s_p,b_g,b_b,b_dr",BennyCarter,It'sAWonderfulWorld
193.747301587,224.002902494,solo_02_03,"s_p,b_b,b_dr",BennyCarter,It'sAWonderfulWorld
224.002902494,254.444263038,solo_03_01,"s_as,b_g,b_p,b_b,b_dr",BennyCarter,It'sAWonderfulWorld
254.444263038,284.514104308,solo_03_02,"s_as,b_g,b_p,b_b,b_dr",BennyCarter,It'sAWonderfulWorld
284.514104308,314.189206349,solo_04_01,"s_g,b_p,b_b,b_dr",BennyCarter,It'sAWonderfulWorld
314.189206349,344.677006802,solo_04_02,"s_g,b_p,b_b,b_dr",BennyCarter,It'sAWonderfulWorld
344.677006802,386.821224489,theme_02_01,"as,g,p,b,dr",BennyCarter,It'sAWonderfulWorld
386.821224489,392.7733333333333,silence,,BennyCarter,It'sAWonderfulWorld
0.0,0.325079365,silence,,BennyCarter,JustFriends
0.325079365,10.216780045,intro,p,BennyCarter,JustFriends
10.216780045,48.297505668,theme_01_01,"p,b,dr",BennyCarter,JustFriends
48.297505668,86.006712018,solo_01_01,"s_p,b_b,b_dr",BennyCarter,JustFriends
86.006712018,122.926439909,solo_01_02,"s_p,b_b,b_dr",BennyCarter,JustFriends
122.926439909,160.914285714,solo_02_01,"s_as,b_p,b_b,b_dr",BennyCarter,JustFriends
160.914285714,198.530612244,solo_02_02,"s_as,b_p,b_b,b_dr",BennyCarter,JustFriends
198.530612244,236.936417233,solo_02_03,"s_as,b_p,b_b,b_dr",BennyCarter,JustFriends
236.936417233,274.970702947,solo_03_01,"s_g,b_p,b_b,b_dr",BennyCarter,JustFriends
274.970702947,310.357913832,solo_03_02,"s_g,b_p,b_b,b_dr",BennyCarter,JustFriends
310.357913832,346.255963718,solo_03_03,"s_g,b_p,b_b,b_dr",BennyCarter,JustFriends
346.255963718,393.810430838,theme_02_01,"p,as,g,b,dr",BennyCarter,JustFriends
393.810430838,399.76,silence,,BennyCarter,JustFriends
0.0,0.195918367,silence,,BennyCarter,LongAgoAndFarAway
0.195918367,10.481632653,intro,"p,dr",BennyCarter,LongAgoAndFarAway
10.481632653,51.918367346,theme_01_01,"as,p,b,dr",BennyCarter,LongAgoAndFarAway
51.918367346,93.485714285,solo_01_01,"s_as,b_p,b_b,b_dr",BennyCarter,LongAgoAndFarAway
93.485714285,133.746938775,solo_02_01,"s_g,b_p,b_b,b_dr",BennyCarter,LongAgoAndFarAway
133.746938775,182.741043083,theme_02_01,"as,p,b,dr",BennyCarter,LongAgoAndFarAway
182.741043083,185.14666666666668,silence,,BennyCarter,LongAgoAndFarAway
0.0,0.457142857,silence,,BennyCarter,SweetLorraine
0.457142857,12.01632653,intro,p,BennyCarter,SweetLorraine
12.01632653,95.21632653,theme_01_01,"as,p,b,dr",BennyCarter,SweetLorraine
95.21632653,179.069387755,solo_01_01,"s_as,b_p,b_b,b_dr",BennyCarter,SweetLorraine
179.069387755,262.4,solo_02_01,"s_g,b_b,b_dr",BennyCarter,SweetLorraine
262.4,345.534693877,solo_03_01,"s_p,b_b,b_dr",BennyCarter,SweetLorraine
345.534693877,405.224489795,theme_02_01,"as,p,g,b,dr",BennyCarter,SweetLorraine
405.224489795,410.64,silence,,BennyCarter,SweetLorraine
0.0,0.185759637,silence,,BennyGoodman,Avalon
0.185759637,3.924172335,intro,vib,BennyGoodman,Avalon
3.924172335,35.735510204,theme_01_01,"cl,p,vib,dr",BennyGoodman,Avalon
35.735510204,67.477188208,solo_01_02,"s_p,b_dr",BennyGoodman,Avalon
67.477188208,99.520725623,solo_02_01,"s_cl,b_p,b_vib,b_dr",BennyGoodman,Avalon
99.520725623,131.332063492,solo_03_01,"s_vib,b_p,b_dr",BennyGoodman,Avalon
131.332063492,163.561360544,theme_02_01,"cl,vib,p,dr",BennyGoodman,Avalon
163.561360544,165.44,silence,,BennyGoodman,Avalon
0.0,0.081632653,silence,,BennyGoodman,HandfulOfKeys
0.081632653,6.595918367,intro,p,BennyGoodman,HandfulOfKeys
6.595918367,19.542857142,theme_01_01,"cl,vib,p,dr,b",BennyGoodman,HandfulOfKeys
19.542857142,35.934693877,theme_01_02,"cl,vib,p,dr,b",BennyGoodman,HandfulOfKeys
35.934693877,48.734693877,solo_01_01,"s_p,b_dr,b_b",BennyGoodman,HandfulOfKeys
48.734693877,61.648979591,solo_01_02,"s_p,b_dr,b_b",BennyGoodman,HandfulOfKeys
61.648979591,74.383673469,theme_02_01,"cl,vib,p,dr,b",BennyGoodman,HandfulOfKeys
74.383673469,87.510204081,theme_02_02,"cl,vib,p,dr,b",BennyGoodman,HandfulOfKeys
87.510204081,100.408163265,solo_02_01,"s_vib,b_dr,b_b,b_p",BennyGoodman,HandfulOfKeys
100.408163265,113.175510204,solo_02_02,"s_vib,b_dr,b_b,b_p",BennyGoodman,HandfulOfKeys
113.175510204,125.926530612,solo_03_01,"s_cl,b_dr,b_b,b_p",BennyGoodman,HandfulOfKeys
125.926530612,139.67346938699998,outro,"cl,vib,p,dr,b",BennyGoodman,HandfulOfKeys
139.67346938699998,141.92326530612246,silence,,BennyGoodman,HandfulOfKeys
0.0,0.232199546,silence,,BennyGoodman,Nobody'sSweetheart
0.232199546,3.088253968,intro,dr,BennyGoodman,Nobody'sSweetheart
3.088253968,33.506394557,theme_01_01,"cl,p,dr",BennyGoodman,Nobody'sSweetheart
33.506394557,64.249614512,solo_01_01,"s_p,b_dr",BennyGoodman,Nobody'sSweetheart
64.249614512,94.667755102,solo_02_01,"s_cl,b_p,b_dr",BennyGoodman,Nobody'sSweetheart
94.667755102,129.265487528,solo_03_01,"s_p,s_dr,b_cl",BennyGoodman,Nobody'sSweetheart
129.265487528,164.397278911,theme_02_01,"cl,p,dr",BennyGoodman,Nobody'sSweetheart
164.397278911,166.66666666666666,silence,,BennyGoodman,Nobody'sSweetheart
0.0,0.195918367,silence,,BennyGoodman,Runnin'Wild
0.195918367,15.967346938,intro,"dr,vib,cl",BennyGoodman,Runnin'Wild
15.967346938,44.767346938,theme_01_01,"cl,vib,p,dr",BennyGoodman,Runnin'Wild
44.767346938,71.494240362,solo_01_01,"s_p,b_dr",BennyGoodman,Runnin'Wild
71.494240362,98.870566893,solo_02_01,"s_cl,b_vib,b_p,b_dr",BennyGoodman,Runnin'Wild
98.870566893,126.339773242,solo_03_01,"s_vib,b_cl,b_p,b_dr",BennyGoodman,Runnin'Wild
126.339773242,155.480816325,theme_02_01,"cl,vib,p,dr",BennyGoodman,Runnin'Wild
155.480816325,157.42666666666668,silence,,BennyGoodman,Runnin'Wild
0.0,0.261224489,silence,,BennyGoodman,TigerRag
0.261224489,28.27755102,intro,"dr,cl,p",BennyGoodman,TigerRag
28.27755102,56.55510204,theme_01_01,"cl,p,dr",BennyGoodman,TigerRag
56.55510204,86.355011337,solo_01_01,"s_cl,b_p,b_dr",BennyGoodman,TigerRag
86.355011337,114.358276643,solo_02_01,"s_p,b_dr",BennyGoodman,TigerRag
114.358276643,141.781043083,solo_03_01,"s_dr,b_cl,b_p",BennyGoodman,TigerRag
141.781043083,170.341587301,solo_04_01,"s_cl,b_p,b_dr",BennyGoodman,TigerRag
170.341587301,202.176145124,theme_02_01,"cl,p,dr",BennyGoodman,TigerRag
202.176145124,204.1730612244898,silence,,BennyGoodman,TigerRag
0.0,0.208979591,silence,,BennyGoodman,Whispering
0.208979591,5.456689342,intro,p,BennyGoodman,Whispering
5.456689342,45.325351473,theme_01_01,"cl,p,dr",BennyGoodman,Whispering
45.325351473,84.845714285,solo_01_01,"s_cl,b_p,b_dr",BennyGoodman,Whispering
84.845714285,123.506938775,solo_02_01,"s_vib,b_p,b_dr",BennyGoodman,Whispering
123.506938775,161.750204081,solo_03_01,"s_p,b_dr",BennyGoodman,Whispering
161.750204081,200.713287981,theme_02_01,"cl,vib,b,dr",BennyGoodman,Whispering
200.713287981,202.7333333333333,silence,,BennyGoodman,Whispering
0.0,0.55510204,silence,,BenWebster,ByeByeBlackbird
0.55510204,14.497959183,intro,"b,dr",BenWebster,ByeByeBlackbird
14.497959183,69.110204081,theme_01_01,"ts,b,dr",BenWebster,ByeByeBlackbird
69.110204081,123.640816326,solo_01_01,"s_p,b_b,b_dr",BenWebster,ByeByeBlackbird
123.640816326,178.122448979,solo_01_02,"s_p,b_b,b_dr",BenWebster,ByeByeBlackbird
178.122448979,233.33877551,solo_02_01,"s_ts,b_p,b_b,b_dr",BenWebster,ByeByeBlackbird
233.33877551,286.791836734,solo_02_02,"s_ts,b_p,b_b,b_dr",BenWebster,ByeByeBlackbird
286.791836734,341.779591836,solo_02_03,"s_ts,b_p,b_b,b_dr",BenWebster,ByeByeBlackbird
341.779591836,400.130612244,theme_02_01,"ts,b,dr",BenWebster,ByeByeBlackbird
400.130612244,402.6666666666667,silence,,BenWebster,ByeByeBlackbird
0.0,0.696598639,silence,,BenWebster,DidYouCallHerToday
0.696598639,17.229206349,intro,"p,b,dr",BenWebster,DidYouCallHerToday
17.229206349,81.664580498,theme_01_01,"tp,ts,p,b,dr",BenWebster,DidYouCallHerToday
81.664580498,145.031836734,solo_01_01,"s_tp,b_p,b_b,b_dr",BenWebster,DidYouCallHerToday
145.031836734,212.183945578,solo_01_02,"s_tp,b_p,b_b,b_dr",BenWebster,DidYouCallHerToday
212.183945578,277.989297052,solo_02_01,"s_ts,b_p,b_b,b_dr",BenWebster,DidYouCallHerToday
277.989297052,341.983492063,solo_02_02,"s_ts,b_p,b_b,b_dr",BenWebster,DidYouCallHerToday
341.983492063,405.536507936,solo_03_01,"s_p,b_b,b_dr",BenWebster,DidYouCallHerToday
405.536507936,470.436281179,solo_04_01,"s_tp,s_ts,b_p,b_b,b_dr",BenWebster,DidYouCallHerToday
470.436281179,538.354648525,theme_02_01,"tp,ts,p,b,dr",BenWebster,DidYouCallHerToday
538.354648525,539.6933333333334,silence,,BenWebster,DidYouCallHerToday
0.0,0.789478458,silence,,BenWebster,MyIdeal
0.789478458,13.514013605,intro,p,BenWebster,MyIdeal
13.514013605,61.347120181,theme_01_01,"p,b,dr",BenWebster,MyIdeal
61.347120181,112.872199546,solo_01_01,"s_ts,b_p,b_b,b_dr",BenWebster,MyIdeal
112.872199546,164.977777777,solo_01_02,"s_ts,b_p,b_b,b_dr",BenWebster,MyIdeal
164.977777777,216.502857142,solo_01_03,"s_ts,b_p,b_b,b_dr",BenWebster,MyIdeal
216.502857142,269.165714285,solo_02_01,"s_p,b_b,b_dr",BenWebster,MyIdeal
269.165714285,322.455510204,solo_02_02,"s_p,b_b,b_dr",BenWebster,MyIdeal
322.455510204,376.627664399,solo_02_03,"s_p,b_b,b_dr",BenWebster,MyIdeal
376.627664399,433.957732426,theme_02_01,"ts,p,b,dr",BenWebster,MyIdeal
433.957732426,435.6,silence,,BenWebster,MyIdeal
0.0,0.766258503,silence,,BenWebster,NightAndDay
0.766258503,10.448979591,intro,p,BenWebster,NightAndDay
10.448979591,70.33324263,theme_01_01,"p,b,dr",BenWebster,NightAndDay
70.33324263,133.654058956,solo_01_01,"s_ts,b_p,b_b,b_dr",BenWebster,NightAndDay
133.654058956,196.326530612,solo_01_02,"s_ts,b_p,b_b,b_dr",BenWebster,NightAndDay
196.326530612,259.248979591,solo_02_01,"s_p,b_b,b_dr",BenWebster,NightAndDay
259.248979591,326.008163264,theme_02_01,"p,ts,b,dr",BenWebster,NightAndDay
326.008163264,327.0933333333333,silence,,BenWebster,NightAndDay
0.0,0.522448979,silence,,BenWebster,WhereOrWhen
0.522448979,25.469387755,intro,p,BenWebster,WhereOrWhen
25.469387755,54.204081632,theme_01_01,"p,b,dr",BenWebster,WhereOrWhen
54.204081632,83.330612244,theme_01_02,"p,b,dr",BenWebster,WhereOrWhen
83.330612244,112.587755102,solo_01_01,"s_p,b_b,b_dr",BenWebster,WhereOrWhen
112.587755102,141.714285714,solo_01_02,"s_p,b_b,b_dr",BenWebster,WhereOrWhen
141.714285714,171.102040816,theme_02_01,"ts,p,b,dr",BenWebster,WhereOrWhen
171.102040816,199.836734693,theme_02_02,"ts,p,b,dr",BenWebster,WhereOrWhen
199.836734693,228.963265306,solo_02_01,"s_ts,b_p,b_b,b_dr",BenWebster,WhereOrWhen
228.963265306,259.265306122,solo_02_02,"s_ts,b_p,b_b,b_dr",BenWebster,WhereOrWhen
259.265306122,288.130612244,solo_03_01,"s_p,b_b,b_dr",BenWebster,WhereOrWhen
288.130612244,317.648979591,solo_03_02,"s_p,b_b,b_dr",BenWebster,WhereOrWhen
317.648979591,344.81632653,theme_03_01,"ts,p,b,dr",BenWebster,WhereOrWhen
344.81632653,382.563265305,theme_03_02,"ts,p,b,dr",BenWebster,WhereOrWhen
382.563265305,385.4,silence,,BenWebster,WhereOrWhen
0.0,0.232199546,silence,,BillDobbins,ConAlma
0.232199546,8.916462585,intro,"p,b,dr",BillDobbins,ConAlma
8.916462585,83.173877551,theme_01_01,"tp,as,p,b,dr",BillDobbins,ConAlma
83.173877551,142.849160997,solo_01_01,"s_as,b_p,b_b,b_dr",BillDobbins,ConAlma
142.849160997,204.428480725,solo_02_01,"s_tp,b_p,b_b,b_dr",BillDobbins,ConAlma
204.428480725,264.568163265,solo_03_01,"s_p,b_b,b_dr",BillDobbins,ConAlma
264.568163265,326.704761904,theme_02_01,"tp,as,p,b,dr",BillDobbins,ConAlma
326.704761904,364.878367346,outro,"tp,as,p,b,dr",BillDobbins,ConAlma
364.878367346,370.0,silence,,BillDobbins,ConAlma
0.0,1.044897959,silence,,BixBeiderbecke,I'mComingVirginia
1.044897959,13.795918367,intro,"ts,bs,g,tb",BixBeiderbecke,I'mComingVirginia
13.795918367,59.804081632,theme_01_01,"ts,bs,g,tb",BixBeiderbecke,I'mComingVirginia
59.804081632,90.383673469,solo_01_01,"s_ts,b_cor,b_tb,b_g",BixBeiderbecke,I'mComingVirginia
90.383673469,133.746938775,solo_02_01,"s_cor,b_tb,b_g,b_dr",BixBeiderbecke,I'mComingVirginia
133.746938775,187.085714285,theme_02_01,"cor,tb,ts,cl,g,dr",BixBeiderbecke,I'mComingVirginia
187.085714285,190.58666666666667,silence,,BixBeiderbecke,I'mComingVirginia
0.0,0.255419501,silence,,BixBeiderbecke,Margie
0.255419501,5.24770975,intro,"cl,cor,tb",BixBeiderbecke,Margie
5.24770975,46.230929705,theme_01_01,"cor,cl,tb,b",BixBeiderbecke,Margie
46.230929705,87.237369614,solo_01_01,"s_p,b_dr",BixBeiderbecke,Margie
87.237369614,129.497687074,solo_02_01,"s_cl,s_cor,b_p,b_b,b_dr",BixBeiderbecke,Margie
129.497687074,174.149659863,theme_02_01,"cl,cor,tb,p,b,dr",BixBeiderbecke,Margie
174.149659863,176.36,silence,,BixBeiderbecke,Margie
0.0,0.236734693,silence,,BixBeiderbecke,RiverboatShuffle
0.236734693,4.669387755,intro,"cor,cl,tb,as,ts,p,g,dr",BixBeiderbecke,RiverboatShuffle
4.669387755,32.0,theme_01_01,"cor,cl,ts,as,tb,p,g,dr",BixBeiderbecke,RiverboatShuffle
32.0,58.840816326,theme_01_02,"cor,cl,ts,as,tb,p,g,dr",BixBeiderbecke,RiverboatShuffle
58.840816326,86.073469387,solo_01_01,"s_cor,b_p,b_g,b_dr",BixBeiderbecke,RiverboatShuffle
86.073469387,113.632653061,solo_01_02,"s_cor,b_ts,b_as,b_tb,b_cl,b_p,b_g",BixBeiderbecke,RiverboatShuffle
113.632653061,140.734693877,solo_02_01,"s_cl,b_p,b_g,b_dr",BixBeiderbecke,RiverboatShuffle
140.734693877,168.293877551,solo_02_02,"s_cl,b_cor,b_tb,b_cl,b_ts,b_as,b_p,b_g,b_dr",BixBeiderbecke,RiverboatShuffle
168.293877551,188.081632653,theme_02_01,"cor,cl,tb,ts,as,p,g,dr",BixBeiderbecke,RiverboatShuffle
188.081632653,190.66666666666663,silence,,BixBeiderbecke,RiverboatShuffle
0.0,0.130612244,silence,,BixBeiderbecke,RoyalGardenBlues
0.130612244,11.689795918,intro,"cl,cor,tb,p,bs,dr",BixBeiderbecke,RoyalGardenBlues
11.689795918,28.342857142,theme_01_01,"cl,cor,tb,p,bs,dr",BixBeiderbecke,RoyalGardenBlues
28.342857142,45.191836734,theme_01_02,"cl,cor,tb,p,bs,dr",BixBeiderbecke,RoyalGardenBlues
45.191836734,61.910204081,theme_01_03,"cl,cor,tb,p,bs,dr",BixBeiderbecke,RoyalGardenBlues
61.910204081,78.563265306,theme_01_04,"cl,cor,tb,p,bs,dr",BixBeiderbecke,RoyalGardenBlues
78.563265306,95.317913832,theme_01_05,"cl,cor,tb,p,bs,dr",BixBeiderbecke,RoyalGardenBlues
95.317913832,112.036281179,solo_01_01,"s_cl,b_p,bs_b",BixBeiderbecke,RoyalGardenBlues
112.036281179,128.290249433,solo_02_01,"s_bs,b_p,b_dr",BixBeiderbecke,RoyalGardenBlues
128.290249433,144.96217687,solo_03_01,"s_tb,b_p,bs_b,b_dr",BixBeiderbecke,RoyalGardenBlues
144.96217687,161.634104308,solo_04_01,"s_cor,b_p,bs_b,b_dr",BixBeiderbecke,RoyalGardenBlues
161.634104308,179.745668933,theme_02_01,"cl,cor,tb,p,bs,dr",BixBeiderbecke,RoyalGardenBlues
179.745668933,181.88,silence,,BixBeiderbecke,RoyalGardenBlues
0.0,1.207437641,silence,,BixBeiderbecke,SinginTheBlues
1.207437641,8.080544217,intro,"ts,cl,cor,dr",BixBeiderbecke,SinginTheBlues
8.080544217,63.506575963,theme_01_01,"ts,g,dr",BixBeiderbecke,SinginTheBlues
63.506575963,121.254603174,solo_01_01,"s_cor,b_g,b_dr",BixBeiderbecke,SinginTheBlues
121.254603174,179.304489795,theme_02_01,"cl,cor,g,tb,dr",BixBeiderbecke,SinginTheBlues
179.304489795,182.72,silence,,BixBeiderbecke,SinginTheBlues
0.0,0.743038548,silence,,Bob Berg,SecondSightEnterTheSpirit
0.743038548,9.287981859,intro,"dr,b",Bob Berg,SecondSightEnterTheSpirit
9.287981859,54.241814058,theme_01_01,"ts,p,b,dr",Bob Berg,SecondSightEnterTheSpirit
54.241814058,99.195646258,theme_01_02,"ts,p,b,dr",Bob Berg,SecondSightEnterTheSpirit
99.195646258,140.991564625,solo_01_01,"s_ts,b_p,b_b,b_dr",Bob Berg,SecondSightEnterTheSpirit
140.991564625,177.02893424,solo_01_02,"s_ts,b_p,b_b,b_dr",Bob Berg,SecondSightEnterTheSpirit
177.02893424,218.267573696,solo_02_01,"s_p,b_b,b_dr",Bob Berg,SecondSightEnterTheSpirit
218.267573696,257.462857142,solo_02_02,"s_p,b_b,b_dr",Bob Berg,SecondSightEnterTheSpirit
257.462857142,301.302131519,theme_02_01,"ts,p,b,dr",Bob Berg,SecondSightEnterTheSpirit
301.302131519,346.81324263,theme_02_02,"ts,p,b,dr",Bob Berg,SecondSightEnterTheSpirit
346.81324263,356.68,silence,,Bob Berg,SecondSightEnterTheSpirit
0.0,0.743038548,silence,,BobBerg, IDidn'tKnowWhatTimeItWas
0.743038548,65.758911564,theme_01_01,"p,ts,b,dr",BobBerg, IDidn'tKnowWhatTimeItWas
65.758911564,133.003900226,solo_01_01,"s_p,b_b,b_dr",BobBerg, IDidn'tKnowWhatTimeItWas
133.003900226,199.50585034,solo_01_02,"s_p,b_b,b_dr",BobBerg, IDidn'tKnowWhatTimeItWas
199.50585034,267.122358276,solo_01_03,"s_p,b_b,b_dr",BobBerg, IDidn'tKnowWhatTimeItWas
267.122358276,334.553106575,solo_01_04,"s_p,b_b,b_dr",BobBerg, IDidn'tKnowWhatTimeItWas
334.553106575,403.098412698,solo_02_01,"s_ts,b_p,b_b,b_dr",BobBerg, IDidn'tKnowWhatTimeItWas
403.098412698,470.34340136,solo_02_02,"s_ts,b_p,b_b,b_dr",BobBerg, IDidn'tKnowWhatTimeItWas
470.34340136,539.260226757,solo_02_03,"s_ts,b_p,b_b,b_dr",BobBerg, IDidn'tKnowWhatTimeItWas
539.260226757,605.576417233,solo_02_01,"s_b,b_p,b_dr",BobBerg, IDidn'tKnowWhatTimeItWas
605.576417233,672.264126984,solo_03_02,"s_b,b_p,b_dr",BobBerg, IDidn'tKnowWhatTimeItWas
672.264126984,777.218321995,theme_02_01,"p,ts,b,dr",BobBerg, IDidn'tKnowWhatTimeItWas
777.218321995,782.8124943310657,silence,,BobBerg, IDidn'tKnowWhatTimeItWas
0.0,0.394739229,silence,,BobBerg,Angles
0.394739229,9.589841269,intro,dr,BobBerg,Angles
9.589841269,57.74802721,theme_01_01,"ts,p,b,dr",BobBerg,Angles
57.74802721,105.69723356,solo_01_01,"s_p,b_b,b_dr",BobBerg,Angles
105.69723356,151.183673469,solo_01_02,"s_p,b_b,b_dr",BobBerg,Angles
151.183673469,207.020408163,solo_02_01,"s_ts,b_p,b_b,b_dr",BobBerg,Angles
207.020408163,278.453696145,solo_02_02,"s_ts,b_p,b_b,b_dr",BobBerg,Angles
278.453696145,324.777505668,theme_02_01,"ts,p,b,dr",BobBerg,Angles
324.777505668,333.2266666666667,silence,,BobBerg,Angles
0.0,0.391836734,silence,,BobBerg,BluesForBela
0.391836734,25.534693877,intro,"p,b,dr",BobBerg,BluesForBela
25.534693877,50.612244897,theme_01_01,"ts,p,b,dr",BobBerg,BluesForBela
50.612244897,74.318367346,solo_01_01,"s_p,b_b,b_dr",BobBerg,BluesForBela
74.318367346,97.110204081,solo_01_02,"s_p,b_b,b_dr",BobBerg,BluesForBela
97.110204081,120.685714285,solo_01_03,"s_p,b_b,b_dr",BobBerg,BluesForBela
120.685714285,143.412244897,solo_01_04,"s_p,b_b,b_dr",BobBerg,BluesForBela
143.412244897,165.87755102,solo_01_05,"s_p,s_ts,b_b,b_dr",BobBerg,BluesForBela
165.87755102,189.518367346,solo_02_01,"s_ts,b_p,b_b,b_dr",BobBerg,BluesForBela
189.518367346,211.330612244,solo_02_02,"s_ts,b_p,b_b,b_dr",BobBerg,BluesForBela
211.330612244,233.012244897,solo_02_03,"s_ts,b_p,b_b,b_dr",BobBerg,BluesForBela
233.012244897,255.346938775,solo_02_04,"s_ts,s_dr,b_p,b_b",BobBerg,BluesForBela
255.346938775,278.465306122,solo_03_01,"s_p,s_dr,b_b",BobBerg,BluesForBela
278.465306122,300.8,solo_03_02,"s_ts,s_dr,b_p,b_b",BobBerg,BluesForBela
300.8,323.004081632,solo_03_03,"s_p,s_dr,b_p,b_b",BobBerg,BluesForBela
323.004081632,346.775510204,theme_02_01,"ts,p,b,dr",BobBerg,BluesForBela
346.775510204,377.469387755,theme_02_02,"ts,p,b,dr",BobBerg,BluesForBela
377.469387755,389.41333333333336,silence,,BobBerg,BluesForBela
0.0,0.371519274,silence,,BobBerg,NatureOfTheBeast
0.371519274,15.23,intro,"p,synth,dr",BobBerg,NatureOfTheBeast
15.23,78.762086168,theme_01_01,"ts,p,synth,dr",BobBerg,NatureOfTheBeast
78.762086168,107.74,solo_01_01,"s_ts,b_p,b_synth,b_dr",BobBerg,NatureOfTheBeast
107.74,139.691247166,solo_01_02,"s_ts,b_p,b_synth,b_dr",BobBerg,NatureOfTheBeast
139.691247166,169.412789116,solo_01_03,"s_ts,b_p,b_synth,b_dr",BobBerg,NatureOfTheBeast
169.412789116,202.84952381,solo_01_04,"s_ts,b_p,b_synth,b_dr",BobBerg,NatureOfTheBeast
202.84952381,239.258412698,solo_01_05,"s_ts,b_p,b_synth,b_dr",BobBerg,NatureOfTheBeast
239.258412698,272.695147392,solo_01_06,"s_ts,b_p,b_synth,b_dr",BobBerg,NatureOfTheBeast
272.695147392,300.930612245,solo_01_07,"s_ts,b_p,b_synth,b_dr",BobBerg,NatureOfTheBeast
300.930612245,334.367346939,solo_02_01,s_dr,BobBerg,NatureOfTheBeast
334.367346939,369.29015873,solo_02_02,s_dr,BobBerg,NatureOfTheBeast
369.29015873,402.35537415,solo_02_03,s_dr,BobBerg,NatureOfTheBeast
402.35537415,469.971882087,theme_02_01,"ts,p,synth,dr",BobBerg,NatureOfTheBeast
469.971882087,479.5866666666666,silence,,BobBerg,NatureOfTheBeast
0.0,0.417959183,silence,,BobBerg,NoMoe
0.417959183,49.528163265,theme_01_01,"ts,b,dr",BobBerg,NoMoe
49.528163265,97.10585034,solo_01_01,"s_ts,b_b,b_dr",BobBerg,NoMoe
97.10585034,144.590657596,solo_01_02,"s_ts,b_b,b_dr",BobBerg,NoMoe
144.590657596,191.332426303,solo_02_01,"s_ts,s_dr,b_b",BobBerg,NoMoe
191.332426303,245.876099772,theme_02_01,"ts,b,dr",BobBerg,NoMoe
245.876099772,252.82666666666665,silence,,BobBerg,NoMoe
0.0,1.110204081,silence,,BobBerg,YouAndTheNightAndTheMusic
1.110204081,13.387755102,intro,"ts,p,b,dr",BobBerg,YouAndTheNightAndTheMusic
13.387755102,63.542857142,theme_01_01,"ts,p,b,dr",BobBerg,YouAndTheNightAndTheMusic
63.542857142,111.869387755,solo_01_01,"s_ts,b_p,b_b,b_dr",BobBerg,YouAndTheNightAndTheMusic
111.869387755,160.914285714,solo_01_02,"s_ts,b_p,b_b,b_dr",BobBerg,YouAndTheNightAndTheMusic
160.914285714,207.020408163,solo_02_01,"s_p,b_b,b_dr",BobBerg,YouAndTheNightAndTheMusic
207.020408163,253.714285714,solo_02_01,"s_p,b_b,b_dr",BobBerg,YouAndTheNightAndTheMusic
253.714285714,298.579591836,solo_03_01,s_dr,BobBerg,YouAndTheNightAndTheMusic
298.579591836,348.995918367,theme_02_01,"ts,p,b,dr",BobBerg,YouAndTheNightAndTheMusic
348.995918367,361.273469387,outro,"ts,p,b,dr",BobBerg,YouAndTheNightAndTheMusic
361.273469387,368.2492290249433,silence,,BobBerg,YouAndTheNightAndTheMusic
0.0,2.60063492,silence,,BranfordMarsalis,GutbucketSteepy
2.60063492,51.269659863,intro,b,BranfordMarsalis,GutbucketSteepy
51.269659863,89.907664399,theme_01_01,"ts,b,dr",BranfordMarsalis,GutbucketSteepy
89.907664399,130.77478458,solo_01_01,"s_ts,b_b,b_dr",BranfordMarsalis,GutbucketSteepy
130.77478458,172.38494331,solo_01_02,"s_ts,b_b,b_dr",BranfordMarsalis,GutbucketSteepy
172.38494331,213.252063492,solo_01_03,"s_ts,b_b,b_dr",BranfordMarsalis,GutbucketSteepy
213.252063492,254.119183673,solo_01_04,"s_ts,b_b,b_dr",BranfordMarsalis,GutbucketSteepy
254.119183673,294.986303854,solo_01_05,"s_ts,b_b,b_dr",BranfordMarsalis,GutbucketSteepy
294.986303854,336.596462585,solo_02_01,"s_b,b_dr",BranfordMarsalis,GutbucketSteepy
336.596462585,375.977505668,solo_02_02,"s_b,b_dr",BranfordMarsalis,GutbucketSteepy
375.977505668,378.24,silence,,BranfordMarsalis,GutbucketSteepy
0.0,20.805079365,silence,,BranfordMarsalis,HousedFromEdward
20.805079365,43.096235827,intro,"ts,b",BranfordMarsalis,HousedFromEdward
43.096235827,87.307029478,theme_01_01,"ts,b,dr",BranfordMarsalis,HousedFromEdward
87.307029478,133.003900226,theme_01_02,"ts,b,dr",BranfordMarsalis,HousedFromEdward
133.003900226,178.3292517,solo_01_01,"s_ts,b_b,b_dr",BranfordMarsalis,HousedFromEdward
178.3292517,224.026122448,solo_01_02,"s_ts,b_b,b_dr",BranfordMarsalis,HousedFromEdward
224.026122448,268.236916099,solo_01_03,"s_ts,b_b,b_dr",BranfordMarsalis,HousedFromEdward
268.236916099,314.676825396,solo_01_04,"s_ts,b_b,b_dr",BranfordMarsalis,HousedFromEdward
314.676825396,361.488253968,solo_02_01,"s_b,b_dr",BranfordMarsalis,HousedFromEdward
361.488253968,407.55664399,solo_02_01,"s_b,b_dr",BranfordMarsalis,HousedFromEdward
407.55664399,454.368072562,solo_03_01,"s_ts,b_b",BranfordMarsalis,HousedFromEdward
454.368072562,502.665578231,theme_02_01,"ts,b,dr",BranfordMarsalis,HousedFromEdward
502.665578231,552.449160997,outro,"ts,b,dr",BranfordMarsalis,HousedFromEdward
552.449160997,569.7333333333333,silence,,BranfordMarsalis,HousedFromEdward
0.0,7.430385487,silence,,BranfordMarsalis,TheNearnessOfYou
7.430385487,209.536870748,theme_01_01,"ts,b,dr",BranfordMarsalis,TheNearnessOfYou
209.536870748,340.311655328,solo_01_01,"s_ts,b_b,b_dr",BranfordMarsalis,TheNearnessOfYou
340.311655328,462.913015873,solo_01_02,"s_ts,b_b,b_dr",BranfordMarsalis,TheNearnessOfYou
462.913015873,619.694149659,theme_02_01,"ts,b,dr",BranfordMarsalis,TheNearnessOfYou
619.694149659,634.36,silence,,BranfordMarsalis,TheNearnessOfYou
0.0,24.718367346,silence,,BranfordMarsalis,ThreeLittleWords
24.718367346,54.432653061,theme_01_01,"ts,b",BranfordMarsalis,ThreeLittleWords
54.432653061,83.232653061,solo_01_01,s_b,BranfordMarsalis,ThreeLittleWords
83.232653061,111.804081632,solo_01_02,s_b,BranfordMarsalis,ThreeLittleWords
111.804081632,140.571428571,solo_02_01,"s_ts,b_b",BranfordMarsalis,ThreeLittleWords
140.571428571,169.567346938,solo_02_02,"s_ts,b_b",BranfordMarsalis,ThreeLittleWords
169.567346938,198.4,solo_02_03,"s_ts,b_b",BranfordMarsalis,ThreeLittleWords
198.4,228.212244897,solo_02_04,"s_ts,b_b",BranfordMarsalis,ThreeLittleWords
228.212244897,256.55510204,solo_02_05,"s_ts,b_b",BranfordMarsalis,ThreeLittleWords
256.55510204,284.583764172,solo_02_06,"s_ts,b_b",BranfordMarsalis,ThreeLittleWords
284.583764172,306.31764172299995,outro,"ts,b",BranfordMarsalis,ThreeLittleWords
306.31764172299995,307.64,silence,,BranfordMarsalis,ThreeLittleWords
0.0,1.044897959,silence,,BranfordMarsalis,Ummg
1.044897959,37.942857142,theme_01_01,"ts,b,dr",BranfordMarsalis,Ummg
37.942857142,75.167346938,solo_01_01,"s_ts,b_b,b_dr",BranfordMarsalis,Ummg
75.167346938,112.653061224,solo_01_02,"s_ts,b_b,b_dr",BranfordMarsalis,Ummg
112.653061224,148.375510204,solo_01_03,"s_ts,b_b,b_dr",BranfordMarsalis,Ummg
148.375510204,184.293877551,solo_01_04,"s_ts,b_b,b_dr",BranfordMarsalis,Ummg
184.293877551,220.146938775,solo_01_05,"s_ts,b_b,b_dr",BranfordMarsalis,Ummg
220.146938775,255.804081632,solo_01_06,"s_ts,b_b,b_dr",BranfordMarsalis,Ummg
255.804081632,290.546938775,solo_02_01,"s_ts,s_dr,b_b",BranfordMarsalis,Ummg
290.546938775,324.440816326,solo_02_02,"s_dr,s_ts,b_b",BranfordMarsalis,Ummg
324.440816326,360.373696145,solo_03_01,"s_ts,b_b,b_dr",BranfordMarsalis,Ummg
360.373696145,396.968344671,solo_03_02,"s_ts,b_b,b_dr",BranfordMarsalis,Ummg
396.968344671,422.231655328,outro,"ts,b,dr",BranfordMarsalis,Ummg
422.231655328,430.2,silence,,BranfordMarsalis,Ummg
0.0,14.302040816,silence,,CannonballAdderley,BohemiaAfterDark
14.302040816,20.897959183,intro,"p,dr",CannonballAdderley,BohemiaAfterDark
20.897959183,47.673469387,theme_01_01,"tp,ts,p,dr",CannonballAdderley,BohemiaAfterDark
47.673469387,74.710204081,solo_01_01,"s_ts,b_p,b_b,b_dr",CannonballAdderley,BohemiaAfterDark
74.710204081,101.093877551,solo_01_02,"s_ts,b_p,b_b,b_dr",CannonballAdderley,BohemiaAfterDark
101.093877551,127.020408163,solo_01_03,"s_ts,b_p,b_b,b_dr",CannonballAdderley,BohemiaAfterDark
127.020408163,153.273469387,solo_02_01,"s_tp,b_p,b_b,b_dr",CannonballAdderley,BohemiaAfterDark
153.273469387,179.2,solo_02_02,"s_tp,b_p,b_b,b_dr",CannonballAdderley,BohemiaAfterDark
179.2,205.714285714,solo_02_03,"s_tp,b_p,b_b,b_dr",CannonballAdderley,BohemiaAfterDark
205.714285714,231.706122448,solo_03_01,"s_p,b_b,b_dr",CannonballAdderley,BohemiaAfterDark
231.706122448,257.044897959,solo_03_02,"s_p,b_b,b_dr",CannonballAdderley,BohemiaAfterDark
257.044897959,282.253061224,solo_03_03,"s_p,b_b,b_dr",CannonballAdderley,BohemiaAfterDark
282.253061224,307.591836734,solo_03_04,"s_p,b_b,b_dr",CannonballAdderley,BohemiaAfterDark
307.591836734,332.8,solo_04_01,"s_ts,s_dr,b_p,b_b",CannonballAdderley,BohemiaAfterDark
332.8,358.857142857,solo_04_02,"s_ts,s_dr,b_p,b_b",CannonballAdderley,BohemiaAfterDark
358.857142857,385.763265306,solo_05_01,s_dr,CannonballAdderley,BohemiaAfterDark
385.763265306,413.779591836,solo_05_02,s_dr,CannonballAdderley,BohemiaAfterDark
413.779591836,440.751020408,solo_05_03,s_dr,CannonballAdderley,BohemiaAfterDark
440.751020408,467.330612244,theme_02_01,"tp,ts,p,b,dr",CannonballAdderley,BohemiaAfterDark
467.330612244,486.41333333333336,silence,,CannonballAdderley,BohemiaAfterDark
0.0,19.202902494,silence,,CannonballAdderley,HighFly
19.202902494,59.164444444,intro,p,CannonballAdderley,HighFly
59.164444444,117.330430839,theme_01_01,"as,tp,p,b,dr",CannonballAdderley,HighFly
117.330430839,177.075374149,solo_01_01,"s_as,b_p,b_b,b_dr",CannonballAdderley,HighFly
177.075374149,240.535510204,solo_01_02,"s_as,b_p,b_b,b_dr",CannonballAdderley,HighFly
240.535510204,300.768072562,solo_02_01,"s_tp,b_p,b_b,b_dr",CannonballAdderley,HighFly
300.768072562,359.653877551,solo_02_02,"s_tp,b_p,b_b,b_dr",CannonballAdderley,HighFly
359.653877551,419.329160997,solo_03_01,"s_p,b_b,b_dr",CannonballAdderley,HighFly
419.329160997,477.611247165,solo_03_02,"s_p,b_b,b_dr",CannonballAdderley,HighFly
477.611247165,537.820589569,solo_03_03,"s_p,b_b,b_dr",CannonballAdderley,HighFly
537.820589569,597.611972789,solo_04_01,"s_dr,s_b,s_p,b_b",CannonballAdderley,HighFly
597.611972789,667.039637188,theme_02_01,"as,tp,p,b,dr",CannonballAdderley,HighFly
667.039637188,669.92,silence,,CannonballAdderley,HighFly
0.0,0.464399092,silence,,CannonballAdderley,StarEyes
0.464399092,29.907301587,intro,"tp,as,p,vib,dr",CannonballAdderley,StarEyes
29.907301587,75.557732426,theme_01_01,"as,tp,p,b,dr",CannonballAdderley,StarEyes
75.557732426,120.813424036,solo_01_01,"s_vib,b_p,b_b,b_dr",CannonballAdderley,StarEyes
120.813424036,164.165079365,solo_01_02,"s_vib,b_p,b_b,b_dr",CannonballAdderley,StarEyes
164.165079365,210.163809523,solo_02_01,"s_as,b_p,b_b,b_dr",CannonballAdderley,StarEyes
210.163809523,253.236825396,solo_02_02,"s_as,b_p,b_b,b_dr",CannonballAdderley,StarEyes
253.236825396,299.026575963,solo_03_01,"s_b,b_p,b_dr",CannonballAdderley,StarEyes
299.026575963,343.86430839,solo_03_02,"s_b,b_p,b_dr",CannonballAdderley,StarEyes
343.86430839,388.678820861,theme_02_01,"as,tp,p,b,dr",CannonballAdderley,StarEyes
388.678820861,416.612426303,outro,"as,tp,vib,p,b,dr",CannonballAdderley,StarEyes
416.612426303,426.7466666666666,silence,,CannonballAdderley,StarEyes
0.0,59.526530612,silence,,CannonballAdderley,ThisHere
59.526530612,84.604081632,intro,"p,b,dr",CannonballAdderley,ThisHere
84.604081632,121.697959183,theme_01_01,"tp,as,p,b,dr",CannonballAdderley,ThisHere
121.697959183,158.791836734,theme_01_02,"tp,as,p,b,dr",CannonballAdderley,ThisHere
158.791836734,192.130612244,solo_01_01,"s_as,b_p,b_b,b_dr",CannonballAdderley,ThisHere
192.130612244,225.110204081,solo_01_02,"s_as,b_p,b_b,b_dr",CannonballAdderley,ThisHere
225.110204081,259.134693877,solo_01_03,"s_as,b_p,b_b,b_dr",CannonballAdderley,ThisHere
259.134693877,295.085714285,solo_01_04,"s_as,b_p,b_b,b_dr",CannonballAdderley,ThisHere
295.085714285,323.853061224,solo_01_05,"s_as,b_p,b_b,b_dr",CannonballAdderley,ThisHere
323.853061224,356.930612244,solo_02_01,"s_tp,b_p,b_b,b_dr",CannonballAdderley,ThisHere
356.930612244,390.073469387,solo_02_02,"s_tp,b_p,b_b,b_dr",CannonballAdderley,ThisHere
390.073469387,424.359183673,solo_02_03,"s_tp,b_p,b_b,b_dr",CannonballAdderley,ThisHere
424.359183673,455.836734693,solo_02_04,"s_tp,b_p,b_b,b_dr",CannonballAdderley,ThisHere
455.836734693,489.208163265,solo_03_01,"s_p,b_b,b_dr",CannonballAdderley,ThisHere
489.208163265,522.220408163,solo_03_02,"s_p,b_b,b_dr",CannonballAdderley,ThisHere
522.220408163,555.232653061,solo_03_03,"s_p,b_tp,b_as,b_b,b_dr",CannonballAdderley,ThisHere
555.232653061,587.722448979,solo_03_04,"s_p,b_tp,b_as,b_b,b_dr",CannonballAdderley,ThisHere
587.722448979,620.27755102,solo_03_05,"s_p,b_b,b_dr",CannonballAdderley,ThisHere
620.27755102,656.359183673,solo_03_06,"s_p,b_b,b_dr",CannonballAdderley,ThisHere
656.359183673,693.257142857,theme_02_01,"tp,as,p,b,dr",CannonballAdderley,ThisHere
693.257142857,730.499773242,theme_02_02,"tp,as,p,b,dr",CannonballAdderley,ThisHere
730.499773242,738.5338775499999,outro,"p,b,dr",CannonballAdderley,ThisHere
738.5338775499999,749.6533333333333,silence,,CannonballAdderley,ThisHere
0.0,0.371519274,silence,,CannonballAdderley,WorkSong
0.371519274,49.15664399,theme_01_01,"tp,as,p,b,dr",CannonballAdderley,WorkSong
49.15664399,99.613605442,solo_01_01,"s_as,b_p,b_b,b_dr",CannonballAdderley,WorkSong
99.613605442,147.469931972,solo_01_02,"s_as,b_p,b_b,b_dr",CannonballAdderley,WorkSong
147.469931972,197.392834467,solo_02_01,"s_tp,b_p,b_b,b_dr",CannonballAdderley,WorkSong
197.392834467,245.783219954,solo_02_02,"s_tp,s_p,b_b,b_dr",CannonballAdderley,WorkSong
245.783219954,294.986303854,solo_03_01,"s_p,b_b,b_dr",CannonballAdderley,WorkSong
294.986303854,350.06403628000004,theme_02_01,"tp,as,p,b",CannonballAdderley,WorkSong
350.06403628000004,352.92,silence,,CannonballAdderley,WorkSong
0.0,0.208979591,silence,,CharlieParker,Billie'sBounce
0.208979591,6.269387755,intro,"p,b",CharlieParker,Billie'sBounce
6.269387755,41.285079365,theme_01_01,"tp,as,p,b,dr",CharlieParker,Billie'sBounce
41.285079365,77.508208616,solo_01_01,"s_as,b_p,b_b,b_dr",CharlieParker,Billie'sBounce
77.508208616,113.94031746,solo_01_02,"s_as,b_p,b_b,b_dr",CharlieParker,Billie'sBounce
113.94031746,151.347664399,solo_02_01,"s_tp,b_p,b_b,b_dr",CharlieParker,Billie'sBounce
151.347664399,188.91755102,theme_02_01,"tp,as,p,b,dr",CharlieParker,Billie'sBounce
188.91755102,192.12,silence,,CharlieParker,Billie'sBounce
0.0,0.293877551,silence,,CharlieParker,BluesForAlice
0.293877551,5.991836734,intro,"p,dr",CharlieParker,BluesForAlice
5.991836734,23.330612244,theme_01_01,"as,tp,p,b,dr",CharlieParker,BluesForAlice
23.330612244,40.27755102,solo_01_01,"s_as,b_p,b_b,b_dr",CharlieParker,BluesForAlice
40.27755102,57.453061224,solo_01_02,"s_as,b_p,b_b,b_dr",CharlieParker,BluesForAlice
57.453061224,74.497959183,solo_01_03,"s_as,b_p,b_b,b_dr",CharlieParker,BluesForAlice
74.497959183,91.836734693,solo_02_01,"s_tp,b_p,b_b,b_dr",CharlieParker,BluesForAlice
91.836734693,108.995918367,solo_02_02,"s_tp,b_p,b_b,b_dr",CharlieParker,BluesForAlice
108.995918367,125.991836734,solo_03_01,"s_p,b_b,b_dr",CharlieParker,BluesForAlice
125.991836734,142.857142857,solo_03_02,"s_p,b_b,b_dr",CharlieParker,BluesForAlice
142.857142857,160.179591836,theme_02_01,"as,tp,p,b,dr",CharlieParker,BluesForAlice
160.179591836,165.665306121,outro,"as,tp,p,b,dr",CharlieParker,BluesForAlice
165.665306121,169.08,silence,,CharlieParker,BluesForAlice
0.0,0.326530612,silence,,CharlieParker,Don'tBlameMe
0.326530612,14.759183673,intro,"tp,p,b",CharlieParker,Don'tBlameMe
14.759183673,44.783673469,theme_01_01,"as,p,b,dr",CharlieParker,Don'tBlameMe
44.783673469,74.612244897,theme_01_02,"as,p,b,dr",CharlieParker,Don'tBlameMe
74.612244897,104.702040816,solo_01_01,"s_as,b_p,b_b,b_dr",CharlieParker,Don'tBlameMe
104.702040816,135.248979591,solo_01_02,"s_as,b_p,b_b,b_dr",CharlieParker,Don'tBlameMe
135.248979591,166.187755101,solo_02_01,"s_tp,b_as,b_p,b_b,b_dr",CharlieParker,Don'tBlameMe
166.187755101,167.10666666666663,silence,,CharlieParker,Don'tBlameMe
0.0,1.068117913,silence,,CharlieParker,DonnaLee
1.068117913,35.387210884,theme_01_01,"as,tp,p,b,dr",CharlieParker,DonnaLee
35.387210884,70.240362811,solo_01_01,"s_as,b_p,b_b,b_dr",CharlieParker,DonnaLee
70.240362811,104.35047619,solo_01_02,"s_as,b_p,b_b,b_dr",CharlieParker,DonnaLee
104.35047619,137.740770975,solo_02_01,"s_tp,s_p,b_b,b_dr",CharlieParker,DonnaLee
137.740770975,153.599999999,outro,"as,tp,p,b,dr",CharlieParker,DonnaLee
153.599999999,157.10666666666663,silence,,CharlieParker,DonnaLee
0.0,0.208979591,silence,,CharlieParker,EmbraceableYou
0.208979591,11.911836734,intro,p,CharlieParker,EmbraceableYou
11.911836734,37.151927437,theme_01_01,"as,p,b,dr",CharlieParker,EmbraceableYou
37.151927437,63.854875283,solo_01_01,"s_as,b_p,b_b,b_dr",CharlieParker,EmbraceableYou
63.854875283,90.952562358,solo_01_02,"s_as,b_p,b_b,b_dr",CharlieParker,EmbraceableYou
90.952562358,118.166349206,solo_01_03,"s_as,b_p,b_b,b_dr",CharlieParker,EmbraceableYou
118.166349206,145.519455782,solo_02_01,"s_tp,b_p,b_b,b_dr",CharlieParker,EmbraceableYou
145.519455782,173.336961451,solo_02_02,"s_tp,b_p,b_b,b_dr",CharlieParker,EmbraceableYou
173.336961451,199.087891156,theme_02_01,"tp,as,p,b,dr",CharlieParker,EmbraceableYou
199.087891156,201.06666666666663,silence,,CharlieParker,EmbraceableYou
0.0,0.326530612,silence,,CharlieParker,HowDeepIsTheOcean
0.326530612,12.571428571,intro,p,CharlieParker,HowDeepIsTheOcean
12.571428571,39.21632653,theme_01_01,"as,p,b,dr",CharlieParker,HowDeepIsTheOcean
39.21632653,65.763265306,solo_01_01,"s_as,b_p,b_b,b_dr",CharlieParker,HowDeepIsTheOcean
65.763265306,92.767346938,solo_01_02,"s_as,b_p,b_b,b_dr",CharlieParker,HowDeepIsTheOcean
92.767346938,119.47755102,solo_01_03,"s_as,b_p,b_b,b_dr",CharlieParker,HowDeepIsTheOcean
119.47755102,146.742857142,solo_02_01,"s_tb,b_p,b_b,b_dr",CharlieParker,HowDeepIsTheOcean
146.742857142,174.073469387,solo_02_02,"s_tb,b_p,b_b,b_dr",CharlieParker,HowDeepIsTheOcean
174.073469387,202.122448978,theme_02_01,"tp,as,tb,p,b,dr",CharlieParker,HowDeepIsTheOcean
202.122448978,205.42666666666668,silence,,CharlieParker,HowDeepIsTheOcean
0.0,0.232199546,silence,,CharlieParker,K.C.Blues
0.232199546,8.498503401,intro,"p,b,dr",CharlieParker,K.C.Blues
8.498503401,33.436734693,theme_01_01,"as,p,b,dr",CharlieParker,K.C.Blues
33.436734693,57.771247165,solo_01_01,"s_as,b_p,b_b,b_dr",CharlieParker,K.C.Blues
57.771247165,82.198639455,solo_01_02,"s_as,b_p,b_b,b_dr",CharlieParker,K.C.Blues
82.198639455,106.34739229,solo_02_01,"s_tp,b_p,b_b,b_dr",CharlieParker,K.C.Blues
106.34739229,130.263945578,solo_02_02,"s_tp,b_p,b_b,b_dr",CharlieParker,K.C.Blues
130.263945578,154.134058956,solo_03_01,"s_p,b_b,b_dr",CharlieParker,K.C.Blues
154.134058956,178.004172335,solo_04_01,"s_as,b_p,b_b,b_dr",CharlieParker,K.C.Blues
178.004172335,203.731882085,theme_02_01,"as,p,b,dr",CharlieParker,K.C.Blues
203.731882085,206.8,silence,,CharlieParker,K.C.Blues
0.0,0.261224489,silence,,CharlieParker,Ko-Ko
0.261224489,25.306122448,intro,"tp,as,dr",CharlieParker,Ko-Ko
25.306122448,50.873469387,theme_01_01,"as,p,b,dr",CharlieParker,Ko-Ko
50.873469387,76.408163265,solo_01_01,"s_as,b_p,b_b,b_dr",CharlieParker,Ko-Ko
76.408163265,101.942857142,solo_01_02,"s_as,b_p,b_b,b_dr",CharlieParker,Ko-Ko
101.942857142,127.73877551,solo_01_03,"s_as,b_p,b_b,b_dr",CharlieParker,Ko-Ko
127.73877551,150.008163265,solo_02_01,s_dr,CharlieParker,Ko-Ko
150.008163265,173.485714285,outro,"tp,as,dr",CharlieParker,Ko-Ko
173.485714285,176.52,silence,,CharlieParker,Ko-Ko
0.0,0.212244897,silence,,CharlieParker,MyLittleSuedeShoes
0.212244897,13.224489795,intro,"cga,bgo,dr",CharlieParker,MyLittleSuedeShoes
13.224489795,39.526530612,theme_01_01,"as,p,b,dr,cga,bgo",CharlieParker,MyLittleSuedeShoes
39.526530612,65.208163265,theme_01_02,"as,p,b,dr,cga,bgo",CharlieParker,MyLittleSuedeShoes
65.208163265,92.375510204,solo_01_01,"s_as,b_p,b_b,b_dr,b_cga,b_bgo",CharlieParker,MyLittleSuedeShoes
92.375510204,118.595918367,solo_01_02,"s_as,b_p,b_b,b_dr,b_cga,b_bgo",CharlieParker,MyLittleSuedeShoes
118.595918367,144.881632653,solo_02_01,"s_p,b_b,b_dr,b_cga,b_bgo",CharlieParker,MyLittleSuedeShoes
144.881632653,169.289795918,theme_02_01,"as,p,b,dr,cga,bgo",CharlieParker,MyLittleSuedeShoes
169.289795918,182.465306122,outro,"as,p,b,dr,cga,bgo",CharlieParker,MyLittleSuedeShoes
182.465306122,186.57333333333327,silence,,CharlieParker,MyLittleSuedeShoes
0.0,0.195918367,silence,,CharlieParker,Ornithology
0.195918367,4.342857142,intro,dr,CharlieParker,Ornithology
4.342857142,39.575510204,theme_01_01,"as,as,tp,p,b,dr",CharlieParker,Ornithology
39.575510204,74.579591836,solo_01_01,"s_as,b_p,b_b,b_dr",CharlieParker,Ornithology
74.579591836,108.930612244,solo_02_01,"s_tp,b_p,b_b,b_dr",CharlieParker,Ornithology
108.930612244,142.791836734,solo_03_01,"s_as,b_p,b_b,b_dr",CharlieParker,Ornithology
142.791836734,177.69795918199998,theme_02_01,"as,as,tp,p,b,dr",CharlieParker,Ornithology
177.69795918199998,181.2,silence,,CharlieParker,Ornithology
0.0,0.30185941,silence,,CharlieParker,OutOfNowhere
0.30185941,13.966802721,intro,p,CharlieParker,OutOfNowhere
13.966802721,41.494058956,theme_01_01,"as,p,b,dr",CharlieParker,OutOfNowhere
41.494058956,69.497324263,theme_01_02,"as,p,b,dr",CharlieParker,OutOfNowhere
69.497324263,98.673197278,solo_01_01,"s_as,b_p,b_b,b_dr",CharlieParker,OutOfNowhere
98.673197278,127.570430839,solo_01_02,"s_as,b_p,b_b,b_dr",CharlieParker,OutOfNowhere
127.570430839,157.210702947,solo_02_01,"s_tp,b_p,b_b,b_dr",CharlieParker,OutOfNowhere
157.210702947,184.319999999,theme_02_01,"tp,as,p,b,dr",CharlieParker,OutOfNowhere
184.319999999,187.53333333333333,silence,,CharlieParker,OutOfNowhere
0.0,0.255419501,silence,,CharlieParker,ScrappleFromTheApple
0.255419501,10.263219954,intro,"p,b,dr",CharlieParker,ScrappleFromTheApple
10.263219954,49.179863945,theme_01_01,"as,tp,p,b,dr",CharlieParker,ScrappleFromTheApple
49.179863945,88.537687074,solo_01_01,"s_as,b_p,b_b,b_dr",CharlieParker,ScrappleFromTheApple
88.537687074,127.361451247,solo_02_01,"s_tp,b_p,b_b,b_dr",CharlieParker,ScrappleFromTheApple
127.361451247,166.463854875,theme_02_01,"p,b,as,tp,dr",CharlieParker,ScrappleFromTheApple
166.463854875,176.750294784,outro,"p,b,dr",CharlieParker,ScrappleFromTheApple
176.750294784,180.25333333333333,silence,,CharlieParker,ScrappleFromTheApple
0.0,0.208979591,silence,,CharlieParker,StarEyes
0.208979591,7.89478458,intro,"as,p,b,dr",CharlieParker,StarEyes
7.89478458,37.337687074,theme_01_01,"as,p,b,dr",CharlieParker,StarEyes
37.337687074,73.9323356,theme_01_02,"as,p,b,dr",CharlieParker,StarEyes
73.9323356,102.167800453,solo_01_01,"s_as,b_p,b_b,b_dr",CharlieParker,StarEyes
102.167800453,138.576689342,solo_01_02,"s_as,b_p,b_b,b_dr",CharlieParker,StarEyes
138.576689342,166.997913832,solo_02_01,"s_p,b_b,b_dr",CharlieParker,StarEyes
166.997913832,200.991927437,theme_02_01,"as,p,b,dr",CharlieParker,StarEyes
200.991927437,207.121995464,outro,"as,p,b,dr",CharlieParker,StarEyes
207.121995464,209.96,silence,,CharlieParker,StarEyes
0.0,0.228571428,silence,,CharlieParker,Steeplechase
0.228571428,5.518367346,intro,"p,b,dr",CharlieParker,Steeplechase
5.518367346,27.265306122,theme_01_01,"as,tp,p,b,dr",CharlieParker,Steeplechase
27.265306122,48.653061224,theme_01_02,"as,tp,p,b,dr",CharlieParker,Steeplechase
48.653061224,70.530612244,solo_01_01,"s_as,b_p,b_b,b_dr",CharlieParker,Steeplechase
70.530612244,92.734693877,solo_01_02,"s_as,b_p,b_b,b_dr",CharlieParker,Steeplechase
92.734693877,114.253061224,solo_02_01,"s_tp,b_p,b_b,b_dr",CharlieParker,Steeplechase
114.253061224,137.534693877,solo_02_02,"s_tp,b_p,b_b,b_dr",CharlieParker,Steeplechase
137.534693877,159.575510204,solo_03_01,"s_p,b_b,b_dr",CharlieParker,Steeplechase
159.575510204,182.465306122,theme_02_01,"as,tp,p,b,dr",CharlieParker,Steeplechase
182.465306122,185.8,silence,,CharlieParker,Steeplechase
0.0,0.232199546,silence,,CharlieParker,ThrivingOnARiff
0.232199546,4.342131519,intro,p,CharlieParker,ThrivingOnARiff
4.342131519,38.405804988,solo_01_01,"s_tp,b_p,b_b,b_dr",CharlieParker,ThrivingOnARiff
38.405804988,72.608798185,solo_02_01,"s_as,b_p,b_b,b_dr",CharlieParker,ThrivingOnARiff
72.608798185,106.184852607,solo_02_02,"s_as,b_p,b_b,b_dr",CharlieParker,ThrivingOnARiff
106.184852607,139.900226757,solo_03_01,"s_p,b_b,b_dr",CharlieParker,ThrivingOnARiff
139.900226757,174.590839001,theme_01_01,"as,tp,p,b,dr",CharlieParker,ThrivingOnARiff
174.590839001,177.58666666666667,silence,,CharlieParker,ThrivingOnARiff
0.0,0.208979591,silence,,CharlieParker,YardbirdSuite
0.208979591,9.404081632,intro,"p,b,dr",CharlieParker,YardbirdSuite
9.404081632,46.277369614,theme_01_01,"ts,as,tp,p,g,b,dr",CharlieParker,YardbirdSuite
46.277369614,82.709478458,solo_01_01,"s_ts,b_p,b_g,b_b,b_dr",CharlieParker,YardbirdSuite
82.709478458,118.932607709,solo_02_01,"s_tp,s_as,b_p,b_g,b_b,b_dr",CharlieParker,YardbirdSuite
118.932607709,155.225396825,solo_03_01,"s_as,s_g,b_p,b_b,b_dr",CharlieParker,YardbirdSuite
155.225396825,173.174421768,outro,"p,ts,as,tp,g,b,dr",CharlieParker,YardbirdSuite
173.174421768,176.26666666666668,silence,,CharlieParker,YardbirdSuite
0.0,0.023219954,silence,,ChetBaker,IFallInLoveTooEasily
0.023219954,56.633469387,theme_01_01,"voc,p,b,dr",ChetBaker,IFallInLoveTooEasily
56.633469387,115.705034013,solo_01_01,"s_tp,b_p,b_b,b_dr",ChetBaker,IFallInLoveTooEasily
115.705034013,176.401995464,solo_02_01,"s_p,s_voc,b_b,b_dr",ChetBaker,IFallInLoveTooEasily
176.401995464,196.789115645,outro,"tp,p,b,dr",ChetBaker,IFallInLoveTooEasily
196.789115645,198.92,silence,,ChetBaker,IFallInLoveTooEasily
0.0,0.255419501,silence,,ChetBaker,JustFriends
0.255419501,13.955192743,intro,"tp,p,b,dr",ChetBaker,JustFriends
13.955192743,55.402811791,theme_01_01,"voc,p,b,dr",ChetBaker,JustFriends
55.402811791,95.851972789,solo_01_01,"s_tp,b_p,b_b,b_dr",ChetBaker,JustFriends
95.851972789,137.229931972,solo_02_01,"s_tp,s_p,b_b,b_dr",ChetBaker,JustFriends
137.229931972,161.053605441,theme_02_01,"voc,tp,p,b,dr",ChetBaker,JustFriends
161.053605441,163.05333333333334,silence,,ChetBaker,JustFriends
0.0,0.208979591,silence,,ChetBaker,Let'sGetLost
0.208979591,13.305034013,intro,"p,b,dr",ChetBaker,Let'sGetLost
13.305034013,64.133514739,theme_01_01,"tp,p,b,dr",ChetBaker,Let'sGetLost
64.133514739,114.474376417,theme_01_02,"voc,p,b,dr",ChetBaker,Let'sGetLost
114.474376417,163.213061224,solo_01_01,"s_tp,b_p,b_b,b_dr",ChetBaker,Let'sGetLost
163.213061224,221.704126983,theme_02_01,"p,voc,b,dr",ChetBaker,Let'sGetLost
221.704126983,223.6266666666667,silence,,ChetBaker,Let'sGetLost
0.0,0.092879818,silence,,ChetBaker,LongAgoAndFarAway
0.092879818,11.354557823,intro,"tp,p,b,dr",ChetBaker,LongAgoAndFarAway
11.354557823,55.14739229,theme_01_01,"tp,p,b,dr",ChetBaker,LongAgoAndFarAway
55.14739229,98.731247165,solo_01_01,"s_tp,b_p,b_b,b_dr",ChetBaker,LongAgoAndFarAway
98.731247165,141.618503401,theme_02_01,"voc,p,b,dr",ChetBaker,LongAgoAndFarAway
141.618503401,183.948480725,solo_02_01,"s_p,b_b,b_dr",ChetBaker,LongAgoAndFarAway
183.948480725,238.167074829,theme_03_01,"tp,p,voc,b,dr",ChetBaker,LongAgoAndFarAway
238.167074829,240.3265306122449,silence,,ChetBaker,LongAgoAndFarAway
0.0,0.065306122,silence,,ChetBaker,ThereWillNeverBeAnotherYou
0.065306122,6.448979591,intro,tp,ChetBaker,ThereWillNeverBeAnotherYou
6.448979591,29.289795918,theme_01_01,"tp,p,b,dr",ChetBaker,ThereWillNeverBeAnotherYou
29.289795918,52.228571428,theme_01_02,"tp,p,b,dr",ChetBaker,ThereWillNeverBeAnotherYou
52.228571428,74.546938775,solo_01_01,"s_voc,s_tp,b_p,b_b,b_dr",ChetBaker,ThereWillNeverBeAnotherYou
74.546938775,97.061224489,solo_01_02,"s_voc,b_p,b_b,b_dr",ChetBaker,ThereWillNeverBeAnotherYou
97.061224489,119.771428571,solo_01_03,"s_voc,s_tp,b_p,b_b,b_dr",ChetBaker,ThereWillNeverBeAnotherYou
119.771428571,143.428571428,solo_02_01,"s_tp,b_p,b_b,b_dr",ChetBaker,ThereWillNeverBeAnotherYou
143.428571428,175.591836734,solo_03_01,"s_voc,b_p,b_b,b_dr",ChetBaker,ThereWillNeverBeAnotherYou
175.591836734,177.52,silence,,ChetBaker,ThereWillNeverBeAnotherYou
0.0,0.424489795,silence,,ChrisPotter,Anthropology
0.424489795,32.065306122,theme_01_01,"ts,p,b,dr",ChrisPotter,Anthropology
32.065306122,63.183673469,solo_01_01,"s_ts,b_p,b_b,b_dr",ChrisPotter,Anthropology
63.183673469,94.563265306,solo_01_02,"s_ts,b_p,b_b,b_dr",ChrisPotter,Anthropology
94.563265306,125.746938775,solo_01_03,"s_ts,b_p,b_b,b_dr",ChrisPotter,Anthropology
125.746938775,157.289795918,solo_01_04,"s_ts,b_p,b_b,b_dr",ChrisPotter,Anthropology
157.289795918,188.179591836,solo_02_01,"s_p,b_b,b_dr",ChrisPotter,Anthropology
188.179591836,218.41632653,solo_02_02,"s_p,b_b,b_dr",ChrisPotter,Anthropology
218.41632653,248.326530612,solo_02_03,"s_p,b_b,b_dr",ChrisPotter,Anthropology
248.326530612,278.595918367,solo_03_01,"s_ts,s_p,s_dr,b_b",ChrisPotter,Anthropology
278.595918367,308.179591836,solo_03_02,"s_ts,s_p,s_dr,b_b",ChrisPotter,Anthropology
308.179591836,338.71020408,theme_02_01,"ts,p,b,dr",ChrisPotter,Anthropology
338.71020408,343.9020408163265,silence,,ChrisPotter,Anthropology
0.0,4.086712018,silence,,ChrisPotter,Arjuna
4.086712018,140.27755102,intro,"ts,g,key,b,dr",ChrisPotter,Arjuna
140.27755102,254.171428571,theme_01_01,"ts,g,key,b,dr",ChrisPotter,Arjuna
254.171428571,350.302040816,solo_01_01,"s_g,b_key,b_b,b_dr",ChrisPotter,Arjuna
350.302040816,481.175510204,solo_01_02,"s_g,b_key,b_b,b_dr",ChrisPotter,Arjuna
481.175510204,601.86122449,solo_02_01,"s_ts,b_key,b_g,b_b,b_dr",ChrisPotter,Arjuna
601.86122449,755.983673469,solo_02_02,"s_ts,b_key,b_g,b_b,b_dr",ChrisPotter,Arjuna
755.983673469,873.273469387,theme_02_01,"ts,g,key,b,dr",ChrisPotter,Arjuna
873.273469387,881.0666666666667,silence,,ChrisPotter,Arjuna
0.0,0.130612244,silence,,ChrisPotter,InASentimentalMood
0.130612244,28.995918367,intro,ts,ChrisPotter,InASentimentalMood
28.995918367,93.322448979,theme_01_01,"ts,p,b,dr",ChrisPotter,InASentimentalMood
93.322448979,166.987755102,theme_01_02,"ts,p,b,dr",ChrisPotter,InASentimentalMood
166.987755102,237.910204081,solo_01_01,"s_p,b_b,b_dr",ChrisPotter,InASentimentalMood
237.910204081,314.514285714,solo_01_02,"s_p,b_b,b_dr",ChrisPotter,InASentimentalMood
314.514285714,382.759183673,solo_02_01,"s_ts,b_p,b_b,b_dr",ChrisPotter,InASentimentalMood
382.759183673,421.159183673,solo_02_02,"s_ts,b_p,b_b,b_dr",ChrisPotter,InASentimentalMood
421.159183673,507.559183673,theme_02_01,"ts,p,b,dr",ChrisPotter,InASentimentalMood
507.559183673,549.7541950113379,silence,,ChrisPotter,InASentimentalMood
0.0,2.873469387,silence,,ChrisPotter,PopTune#1
2.873469387,49.959183673,intro,"ts,key,g,dr",ChrisPotter,PopTune#1
49.959183673,95.73877551,theme_01_01,"ts,key,g,dr",ChrisPotter,PopTune#1
95.73877551,128.653061224,theme_01_02,"ts,key,g,dr",ChrisPotter,PopTune#1
128.653061224,174.236734693,solo_01_01,"s_g,b_key,b_dr",ChrisPotter,PopTune#1
174.236734693,219.559183673,solo_01_02,"s_g,b_key,b_dr",ChrisPotter,PopTune#1
219.559183673,263.575510204,solo_01_03,"s_g,b_key,b_dr",ChrisPotter,PopTune#1
263.575510204,309.420408163,solo_01_04,"s_g,b_key,b_dr",ChrisPotter,PopTune#1
309.420408163,354.481632653,solo_01_05,"s_g,b_key,b_dr",ChrisPotter,PopTune#1
354.481632653,387.395918367,theme_02_01,"ts,key,g,dr",ChrisPotter,PopTune#1
387.395918367,432.979591836,solo_02_01,"s_ts,b_key,b_dr",ChrisPotter,PopTune#1
432.979591836,485.224489795,solo_02_02,"s_ts,b_g,b_key,b_dr",ChrisPotter,PopTune#1
485.224489795,529.763265306,solo_02_03,"s_ts,b_g,b_key,b_dr",ChrisPotter,PopTune#1
529.763265306,574.040816326,solo_02_04,"s_ts,b_g,b_key,b_dr",ChrisPotter,PopTune#1
574.040816326,617.926530612,solo_02_05,"s_ts,b_g,b_key,b_dr",ChrisPotter,PopTune#1
617.926530612,662.073469387,solo_02_06,"s_ts,b_g,b_key,b_dr",ChrisPotter,PopTune#1
662.073469387,697.2081632640001,solo_02_07,"s_ts,b_g,b_key,b_dr",ChrisPotter,PopTune#1
697.2081632640001,715.4933333333333,silence,,ChrisPotter,PopTune#1
0.0,0.457142857,silence,,ChrisPotter,Rumples
0.457142857,29.257142857,intro,"ts,g,key,dr",ChrisPotter,Rumples
29.257142857,88.359183673,theme_01_01,"ts,g,key,dr",ChrisPotter,Rumples
88.359183673,144.783673469,solo_01_01,"s_g,b_key,b_dr",ChrisPotter,Rumples
144.783673469,201.469387755,solo_01_02,"s_g,b_key,b_dr",ChrisPotter,Rumples
201.469387755,257.828571428,solo_01_03,"s_g,s_ts,b_key,b_dr",ChrisPotter,Rumples
257.828571428,315.559183673,solo_02_01,"s_ts,b_g,b_key,b_dr",ChrisPotter,Rumples
315.559183673,372.506122448,solo_02_01,"s_ts,b_g,b_key,b_dr",ChrisPotter,Rumples
372.506122448,427.885714284,theme_02_01,"ts,g,key,dr",ChrisPotter,Rumples
427.885714284,434.6993197278912,silence,,ChrisPotter,Rumples
0.0,0.457142857,silence,,ChrisPotter,Togo
0.457142857,61.648979591,intro,"bcl,dr",ChrisPotter,Togo
61.648979591,124.865306122,theme_01_02,"bcl,g,key,dr",ChrisPotter,Togo
124.865306122,192.457142857,solo_01_01,"s_key,b_g,b_bcl,b_dr",ChrisPotter,Togo
192.457142857,268.146938775,solo_01_02,"s_key,b_g,b_bcl,b_dr",ChrisPotter,Togo
268.146938775,335.804081632,solo_01_03,"s_key,b_g,b_bcl,b_dr",ChrisPotter,Togo
335.804081632,406.334693877,solo_01_04,"s_key,b_g,b_bcl,b_dr",ChrisPotter,Togo
406.334693877,468.506122448,solo_01_05,"s_key,b_g,b_bcl,b_dr",ChrisPotter,Togo
468.506122448,524.669387755,solo_02_01,"s_ts,b_key,b_g,b_dr",ChrisPotter,Togo
524.669387755,577.828571428,solo_02_02,"s_ts,b_key,b_g,b_dr",ChrisPotter,Togo
577.828571428,629.681632653,solo_02_03,"s_ts,b_key,b_g,b_dr",ChrisPotter,Togo
629.681632653,680.489795918,solo_02_04,"s_ts,b_key,b_g,b_dr",ChrisPotter,Togo
680.489795918,734.824489795,theme_02_01,"ts,g,key,dr",ChrisPotter,Togo
734.824489795,775.4266666666666,silence,,ChrisPotter,Togo
0.0,0.510839002,silence,,ChuBerry,BodyAndSoul
0.510839002,12.794195011,intro,"g,b",ChuBerry,BodyAndSoul
12.794195011,107.94956916,theme_01_01,"as,p,g,b,dr",ChuBerry,BodyAndSoul
107.94956916,169.598548752,solo_01_01,"s_tp,b_p,b_g,b_b,b_dr",ChuBerry,BodyAndSoul
169.598548752,231.317188207,theme_02_01,"as,tp,p,g,b,dr",ChuBerry,BodyAndSoul
231.317188207,236.53333333333333,silence,,ChuBerry,BodyAndSoul
0.0,1.114557823,silence,,CliffordBrown,Daahoud
1.114557823,37.918185941,theme_01_01,"tp,ts,p,b,dr",CliffordBrown,Daahoud
37.918185941,70.008163265,solo_01_01,"s_tp,b_p,b_b,b_dr",CliffordBrown,Daahoud
70.008163265,101.564081632,solo_01_02,"s_tp,b_p,b_b,b_dr",CliffordBrown,Daahoud
101.564081632,132.516281179,solo_02_01,"s_p,b_b,b_dr",CliffordBrown,Daahoud
132.516281179,162.725442176,solo_03_01,"s_ts,b_p,b_b,b_dr",CliffordBrown,Daahoud
162.725442176,193.654421768,solo_04_01,s_dr,CliffordBrown,Daahoud
193.654421768,231.711927437,theme_02_01,"tp,ts,p,b,dr",CliffordBrown,Daahoud
231.711927437,239.746031745,outro,"tp,ts,p,b,dr",CliffordBrown,Daahoud
239.746031745,243.13333333333333,silence,,CliffordBrown,Daahoud
0.0,0.195918367,silence,,CliffordBrown,George'sDilemma
0.195918367,19.722448979,intro,"dr,b,p",CliffordBrown,George'sDilemma
19.722448979,44.473469387,theme_01_01,"tp,ts,p,b,dr",CliffordBrown,George'sDilemma
44.473469387,70.269387755,theme_01_02,"tp,ts,p,b,dr",CliffordBrown,George'sDilemma
70.269387755,94.759183673,solo_01_01,"s_tp,b_p,b_b,b_dr",CliffordBrown,George'sDilemma
94.759183673,119.510204081,solo_01_02,"s_tp,b_p,b_b,b_dr",CliffordBrown,George'sDilemma
119.510204081,144.391836734,solo_01_03,"s_tp,b_p,b_b,b_dr",CliffordBrown,George'sDilemma
144.391836734,169.404081632,solo_01_04,"s_tp,b_p,b_b,b_dr",CliffordBrown,George'sDilemma
169.404081632,194.873469387,solo_02_01,"s_ts,b_p,b_b,b_dr",CliffordBrown,George'sDilemma
194.873469387,220.604081632,solo_02_02,"s_ts,b_p,b_b,b_dr",CliffordBrown,George'sDilemma
220.604081632,245.485714285,solo_03_01,"s_p,b_b,b_dr",CliffordBrown,George'sDilemma
245.485714285,270.302040816,solo_03_02,"s_p,b_b,b_dr",CliffordBrown,George'sDilemma
270.302040816,295.379591836,theme_02_01,"tp,ts,p,b,dr",CliffordBrown,George'sDilemma
295.379591836,321.110204081,theme_02_02,"tp,ts,p,b,dr",CliffordBrown,George'sDilemma
321.110204081,331.951020407,outro,"dr,b,p",CliffordBrown,George'sDilemma
331.951020407,336.6533333333333,silence,,CliffordBrown,George'sDilemma
0.0,0.261224489,silence,,CliffordBrown,I'llRememberApril-AlternateTake2
0.261224489,15.020408163,intro,"dr,p,b",CliffordBrown,I'llRememberApril-AlternateTake2
15.020408163,43.75510204,theme_01_01,"tp,ts,p,b,dr",CliffordBrown,I'llRememberApril-AlternateTake2
43.75510204,72.751020408,theme_01_02,"tp,ts,p,b,dr",CliffordBrown,I'llRememberApril-AlternateTake2
72.751020408,102.269387755,theme_01_03,"tp,ts,p,b,dr",CliffordBrown,I'llRememberApril-AlternateTake2
102.269387755,129.828571428,theme_01_04,"tp,ts,p,b,dr",CliffordBrown,I'llRememberApril-AlternateTake2
129.828571428,156.212244897,solo_01_01,"s_tp,b_p,b_b,b_dr",CliffordBrown,I'llRememberApril-AlternateTake2
156.212244897,182.465306122,solo_01_02,"s_tp,b_p,b_b,b_dr",CliffordBrown,I'llRememberApril-AlternateTake2
182.465306122,208.457142857,solo_01_03,"s_tp,b_p,b_b,b_dr",CliffordBrown,I'llRememberApril-AlternateTake2
208.457142857,236.01632653,solo_02_01,"s_ts,b_p,b_b,b_dr",CliffordBrown,I'llRememberApril-AlternateTake2
236.01632653,260.832653061,solo_02_02,"s_ts,b_p,b_b,b_dr",CliffordBrown,I'llRememberApril-AlternateTake2
260.832653061,286.693877551,solo_02_03,"s_ts,b_p,b_b,b_dr",CliffordBrown,I'llRememberApril-AlternateTake2
286.693877551,313.730612244,solo_03_01,"s_p,b_b,b_dr",CliffordBrown,I'llRememberApril-AlternateTake2
313.730612244,339.983673469,solo_03_02,"s_p,b_b,b_dr",CliffordBrown,I'llRememberApril-AlternateTake2
339.983673469,365.191836734,solo_03_03,"s_p,b_b,b_dr",CliffordBrown,I'llRememberApril-AlternateTake2
365.191836734,388.310204081,solo_04_01,s_dr,CliffordBrown,I'llRememberApril-AlternateTake2
388.310204081,411.428571428,solo_04_02,s_dr,CliffordBrown,I'llRememberApril-AlternateTake2
411.428571428,431.412244897,solo_04_03,s_dr,CliffordBrown,I'llRememberApril-AlternateTake2
431.412244897,456.620408163,solo_05_01,"s_ts,s_tp,b_p,b_b,b_dr",CliffordBrown,I'llRememberApril-AlternateTake2
456.620408163,481.697959183,solo_05_02,"s_ts,s_tp,b_p,b_b,b_dr",CliffordBrown,I'llRememberApril-AlternateTake2
481.697959183,505.991836734,solo_05_03,"s_ts,s_tp,b_p,b_b,b_dr",CliffordBrown,I'llRememberApril-AlternateTake2
505.991836734,531.458321995,theme_02_01,"tp,ts,p,b,dr",CliffordBrown,I'llRememberApril-AlternateTake2
531.458321995,543.439818594,theme_02_02,"tp,ts,p,b,dr",CliffordBrown,I'llRememberApril-AlternateTake2
543.439818594,574.74031746,outro,"tp,ts,p,b,dr",CliffordBrown,I'llRememberApril-AlternateTake2
574.74031746,581.0,silence,,CliffordBrown,I'llRememberApril-AlternateTake2
0.0,0.653061224,silence,,CliffordBrown,I'llRememberApril
0.653061224,22.726530612,intro,"dr,p,b",CliffordBrown,I'llRememberApril
22.726530612,48.065306122,theme_01_01,"tp,ts,p,b,dr",CliffordBrown,I'llRememberApril
48.065306122,75.493877551,theme_01_02,"tp,ts,p,b,dr",CliffordBrown,I'llRememberApril
75.493877551,102.922448979,theme_01_03,"tp,ts,p,b,dr",CliffordBrown,I'llRememberApril
102.922448979,129.959183673,solo_01_01,"s_tp,b_p,b_b,b_dr",CliffordBrown,I'llRememberApril
129.959183673,156.865306122,solo_01_02,"s_tp,b_p,b_b,b_dr",CliffordBrown,I'llRememberApril
156.865306122,183.118367346,solo_01_03,"s_tp,b_p,b_b,b_dr",CliffordBrown,I'llRememberApril
183.118367346,209.763265306,solo_02_01,"s_ts,b_p,b_b,b_dr",CliffordBrown,I'llRememberApril
209.763265306,237.191836734,solo_02_02,"s_ts,b_p,b_b,b_dr",CliffordBrown,I'llRememberApril
237.191836734,263.183673469,solo_02_03,"s_ts,b_p,b_b,b_dr",CliffordBrown,I'llRememberApril
263.183673469,290.612244897,solo_03_01,"s_p,b_b,b_dr",CliffordBrown,I'llRememberApril
290.612244897,315.036734693,solo_03_02,"s_p,b_b,b_dr",CliffordBrown,I'llRememberApril
315.036734693,340.506122448,solo_03_03,"s_p,b_b,b_dr",CliffordBrown,I'llRememberApril
340.506122448,364.8,solo_04_01,s_dr,CliffordBrown,I'llRememberApril
364.8,387.787755102,solo_04_02,s_dr,CliffordBrown,I'llRememberApril
387.787755102,410.514285714,solo_04_03,s_dr,CliffordBrown,I'llRememberApril
410.514285714,435.330612244,solo_05_01,"s_tp,s_ts,b_p,b_b,b_dr",CliffordBrown,I'llRememberApril
435.330612244,460.669387755,solo_05_02,"s_tp,s_ts,b_p,b_b,b_dr",CliffordBrown,I'llRememberApril
460.669387755,485.224489795,solo_05_03,"s_tp,s_ts,b_p,b_b,b_dr",CliffordBrown,I'llRememberApril
485.224489795,510.824489795,theme_02_01,"tp,ts,p,b,dr",CliffordBrown,I'llRememberApril
510.824489795,534.465306122,theme_02_02,"tp,ts,p,b,dr",CliffordBrown,I'llRememberApril
534.465306122,553.404081632,outro,"tp,ts,p,b,dr",CliffordBrown,I'llRememberApril
553.404081632,558.92,silence,,CliffordBrown,I'llRememberApril
0.0,2.205895691,silence,,CliffordBrown,Jordu
2.205895691,57.121088435,theme_01_01,"tp,ts,p,b,dr",CliffordBrown,Jordu
57.121088435,112.198820861,solo_01_01,"s_tp,b_p,b_b,b_dr",CliffordBrown,Jordu
112.198820861,167.810612244,solo_01_02,"s_tp,b_p,b_b,b_dr",CliffordBrown,Jordu
167.810612244,223.817142857,solo_02_01,"s_ts,b_p,b_b,b_dr",CliffordBrown,Jordu
223.817142857,280.938231292,solo_03_01,"s_p,b_b,b_dr",CliffordBrown,Jordu
280.938231292,335.87664399,solo_04_01,"s_ts,s_tp,s_dr,b_p,b_b",CliffordBrown,Jordu
335.87664399,390.002358276,solo_05_01,s_dr,CliffordBrown,Jordu
390.002358276,461.543038548,theme_02_01,"tp,ts,p,b,dr",CliffordBrown,Jordu
461.543038548,464.3066666666667,silence,,CliffordBrown,Jordu
0.0,0.255419501,silence,,CliffordBrown,JoySpring
0.255419501,11.818956916,intro,"p,dr",CliffordBrown,JoySpring
11.818956916,57.79446712,theme_01_01,"tp,ts,p,b,dr",CliffordBrown,JoySpring
57.79446712,105.093514739,solo_01_01,"s_ts,b_p,b_b,b_dr",CliffordBrown,JoySpring
105.093514739,151.672743764,solo_02_01,"s_tp,b_p,b_b,b_dr",CliffordBrown,JoySpring
151.672743764,200.434648526,solo_02_02,"s_tp,b_p,b_b,b_dr",CliffordBrown,JoySpring
200.434648526,248.476734693,solo_03_01,"s_p,b_b,b_dr",CliffordBrown,JoySpring
248.476734693,295.845442176,solo_04_01,"s_dr,s_tp,s_p,s_ts,b_b",CliffordBrown,JoySpring
295.845442176,341.426213151,solo_04_02,s_dr,CliffordBrown,JoySpring
341.426213151,352.502131519,intro,"p,dr",CliffordBrown,JoySpring
352.502131519,408.299682539,theme_02_01,"tp,ts,p,b,dr",CliffordBrown,JoySpring
408.299682539,417.5866666666666,silence,,CliffordBrown,JoySpring
0.0,0.208979591,silence,,CliffordBrown,Sandu
0.208979591,43.235555555,theme_01_01,"tp,ts,p,b,dr",CliffordBrown,Sandu
43.235555555,84.752834467,solo_01_01,"s_tp,b_p,b_b,b_dr",CliffordBrown,Sandu
84.752834467,125.991473922,solo_02_01,"s_ts,b_p,b_b,b_dr",CliffordBrown,Sandu
125.991473922,167.624852607,solo_03_01,"s_p,b_b,b_dr",CliffordBrown,Sandu
167.624852607,208.677732426,solo_03_02,"s_p,s_dr,b_b",CliffordBrown,Sandu
208.677732426,248.174875283,solo_04_01,s_dr,CliffordBrown,Sandu
248.174875283,292.339229024,theme_02_01,"tp,ts,p,b,dr",CliffordBrown,Sandu
292.339229024,296.9866666666667,silence,,CliffordBrown,Sandu
0.0,0.208979591,silence,,CliffordBrown,Stompin'AtTheSavoy
0.208979591,6.315827664,intro,"p,b,dr",CliffordBrown,Stompin'AtTheSavoy
6.315827664,52.616417233,theme_01_01,"tp,ts,p,b,dr",CliffordBrown,Stompin'AtTheSavoy
52.616417233,99.40462585,solo_01_01,"s_ts,b_p,b_b,b_dr",CliffordBrown,Stompin'AtTheSavoy
99.40462585,146.355374149,solo_02_01,"s_p,b_b,b_dr",CliffordBrown,Stompin'AtTheSavoy
146.355374149,193.073922902,solo_03_01,"s_tp,b_p,b_b,b_dr",CliffordBrown,Stompin'AtTheSavoy
193.073922902,239.862131519,solo_03_02,"s_tp,b_p,b_b,b_dr",CliffordBrown,Stompin'AtTheSavoy
239.862131519,285.489342403,solo_04_01,s_dr,CliffordBrown,Stompin'AtTheSavoy
285.489342403,329.9323356,solo_04_02,s_dr,CliffordBrown,Stompin'AtTheSavoy
329.9323356,380.876916098,theme_02_01,"tp,ts,p,b,dr",CliffordBrown,Stompin'AtTheSavoy
380.876916098,383.72,silence,,CliffordBrown,Stompin'AtTheSavoy
0.0,0.139319727,silence,,ColemanHawkins,BodyAndSoul
0.139319727,9.984580498,intro,p,ColemanHawkins,BodyAndSoul
9.984580498,90.859682539,theme_01_01,"ts,p,b,dr",ColemanHawkins,BodyAndSoul
90.859682539,178.70077097400002,solo_01_01,"s_ts,b_p,b_b,b_dr",ColemanHawkins,BodyAndSoul
178.70077097400002,181.36,silence,,ColemanHawkins,BodyAndSoul
0.0,0.417959183,silence,,ColemanHawkins,It'sOnlyAPapermoon
0.417959183,7.755464852,intro,"p,b,dr",ColemanHawkins,It'sOnlyAPapermoon
7.755464852,65.062312925,theme_01_01,"tb,ts,p,b,dr",ColemanHawkins,It'sOnlyAPapermoon
65.062312925,122.53170068,solo_01_01,"s_ts,b_p,b_b,b_dr",ColemanHawkins,It'sOnlyAPapermoon
122.53170068,180.024308389,theme_02_01,"tb,ts,p,b,dr",ColemanHawkins,It'sOnlyAPapermoon
180.024308389,182.41333333333333,silence,,ColemanHawkins,It'sOnlyAPapermoon
0.0,1.230657596,silence,,ColemanHawkins,MyBlueHeaven
1.230657596,59.234104308,theme_01_01,"tb,p,g,b,dr",ColemanHawkins,MyBlueHeaven
59.234104308,117.492970521,solo_01_01,"s_ts,b_p,b_g,b_b,b_dr",ColemanHawkins,MyBlueHeaven
117.492970521,176.030476189,theme_02_01,"tb,p,g,b,dr",ColemanHawkins,MyBlueHeaven
176.030476189,179.61333333333334,silence,,ColemanHawkins,MyBlueHeaven
0.0,0.139319727,silence,,ColemanHawkins,Perdido
0.139319727,11.029478458,intro,"tp,ts,p,b,dr",ColemanHawkins,Perdido
11.029478458,53.336235827,theme_01_01,"tp,ts,g,p,b,dr",ColemanHawkins,Perdido
53.336235827,97.314829931,solo_01_01,"s_ts,b_p,b_b,b_dr",ColemanHawkins,Perdido
97.314829931,140.805804988,solo_01_02,"s_ts,b_p,b_b,b_dr",ColemanHawkins,Perdido
140.805804988,184.064580498,solo_02_01,"s_tp,b_p,b_b,b_dr",ColemanHawkins,Perdido
184.064580498,226.464217687,solo_02_02,"s_tp,b_ts,b_p,b_b,b_dr",ColemanHawkins,Perdido
226.464217687,266.634739229,theme_02_01,"tp,ts,g,p,b,dr",ColemanHawkins,Perdido
266.634739229,276.805079365,outro,"tp,ts,g,p,b,dr",ColemanHawkins,Perdido
276.805079365,279.8666666666667,silence,,ColemanHawkins,Perdido
0.0,0.255419501,silence,,ColemanHawkins,SophisticatedLady
0.255419501,13.722993197,intro,"p,b,dr",ColemanHawkins,SophisticatedLady
13.722993197,69.191836734,theme_01_01,"ts,p,b,dr",ColemanHawkins,SophisticatedLady
69.191836734,126.302040816,solo_01_01,"s_ts,b_p,b_b,b_dr",ColemanHawkins,SophisticatedLady
126.302040816,188.440816326,solo_01_02,"s_ts,b_p,b_b,b_dr",ColemanHawkins,SophisticatedLady
188.440816326,190.82666666666665,silence,,ColemanHawkins,SophisticatedLady
0.0,0.487619047,silence,,ColemanHawkins,Stompin'AtTheSavoy
0.487619047,6.757006802,intro,p,ColemanHawkins,Stompin'AtTheSavoy
6.757006802,38.452244897,theme_01_01,"tp,tb,ts,p,b,dr",ColemanHawkins,Stompin'AtTheSavoy
38.452244897,69.102585034,solo_01_01,"s_ts,b_p,b_dr",ColemanHawkins,Stompin'AtTheSavoy
69.102585034,99.75292517,solo_01_02,"s_ts,b_p,b_dr",ColemanHawkins,Stompin'AtTheSavoy
99.75292517,130.681904761,solo_02_01,"s_tp,b_p,b_b,b_dr",ColemanHawkins,Stompin'AtTheSavoy
130.681904761,161.49478458,solo_02_02,"s_tp,b_p,b_b,b_dr",ColemanHawkins,Stompin'AtTheSavoy
161.49478458,192.191564625,solo_03_01,"s_tb,b_p,b_b,b_dr",ColemanHawkins,Stompin'AtTheSavoy
192.191564625,223.120544217,solo_03_02,"s_tb,b_p,b_b,b_dr",ColemanHawkins,Stompin'AtTheSavoy
223.120544217,253.283265306,solo_04_01,"s_p,b_b,b_dr",ColemanHawkins,Stompin'AtTheSavoy
253.283265306,283.422766439,solo_04_02,"s_p,b_b,b_dr",ColemanHawkins,Stompin'AtTheSavoy
283.422766439,313.562267573,solo_05_01,"s_b,b_p,b_dr",ColemanHawkins,Stompin'AtTheSavoy
313.562267573,343.283809523,solo_05_02,"s_dr,b_b,b_p",ColemanHawkins,Stompin'AtTheSavoy
343.283809523,376.279365078,theme_02_01,"tp,tb,ts,p,b,dr",ColemanHawkins,Stompin'AtTheSavoy
376.279365078,379.06666666666666,silence,,ColemanHawkins,Stompin'AtTheSavoy
0.0,0.278639455,silence,,Dave Holland,TakeTheColtrane
0.278639455,25.031111111,theme_01_01,"as,b,dr",Dave Holland,TakeTheColtrane
25.031111111,49.783582766,solo_01_01,"s_as,b_b,b_dr",Dave Holland,TakeTheColtrane
49.783582766,73.003537414,solo_01_02,"s_as,b_b,b_dr",Dave Holland,TakeTheColtrane
73.003537414,97.245170068,solo_01_03,"s_as,b_b,b_dr",Dave Holland,TakeTheColtrane
97.245170068,121.254603174,solo_01_04,"s_as,b_b,b_dr",Dave Holland,TakeTheColtrane
121.254603174,147.30739229,solo_01_05,"s_as,b_b,b_dr",Dave Holland,TakeTheColtrane
147.30739229,171.920544217,solo_01_06,"s_as,b_b,b_dr",Dave Holland,TakeTheColtrane
171.920544217,196.487256235,solo_01_07,"s_as,b_b,b_dr",Dave Holland,TakeTheColtrane
196.487256235,221.657687074,solo_02_01,"s_b,b_dr",Dave Holland,TakeTheColtrane
221.657687074,248.964353741,solo_02_02,"s_b,b_dr",Dave Holland,TakeTheColtrane
248.964353741,275.574421768,solo_02_03,"s_b,b_dr",Dave Holland,TakeTheColtrane
275.574421768,299.583854875,solo_03_01,"s_as,s_dr,b_b",Dave Holland,TakeTheColtrane
299.583854875,323.732607709,solo_03_02,"s_as,s_dr,b_b",Dave Holland,TakeTheColtrane
323.732607709,350.269387755,solo_03_03,"s_as,s_dr,b_b",Dave Holland,TakeTheColtrane
350.269387755,383.053061224,theme_02_01,"as,b,dr",Dave Holland,TakeTheColtrane
383.053061224,387.7866666666667,silence,,Dave Holland,TakeTheColtrane
0.0,0.092879818,silence,,DaveHolland,DoubleVision
0.092879818,22.569795918,theme_01_01,"tp,ss,tb,b,dr",DaveHolland,DoubleVision
22.569795918,45.603990929,theme_01_02,"tp,ss,tb,b,dr",DaveHolland,DoubleVision
45.603990929,71.33170068,solo_01_01,"s_tp,b_b,b_dr",DaveHolland,DoubleVision
71.33170068,97.523809523,solo_01_02,"s_tp,b_b,b_dr",DaveHolland,DoubleVision
97.523809523,123.158639455,solo_01_03,"s_tp,b_b,b_dr",DaveHolland,DoubleVision
123.158639455,147.722448979,solo_01_04,"s_tp,b_ss,b_tb,b_b,b_dr",DaveHolland,DoubleVision
147.722448979,173.453061224,theme_02_01,"tp,ss,tb,b,dr",DaveHolland,DoubleVision
173.453061224,198.530612244,solo_02_01,"s_ss,b_b,b_dr",DaveHolland,DoubleVision
198.530612244,223.412244897,solo_02_02,"s_ss,b_b,b_dr",DaveHolland,DoubleVision
223.412244897,247.640816326,solo_02_03,"s_ss,b_b,b_dr",DaveHolland,DoubleVision
247.640816326,268.669387755,solo_02_04,"s_ss,b_b,b_dr",DaveHolland,DoubleVision
268.669387755,292.179591836,solo_02_05,"s_ss,b_b,b_dr",DaveHolland,DoubleVision
292.179591836,318.236734693,solo_02_06,"s_ss,b_b,b_dr",DaveHolland,DoubleVision
318.236734693,344.751020408,solo_02_07,"s_ss,b_b,b_dr",DaveHolland,DoubleVision
344.751020408,371.395918367,solo_02_08,"s_ss,b_tp,b_tb,b_b,b_dr",DaveHolland,DoubleVision
371.395918367,395.689795918,theme_03_01,"tp,ss,tb,b,dr",DaveHolland,DoubleVision
395.689795918,424.620408162,theme_03_02,"tp,ss,tb,b,dr",DaveHolland,DoubleVision
424.620408162,429.2,silence,,DaveHolland,DoubleVision
0.0,0.243809523,silence,,DaveHolland,Processional
0.243809523,24.206802721,intro,"g,as,b,dr",DaveHolland,Processional
24.206802721,59.26893424,theme_01_01,"as,g,b,dr",DaveHolland,Processional
59.26893424,93.355827664,solo_01_01,"s_as,b_g,b_b,b_dr",DaveHolland,Processional
93.355827664,128.42956916,solo_01_02,"s_as,b_g,b_b,b_dr",DaveHolland,Processional
128.42956916,163.096961451,solo_01_03,"s_as,b_g,b_b,b_dr",DaveHolland,Processional
163.096961451,198.031383219,solo_02_01,"s_b,b_g,b_dr",DaveHolland,Processional
198.031383219,232.408526077,solo_02_02,"s_b,b_g,b_dr",DaveHolland,Processional
232.408526077,267.969886621,solo_02_03,"s_b,b_g,b_dr",DaveHolland,Processional
267.969886621,302.997188208,solo_03_01,"s_g,b_b,b_dr",DaveHolland,Processional
302.997188208,336.468752834,solo_03_02,"s_g,b_b,b_dr",DaveHolland,Processional
336.468752834,368.372970521,solo_03_03,"s_g,b_b,b_dr",DaveHolland,Processional
368.372970521,402.715283446,theme_02_01,"as,g,b,dr",DaveHolland,Processional
402.715283446,432.912834466,theme_02_02,"as,g,b,dr",DaveHolland,Processional
432.912834466,441.92,silence,,DaveHolland,Processional
0.0,0.464399092,silence,,DaveHolland,Segment
0.464399092,32.043537414,theme_01_01,"as,b,dr",DaveHolland,Segment
32.043537414,64.458594104,solo_01_01,"s_as,b_b,b_dr",DaveHolland,Segment
64.458594104,97.430929705,solo_01_02,"s_as,b_b,b_dr",DaveHolland,Segment
97.430929705,129.381587301,solo_01_03,"s_as,b_b,b_dr",DaveHolland,Segment
129.381587301,162.818321995,solo_01_04,"s_as,b_b,b_dr",DaveHolland,Segment
162.818321995,194.676099773,solo_01_05,"s_as,b_b,b_dr",DaveHolland,Segment
194.676099773,224.862040816,solo_02_01,"s_b,b_dr",DaveHolland,Segment
224.862040816,254.583582766,solo_02_02,"s_b,b_dr",DaveHolland,Segment
254.583582766,283.933605442,solo_02_03,"s_b,b_as,b_dr",DaveHolland,Segment
283.933605442,315.048344671,solo_03_01,"s_as,b_dr",DaveHolland,Segment
315.048344671,347.091882086,solo_03_02,"s_as,b_b,b_dr",DaveHolland,Segment
347.091882086,389.630839002,theme_02_01,"as,b,dr",DaveHolland,Segment
389.630839002,395.14666666666665,silence,,DaveHolland,Segment
0.0,0.522448979,silence,,DaveHolland,TheOracle
0.522448979,29.72154195,intro,g,DaveHolland,TheOracle
29.72154195,96.595011337,solo_01_01,"s_as,b_g,b_dr",DaveHolland,TheOracle
96.595011337,162.725442176,solo_01_02,"s_as,b_g,b_dr",DaveHolland,TheOracle
162.725442176,224.397641723,solo_01_03,"s_as,b_g,b_dr",DaveHolland,TheOracle
224.397641723,298.057142857,theme_01_01,"as,g,b,dr",DaveHolland,TheOracle
298.057142857,367.281632653,solo_02_01,"s_g,b_as,b_b,b_dr",DaveHolland,TheOracle
367.281632653,437.812244897,solo_02_02,"s_g,b_b,b_dr",DaveHolland,TheOracle
437.812244897,499.2,solo_02_03,"s_g,b_b,b_dr",DaveHolland,TheOracle
499.2,561.632653061,solo_03_01,"s_b,b_g,b_dr",DaveHolland,TheOracle
561.632653061,627.2,solo_03_02,"s_b,b_g,b_dr",DaveHolland,TheOracle
627.2,684.930612244,solo_04_01,"s_as,b_g,b_b,b_dr",DaveHolland,TheOracle
684.930612244,745.012244897,solo_04_02,"s_as,b_g,b_b,b_dr",DaveHolland,TheOracle
745.012244897,802.742857142,solo_04_03,"s_as,b_g,b_b,b_dr",DaveHolland,TheOracle
802.742857142,834.089795918,theme_02_01,"as,g,b,dr",DaveHolland,TheOracle
834.089795918,877.191836734,outro,"g,b,dr",DaveHolland,TheOracle
877.191836734,877.96,silence,,DaveHolland,TheOracle
0.0,1.436734693,silence,,DavidLiebman,BeginTheBeguine
1.436734693,33.567346938,intro,"ss,b,dr",DavidLiebman,BeginTheBeguine
33.567346938,66.089795918,theme_01_01,"ss,b,dr",DavidLiebman,BeginTheBeguine
66.089795918,99.134693877,theme_01_02,"ss,b,dr",DavidLiebman,BeginTheBeguine
99.134693877,132.179591836,theme_01_03,"ss,b,dr",DavidLiebman,BeginTheBeguine
132.179591836,165.224489795,theme_01_04,"ss,b,dr",DavidLiebman,BeginTheBeguine
165.224489795,198.269387755,theme_01_05,"ss,b,dr",DavidLiebman,BeginTheBeguine
198.269387755,239.412244897,theme_01_06,"ss,b,dr",DavidLiebman,BeginTheBeguine
239.412244897,279.382494331,solo_01_01,"s_ss,b_b,b_dr",DavidLiebman,BeginTheBeguine
279.382494331,320.249614512,solo_01_02,"s_ss,b_b,b_dr",DavidLiebman,BeginTheBeguine
320.249614512,352.943310657,theme_02_01,"ss,b,dr",DavidLiebman,BeginTheBeguine
352.943310657,393.438911564,theme_02_02,"ss,b,dr",DavidLiebman,BeginTheBeguine
393.438911564,456.225668933,outro,"ss,b,dr",DavidLiebman,BeginTheBeguine
456.225668933,461.4280045351474,silence,,DavidLiebman,BeginTheBeguine
0.0,0.653061224,silence,,DavidLiebman,Day&Nite
0.653061224,33.044897959,theme_01_01,"ss,p,b,dr",DavidLiebman,Day&Nite
33.044897959,64.130612244,theme_01_02,"ss,p,b,dr",DavidLiebman,Day&Nite
64.130612244,96.391836734,solo_01_01,"s_ss,b_p,b_b,b_dr",DavidLiebman,Day&Nite
96.391836734,127.673469387,solo_01_02,"s_ss,b_p,b_b,b_dr",DavidLiebman,Day&Nite
127.673469387,159.47755102,solo_01_03,"s_ss,b_p,b_b,b_dr",DavidLiebman,Day&Nite
159.47755102,191.151020408,solo_01_04,"s_ss,b_p,b_b,b_dr",DavidLiebman,Day&Nite
191.151020408,221.583673469,solo_01_05,"s_ss,b_p,b_b,b_dr",DavidLiebman,Day&Nite
221.583673469,252.604081632,solo_01_06,"s_ss,b_p,b_b,b_dr",DavidLiebman,Day&Nite
252.604081632,288.914285713,theme_02_01,"ss,p,b,dr",DavidLiebman,Day&Nite
288.914285713,295.0,silence,,DavidLiebman,Day&Nite
0.0,1.240816326,silence,,DavidLiebman,I'veGotYouUnderMySkin
1.240816326,16.718367346,intro,"ss,b,dr",DavidLiebman,I'veGotYouUnderMySkin
16.718367346,70.530612244,theme_01_01,"ss,b,dr",DavidLiebman,I'veGotYouUnderMySkin
70.530612244,123.344399092,solo_01_01,"s_ss,b_b,b_dr",DavidLiebman,I'veGotYouUnderMySkin
123.344399092,175.171337868,solo_01_02,"s_ss,b_b,b_dr",DavidLiebman,I'veGotYouUnderMySkin
175.171337868,227.369795918,solo_01_03,"s_ss,b_b,b_dr",DavidLiebman,I'veGotYouUnderMySkin
227.369795918,278.267936507,solo_02_01,"s_dr,s_ss,b_b",DavidLiebman,I'veGotYouUnderMySkin
278.267936507,328.051519274,solo_02_02,"s_dr,s_ss,b_b",DavidLiebman,I'veGotYouUnderMySkin
328.051519274,388.980680272,theme_01_01,"ss,b,dr",DavidLiebman,I'veGotYouUnderMySkin
388.980680272,441.736417233,outro,"ss,b,dr",DavidLiebman,I'veGotYouUnderMySkin
441.736417233,449.2026984126984,silence,,DavidLiebman,I'veGotYouUnderMySkin
0.0,2.089795918,silence,,DavidLiebman,Milestones
2.089795918,10.187755102,intro,dr,DavidLiebman,Milestones
10.187755102,41.142857142,theme_01_01,"ss,p,b,dr",DavidLiebman,Milestones
41.142857142,73.273469387,solo_01_01,"s_p,b_b,b_dr",DavidLiebman,Milestones
73.273469387,103.967346938,solo_01_02,"s_p,b_b,b_dr",DavidLiebman,Milestones
103.967346938,134.008163265,solo_01_03,"s_p,b_b,b_dr",DavidLiebman,Milestones
134.008163265,162.612244897,solo_02_01,"s_ss,b_p,b_b,b_dr",DavidLiebman,Milestones
162.612244897,196.048979591,solo_02_02,"s_ss,b_p,b_b,b_dr",DavidLiebman,Milestones
196.048979591,226.220408163,solo_02_03,"s_ss,b_p,b_b,b_dr",DavidLiebman,Milestones
226.220408163,261.61632653,solo_03_01,"s_dr,b_p,b_b",DavidLiebman,Milestones
261.61632653,295.836734693,solo_03_02,s_dr,DavidLiebman,Milestones
295.836734693,338.677551019,theme_02_01,"ss,p,b,dr",DavidLiebman,Milestones
338.677551019,346.7504535147392,silence,,DavidLiebman,Milestones
0.0,0.743038548,silence,,DavidLiebman,Nica'sDream
0.743038548,56.09941043,intro,"ss,p,b,dr",DavidLiebman,Nica'sDream
56.09941043,117.58585034,theme_01_01,"ss,p,b,dr",DavidLiebman,Nica'sDream
117.58585034,168.228571428,solo_01_01,"s_ss,b_p,b_b,b_dr",DavidLiebman,Nica'sDream
168.228571428,218.906122448,solo_01_02,"s_ss,b_p,b_b,b_dr",DavidLiebman,Nica'sDream
218.906122448,261.746938775,theme_02_01,"p,b,dr",DavidLiebman,Nica'sDream
261.746938775,310.073469387,solo_02_01,"s_p,b_b,b_dr",DavidLiebman,Nica'sDream
310.073469387,356.571428571,solo_02_02,"s_p,b_b,b_dr",DavidLiebman,Nica'sDream
356.571428571,402.546938775,theme_03_01,"ss,p,b,dr",DavidLiebman,Nica'sDream
402.546938775,448.783673469,theme_03_02,"ss,p,b,dr",DavidLiebman,Nica'sDream
448.783673469,474.122448979,outro,"ss,p,b,dr",DavidLiebman,Nica'sDream
474.122448979,480.0271882086168,silence,,DavidLiebman,Nica'sDream
0.0,1.30031746,silence,,DavidLiebman,NoGreaterLove
1.30031746,41.273469387,intro,"ts,p",DavidLiebman,NoGreaterLove
41.273469387,113.777777777,theme_01_01,"ts,p,b,dr",DavidLiebman,NoGreaterLove
113.777777777,186.688435374,solo_01_01,"s_p,b_b,b_dr",DavidLiebman,NoGreaterLove
186.688435374,264.881632653,solo_01_02,"s_p,b_b,b_dr",DavidLiebman,NoGreaterLove
264.881632653,337.432380952,solo_02_01,"s_ts,b_p,b_b,b_dr",DavidLiebman,NoGreaterLove
337.432380952,407.649523809,solo_03_01,"s_b,b_p,b_dr",DavidLiebman,NoGreaterLove
407.649523809,491.148480725,theme_02_01,"ts,p,b,dr",DavidLiebman,NoGreaterLove
491.148480725,501.6826984126984,silence,,DavidLiebman,NoGreaterLove
0.0,0.587755102,silence,,DavidLiebman,Pablo'sStory
0.587755102,133.551020408,intro,"fl,p,b,dr",DavidLiebman,Pablo'sStory
133.551020408,160.457142857,theme_01_01,"ss,p,b,dr",DavidLiebman,Pablo'sStory
160.457142857,186.906122448,theme_01_02,"ss,p,b,dr",DavidLiebman,Pablo'sStory
186.906122448,214.204081632,theme_01_03,"ss,p,b,dr",DavidLiebman,Pablo'sStory
214.204081632,241.306122448,solo_01_01,"s_ss,b_p,b_b,b_dr",DavidLiebman,Pablo'sStory
241.306122448,267.853061224,solo_01_02,"s_ss,b_p,b_b,b_dr",DavidLiebman,Pablo'sStory
267.853061224,294.073469387,solo_01_03,"s_ss,b_p,b_b,b_dr",DavidLiebman,Pablo'sStory
294.073469387,320.457142857,solo_01_04,"s_ss,b_p,b_b,b_dr",DavidLiebman,Pablo'sStory
320.457142857,346.93877551,solo_01_05,"s_ss,b_p,b_b,b_dr",DavidLiebman,Pablo'sStory
346.93877551,373.257142857,solo_01_06,"s_ss,b_p,b_b,b_dr",DavidLiebman,Pablo'sStory
373.257142857,419.199999999,theme_02_01,"ss,p,b,dr",DavidLiebman,Pablo'sStory
419.199999999,425.9066666666667,silence,,DavidLiebman,Pablo'sStory
0.0,0.557278911,silence,,DavidLiebman,Pendulum
0.557278911,32.693696145,theme_01_01,"ss,p,b,dr",DavidLiebman,Pendulum
32.693696145,66.107210884,theme_01_02,"ss,p,b,dr",DavidLiebman,Pendulum
66.107210884,98.382947845,solo_01_01,"s_ss,b_p,b_b,b_dr",DavidLiebman,Pendulum
98.382947845,130.449705215,solo_01_02,"s_ss,b_p,b_b,b_dr",DavidLiebman,Pendulum
130.449705215,162.539682539,solo_01_03,"s_ss,b_p,b_b,b_dr",DavidLiebman,Pendulum
162.539682539,192.284444444,solo_01_04,"s_ss,b_p,b_b,b_dr",DavidLiebman,Pendulum
192.284444444,222.28462585,solo_01_05,"s_ss,b_p,b_b,b_dr",DavidLiebman,Pendulum
222.28462585,253.00462585,theme_02_01,"ss,p,b,dr",DavidLiebman,Pendulum
253.00462585,294.638004534,theme_02_02,"ss,p,b,dr",DavidLiebman,Pendulum
294.638004534,301.0933333333333,silence,,DavidLiebman,Pendulum
0.0,0.60371882,silence,,DavidLiebman,Ralph'sPianoWaltz
0.60371882,8.870022675,intro,"g,b,dr",DavidLiebman,Ralph'sPianoWaltz
8.870022675,37.082267573,theme_01_01,"g,b,dr",DavidLiebman,Ralph'sPianoWaltz
37.082267573,64.853333333,theme_01_02,"g,b,dr",DavidLiebman,Ralph'sPianoWaltz
64.853333333,90.000544217,solo_01_01,"s_g,b_b,b_dr",DavidLiebman,Ralph'sPianoWaltz
90.000544217,115.58893424,solo_01_02,"s_g,b_b,b_dr",DavidLiebman,Ralph'sPianoWaltz
115.58893424,142.384761904,solo_01_03,"s_g,b_b,b_dr",DavidLiebman,Ralph'sPianoWaltz
142.384761904,168.0892517,solo_02_01,"s_b,b_g,b_dr",DavidLiebman,Ralph'sPianoWaltz
168.0892517,192.841723356,solo_02_02,"s_b,b_g,b_dr",DavidLiebman,Ralph'sPianoWaltz
192.841723356,217.710294784,theme_02_01,"g,b,dr",DavidLiebman,Ralph'sPianoWaltz
217.710294784,243.855963718,theme_02_02,"g,b,dr",DavidLiebman,Ralph'sPianoWaltz
243.855963718,267.168798185,theme_02_03,"g,b,dr",DavidLiebman,Ralph'sPianoWaltz
267.168798185,284.467664398,outro,"g,b,dr",DavidLiebman,Ralph'sPianoWaltz
284.467664398,292.0,silence,,DavidLiebman,Ralph'sPianoWaltz
0.0,0.261224489,silence,,DavidLiebman,SecretLove
0.261224489,34.873469387,intro,"ts,p,g,b,dr",DavidLiebman,SecretLove
34.873469387,78.367346938,theme_01_01,"ts,p,g,b,dr",DavidLiebman,SecretLove
78.367346938,121.33877551,solo_01_01,"s_ts,b_p,b_b,b_dr",DavidLiebman,SecretLove
121.33877551,163.657142857,solo_01_02,"s_ts,b_p,b_b,b_dr",DavidLiebman,SecretLove
163.657142857,205.191836734,solo_01_03,"s_ts,b_g,b_p,b_b,b_dr",DavidLiebman,SecretLove
205.191836734,246.595918367,solo_02_01,"s_g,b_p,b_b,b_dr",DavidLiebman,SecretLove
246.595918367,288.130612244,solo_02_02,"s_g,b_p,b_b,b_dr",DavidLiebman,SecretLove
288.130612244,326.530612244,solo_02_03,"s_g,b_p,b_b,b_dr",DavidLiebman,SecretLove
326.530612244,368.587755102,solo_03_01,"s_p,b_b,b_dr",DavidLiebman,SecretLove
368.587755102,407.510204081,solo_03_02,"s_p,b_b,b_dr",DavidLiebman,SecretLove
407.510204081,448.261224489,solo_03_03,"s_p,b_b,b_dr",DavidLiebman,SecretLove
448.261224489,490.448979591,solo_04_01,"s_dr,b_ts,b_g,b_p,b_dr",DavidLiebman,SecretLove
490.448979591,533.942857142,theme_02_01,"ts,p,g,b,dr",DavidLiebman,SecretLove
533.942857142,588.2775510189999,outro,"ts,p,g,b,dr",DavidLiebman,SecretLove
588.2775510189999,596.167596371882,silence,,DavidLiebman,SecretLove
0.0,0.587755102,silence,,DavidLiebman,SoftlyAsInAMorningSunrise
0.587755102,61.453061224,theme_01_01,"ss,p,b,dr",DavidLiebman,SoftlyAsInAMorningSunrise
61.453061224,120.751020408,solo_01_01,"s_ss,b_p,b_b,b_dr",DavidLiebman,SoftlyAsInAMorningSunrise
120.751020408,179.330612244,solo_01_02,"s_ss,b_p,b_b,b_dr",DavidLiebman,SoftlyAsInAMorningSunrise
179.330612244,237.61632653,solo_01_03,"s_ss,b_p,b_b,b_dr",DavidLiebman,SoftlyAsInAMorningSunrise
237.61632653,267.461224489,theme_02_01,"ss,p,b,dr",DavidLiebman,SoftlyAsInAMorningSunrise
267.461224489,272.0,silence,,DavidLiebman,SoftlyAsInAMorningSunrise
0.0,0.391836734,silence,,DavidLiebman,ThereWillNeverBeAnotherYou
0.391836734,12.636734693,intro,dr,DavidLiebman,ThereWillNeverBeAnotherYou
12.636734693,61.61632653,theme_01_01,"ts,b,dr",DavidLiebman,ThereWillNeverBeAnotherYou
61.61632653,113.469387755,solo_01_01,"s_ts,b_b,b_dr",DavidLiebman,ThereWillNeverBeAnotherYou
113.469387755,163.232653061,solo_01_02,"s_ts,b_b,b_dr",DavidLiebman,ThereWillNeverBeAnotherYou
163.232653061,213.35510204,solo_01_03,"s_ts,b_b,b_dr",DavidLiebman,ThereWillNeverBeAnotherYou
213.35510204,265.208163265,solo_02_01,"s_b,b_ts,b_dr",DavidLiebman,ThereWillNeverBeAnotherYou
265.208163265,312.718367346,solo_03_01,s_dr,DavidLiebman,ThereWillNeverBeAnotherYou
312.718367346,379.559183672,theme_02_01,"ts,b,dr",DavidLiebman,ThereWillNeverBeAnotherYou
379.559183672,383.8704535147392,silence,,DavidLiebman,ThereWillNeverBeAnotherYou
0.0,0.348299319,silence,,DavidMurray,AskMeNow
0.348299319,54.172154195,theme_01_01,"ts,p",DavidMurray,AskMeNow
54.172154195,108.367528344,theme_01_02,"ts,p",DavidMurray,AskMeNow
108.367528344,163.677460317,solo_01_01,s_p,DavidMurray,AskMeNow
163.677460317,221.750566893,solo_02_01,"s_ts,b_p",DavidMurray,AskMeNow
221.750566893,291.61941043,theme_02_01,"ts,p",DavidMurray,AskMeNow
291.61941043,294.53333333333336,silence,,DavidMurray,AskMeNow
0.0,0.928798185,silence,,DavidMurray,BluesForTwo
0.928798185,16.904126984,intro,p,DavidMurray,BluesForTwo
16.904126984,67.802267573,theme_01_01,"ts,p",DavidMurray,BluesForTwo
67.802267573,118.328888888,theme_01_02,"ts,p",DavidMurray,BluesForTwo
118.328888888,167.555192743,solo_01_01,"s_ts,b_p",DavidMurray,BluesForTwo
167.555192743,215.295419501,solo_01_02,"s_ts,b_p",DavidMurray,BluesForTwo
215.295419501,259.691972789,solo_01_03,"s_ts,b_p",DavidMurray,BluesForTwo
259.691972789,307.80371882,solo_01_04,"s_ts,b_p",DavidMurray,BluesForTwo
307.80371882,355.729705215,solo_01_05,"s_ts,b_p",DavidMurray,BluesForTwo
355.729705215,400.31201814,solo_02_01,s_p,DavidMurray,BluesForTwo
400.31201814,442.850975056,solo_02_02,s_p,DavidMurray,BluesForTwo
442.850975056,488.362086167,solo_03_01,"s_ts,s_p",DavidMurray,BluesForTwo
488.362086167,494.3333333333333,silence,,DavidMurray,BluesForTwo
0.0,0.510839002,silence,,DavidMurray,BodyAndSoul
0.510839002,124.017777777,theme_01_01,"ts,p",DavidMurray,BodyAndSoul
124.017777777,240.024671201,solo_01_01,"s_ts,b_p",DavidMurray,BodyAndSoul
240.024671201,360.164716553,solo_02_01,"s_p,s_ts",DavidMurray,BodyAndSoul
360.164716553,408.090702947,outro,"ts,p",DavidMurray,BodyAndSoul
408.090702947,413.0933333333333,silence,,DavidMurray,BodyAndSoul
0.0,5.410249433,silence,,DavidMurray,ChelseaBridge
5.410249433,78.994285714,theme_01_01,"ts,p",DavidMurray,ChelseaBridge
78.994285714,151.672743764,theme_01_02,"ts,p",DavidMurray,ChelseaBridge
151.672743764,225.512199546,solo_01_01,"s_ts,b_p",DavidMurray,ChelseaBridge
225.512199546,296.379501133,solo_01_02,"s_ts,b_p",DavidMurray,ChelseaBridge
296.379501133,363.972789115,solo_02_01,s_p,DavidMurray,ChelseaBridge
363.972789115,446.101768706,theme_02_01,"ts,p",DavidMurray,ChelseaBridge
446.101768706,449.4666666666666,silence,,DavidMurray,ChelseaBridge
0.0,1.110204081,silence,,DexterGordon,CheeseCake
1.110204081,10.057142857,intro,"b,dr",DexterGordon,CheeseCake
10.057142857,71.706122448,theme_01_01,"ts,p,b,dr",DexterGordon,CheeseCake
71.706122448,133.35510204,solo_01_01,"s_ts,b_p,b_b,b_dr",DexterGordon,CheeseCake
133.35510204,194.93877551,solo_01_02,"s_ts,b_p,b_b,b_dr",DexterGordon,CheeseCake
194.93877551,253.518367346,solo_02_01,"s_p,b_b,b_dr",DexterGordon,CheeseCake
253.518367346,313.33877551,solo_03_01,"s_ts,b_p,b_b,b_dr",DexterGordon,CheeseCake
313.33877551,390.073469387,theme_02_01,"ts,p,b,dr",DexterGordon,CheeseCake
390.073469387,393.73333333333335,silence,,DexterGordon,CheeseCake
0.0,0.244897959,silence,,DexterGordon,Dextivity
0.244897959,10.008163265,intro,"tp,ts,p,b,dr",DexterGordon,Dextivity
10.008163265,30.040816326,theme_01_01,"tp,ts,p,b,dr",DexterGordon,Dextivity
30.040816326,50.15510204,theme_01_02,"tp,ts,p,b,dr",DexterGordon,Dextivity
50.15510204,70.775510204,solo_01_01,"s_ts,b_p,b_b,b_dr",DexterGordon,Dextivity
70.775510204,90.661224489,solo_01_02,"s_ts,b_p,b_b,b_dr",DexterGordon,Dextivity
90.661224489,111.902040816,solo_01_03,"s_ts,b_p,b_b,b_dr",DexterGordon,Dextivity
111.902040816,132.55510204,solo_01_04,"s_ts,b_p,b_b,b_dr",DexterGordon,Dextivity
132.55510204,153.387755102,solo_02_01,"s_tp,b_p,b_b,b_dr",DexterGordon,Dextivity
153.387755102,176.359183673,theme_02_01,"ts,tp,p,b,dr",DexterGordon,Dextivity
176.359183673,176.8,silence,,DexterGordon,Dextivity
0.0,0.587755102,silence,,DexterGordon,Montmartre
0.587755102,10.448979591,intro,dr,DexterGordon,Montmartre
10.448979591,59.036734693,theme_01_01,"ts1,ts2,p,b,dr",DexterGordon,Montmartre
59.036734693,96.914285714,solo_01_01,"s_ts1,b_p,b_b,b_dr",DexterGordon,Montmartre
96.914285714,134.791836734,solo_01_02,"s_ts1,b_p,b_b,b_dr",DexterGordon,Montmartre
134.791836734,171.885714285,solo_01_03,"s_ts1,b_p,b_b,b_dr",DexterGordon,Montmartre
171.885714285,210.024489795,solo_01_04,"s_ts1,b_p,b_b,b_dr",DexterGordon,Montmartre
210.024489795,246.334693877,solo_02_01,"s_ts2,b_p,b_b,b_dr",DexterGordon,Montmartre
246.334693877,283.167346938,solo_02_02,"s_ts2,b_p,b_b,b_dr",DexterGordon,Montmartre
283.167346938,319.47755102,solo_02_03,"s_ts2,b_p,b_b,b_dr",DexterGordon,Montmartre
319.47755102,355.787755102,solo_02_04,"s_ts2,b_p,b_b,b_dr",DexterGordon,Montmartre
355.787755102,392.620408163,solo_02_05,"s_ts2,b_p,b_b,b_dr",DexterGordon,Montmartre
392.620408163,428.146938775,solo_03_01,"s_p,b_b,b_dr",DexterGordon,Montmartre
428.146938775,465.240816326,solo_03_02,"s_p,b_b,b_dr",DexterGordon,Montmartre
465.240816326,501.812244897,solo_03_03,"s_p,b_b,b_dr",DexterGordon,Montmartre
501.812244897,538.122448979,solo_04_01,"s_b,b_p,b_dr",DexterGordon,Montmartre
538.122448979,573.648979591,solo_04_02,"s_b,b_p,b_dr",DexterGordon,Montmartre
573.648979591,609.959183673,solo_05_01,"s_ts1,s_ts2,s_dr,b_p,b_b",DexterGordon,Montmartre
609.959183673,654.106122448,theme_02_01,"ts1,ts2,p,b,dr",DexterGordon,Montmartre
654.106122448,660.92,silence,,DexterGordon,Montmartre
0.0,0.371519274,silence,,DexterGordon,Society Red
0.371519274,25.263310657,theme_01_01,"tp,ts,p,b,dr",DexterGordon,Society Red
25.263310657,50.15510204,theme_01_02,"tp,ts,p,b,dr",DexterGordon,Society Red
50.15510204,75.789931972,theme_01_03,"tp,ts,p,b,dr",DexterGordon,Society Red
75.789931972,101.05324263,solo_01_01,"s_tp,b_p,b_b,b_dr",DexterGordon,Society Red
101.05324263,126.502312925,solo_01_02,"s_tp,b_p,b_b,b_dr",DexterGordon,Society Red
126.502312925,151.951383219,solo_01_03,"s_tp,b_p,b_b,b_dr",DexterGordon,Society Red
151.951383219,177.214693877,solo_01_04,"s_tp,b_p,b_b,b_dr",DexterGordon,Society Red
177.214693877,202.478004535,solo_01_05,"s_tp,b_p,b_b,b_dr",DexterGordon,Society Red
202.478004535,227.741315192,solo_01_06,"s_tp,b_p,b_b,b_dr",DexterGordon,Society Red
227.741315192,253.376145124,solo_02_01,"s_ts,b_p,b_b,b_dr",DexterGordon,Society Red
253.376145124,278.639455782,solo_02_02,"s_ts,b_p,b_b,b_dr",DexterGordon,Society Red
278.639455782,304.460045351,solo_02_03,"s_ts,b_p,b_b,b_dr",DexterGordon,Society Red
304.460045351,329.723356009,solo_02_04,"s_ts,b_p,b_b,b_dr",DexterGordon,Society Red
329.723356009,354.986666666,solo_02_05,"s_ts,b_p,b_b,b_dr",DexterGordon,Society Red
354.986666666,380.249977324,solo_02_06,"s_ts,b_p,b_b,b_dr",DexterGordon,Society Red
380.249977324,405.699047619,solo_02_07,"s_ts,b_p,b_b,b_dr",DexterGordon,Society Red
405.699047619,431.891156462,solo_02_08,"s_ts,b_p,b_b,b_dr",DexterGordon,Society Red
431.891156462,456.225668934,solo_02_09,"s_ts,b_p,b_b,b_dr",DexterGordon,Society Red
456.225668934,481.674739229,solo_02_10,"s_ts,b_p,b_b,b_dr",DexterGordon,Society Red
481.674739229,507.123809523,solo_03_01,"s_p,b_b,b_dr",DexterGordon,Society Red
507.123809523,532.758639455,solo_03_02,"s_p,b_b,b_dr",DexterGordon,Society Red
532.758639455,558.20770975,solo_03_03,"s_p,b_b,b_dr",DexterGordon,Society Red
558.20770975,583.842539682,solo_03_04,"s_p,b_b,b_dr",DexterGordon,Society Red
583.842539682,609.291609977,solo_03_05,"s_p,b_b,b_dr",DexterGordon,Society Red
609.291609977,634.740680272,solo_04_01,"s_b,b_p,b_dr",DexterGordon,Society Red
634.740680272,659.818231292,solo_04_02,"s_b,b_p,b_dr",DexterGordon,Society Red
659.818231292,684.895782312,solo_04_03,"s_b,b_p,b_dr",DexterGordon,Society Red
684.895782312,709.973333333,theme_02_01,"tp,ts,p,b,dr",DexterGordon,Society Red
709.973333333,739.88063492,theme_02_02,"tp,ts,p,b,dr",DexterGordon,Society Red
739.88063492,745.0644897959183,silence,,DexterGordon,Society Red
0.0,0.261224489,silence,,DexterGordon,StanleyTheSteamer
0.261224489,32.507936507,theme_01_01,"ts,p,b,dr",DexterGordon,StanleyTheSteamer
32.507936507,64.830113378,theme_01_02,"ts,p,b,dr",DexterGordon,StanleyTheSteamer
64.830113378,96.780770975,solo_01_01,"s_ts,b_p,b_b,b_dr",DexterGordon,StanleyTheSteamer
96.780770975,129.102947845,solo_01_02,"s_ts,b_p,b_b,b_dr",DexterGordon,StanleyTheSteamer
129.102947845,159.939047619,solo_01_03,"s_ts,b_p,b_b,b_dr",DexterGordon,StanleyTheSteamer
159.939047619,192.446984126,solo_01_04,"s_ts,b_p,b_b,b_dr",DexterGordon,StanleyTheSteamer
192.446984126,224.211882086,solo_01_05,"s_ts,b_p,b_b,b_dr",DexterGordon,StanleyTheSteamer
224.211882086,255.233741496,solo_02_01,"s_p,b_b,b_dr",DexterGordon,StanleyTheSteamer
255.233741496,287.21632653,solo_02_02,"s_p,b_b,b_dr",DexterGordon,StanleyTheSteamer
287.21632653,316.473469387,solo_03_01,"s_p,s_b,b_dr",DexterGordon,StanleyTheSteamer
316.473469387,347.820408163,solo_03_02,"s_b,b_p,b_dr",DexterGordon,StanleyTheSteamer
347.820408163,377.33877551,solo_04_01,"s_ts,s_dr,b_p,b_b",DexterGordon,StanleyTheSteamer
377.33877551,407.379591836,solo_04_02,"s_ts,s_dr,b_p,b_b",DexterGordon,StanleyTheSteamer
407.379591836,435.792108843,solo_04_03,"s_ts,s_dr,b_p,b_b",DexterGordon,StanleyTheSteamer
435.792108843,479.631383219,theme_02_01,"ts,p,b,dr",DexterGordon,StanleyTheSteamer
479.631383219,484.88,silence,,DexterGordon,StanleyTheSteamer
0.0,0.371519274,silence,,DexterGordon,TheRainbowPeople
0.371519274,8.173424036,intro,"b,dr",DexterGordon,TheRainbowPeople
8.173424036,73.9323356,theme_01_01,"ts,p,b,dr",DexterGordon,TheRainbowPeople
73.9323356,138.948208616,solo_01_01,"s_ts,b_p,b_b,b_dr",DexterGordon,TheRainbowPeople
138.948208616,202.849523809,solo_01_02,"s_ts,b_p,b_b,b_dr",DexterGordon,TheRainbowPeople
202.849523809,266.007800453,solo_01_03,"s_ts,b_p,b_b,b_dr",DexterGordon,TheRainbowPeople
266.007800453,331.395192743,solo_02_01,"s_p,b_b,b_dr",DexterGordon,TheRainbowPeople
331.395192743,394.924988662,solo_02_02,"s_p,b_b,b_dr",DexterGordon,TheRainbowPeople
394.924988662,456.968707482,solo_03_01,"s_b,b_dr",DexterGordon,TheRainbowPeople
456.968707482,522.356099772,theme_02_01,"ts,p,b,dr",DexterGordon,TheRainbowPeople
522.356099772,531.6266666666667,silence,,DexterGordon,TheRainbowPeople
0.0,0.048979591,silence,,DickieWells,IGotRhythm
0.048979591,4.0,intro,ts,DickieWells,IGotRhythm
4.0,20.0,theme_01_01,"ts,p,b,dr",DickieWells,IGotRhythm
20.0,35.118367346,theme_01_02,"ts,p,b,dr",DickieWells,IGotRhythm
35.118367346,51.183673469,solo_01_01,"s_ts,b_p,b_b,b_dr",DickieWells,IGotRhythm
51.183673469,66.93877551,solo_01_02,"s_ts,b_p,b_b,b_dr",DickieWells,IGotRhythm
66.93877551,82.808163265,solo_02_01,"s_tp,b_p,b_b,b_dr",DickieWells,IGotRhythm
82.808163265,98.563265306,solo_02_02,"s_tp,b_p,b_b,b_dr",DickieWells,IGotRhythm
98.563265306,114.057142857,solo_03_01,"s_tb,b_p,b_b,b_dr",DickieWells,IGotRhythm
114.057142857,129.861224489,solo_03_02,"s_tb,b_p,b_b,b_dr",DickieWells,IGotRhythm
129.861224489,146.008163265,solo_03_03,"s_tb,b_p,b_b,b_dr",DickieWells,IGotRhythm
146.008163265,161.6,solo_03_04,"s_tb,b_p,b_b,b_dr",DickieWells,IGotRhythm
161.6,178.693877551,solo_04_01,"s_p,b_b,b_dr",DickieWells,IGotRhythm
178.693877551,194.073469387,theme_02_01,"tp,ts,tb,p,b,dr",DickieWells,IGotRhythm
194.073469387,196.64,silence,,DickieWells,IGotRhythm
0.0,0.130612244,silence,,DickieWells,Jo=Jo
0.130612244,5.453061224,intro,"p,b,dr",DickieWells,Jo=Jo
5.453061224,21.35510204,theme_01_01,"tp,tb,ts,p,b,dr",DickieWells,Jo=Jo
21.35510204,37.31446712,theme_01_02,"tp,tb,ts,p,b,dr",DickieWells,Jo=Jo
37.31446712,52.616417233,solo_01_01,"s_tb,b_p,b_b,b_dr",DickieWells,Jo=Jo
52.616417233,68.475646258,solo_01_02,"s_tb,b_p,b_b,b_dr",DickieWells,Jo=Jo
68.475646258,84.21877551,solo_02_01,"s_ts,b_p,b_b,b_dr",DickieWells,Jo=Jo
84.21877551,99.892244897,solo_02_02,"s_ts,b_p,b_b,b_dr",DickieWells,Jo=Jo
99.892244897,115.646984126,solo_03_01,"s_tp,b_p,b_b,b_dr",DickieWells,Jo=Jo
115.646984126,132.040272108,solo_02_01,"s_ts,b_p,b_b,b_dr",DickieWells,Jo=Jo
132.040272108,148.166530612,solo_04_01,"s_p,b_b,b_dr",DickieWells,Jo=Jo
148.166530612,164.211519274,solo_04_02,"s_p,b_b,b_dr",DickieWells,Jo=Jo
164.211519274,180.511927437,theme_02_01,"tp,tb,ts,p,b,dr",DickieWells,Jo=Jo
180.511927437,197.021315192,theme_02_02,"tp,tb,ts,p,b,dr",DickieWells,Jo=Jo
197.021315192,200.0,silence,,DickieWells,Jo=Jo
0.0,1.091337868,silence,,DizzyGillespie,Anthropology
1.091337868,31.904217687,theme_01_01,"tp,vib,p,b",DizzyGillespie,Anthropology
31.904217687,63.204716553,solo_01_01,"s_vib,b_p,b_b,b_dr",DizzyGillespie,Anthropology
63.204716553,94.923174603,solo_02_01,"s_tp,b_p,b_b,b_dr",DizzyGillespie,Anthropology
94.923174603,125.82893424,solo_03_01,"s_g,b_p,b_b,b_dr",DizzyGillespie,Anthropology
125.82893424,158.49941043,theme_02_01,"tp,vib,p,b,dr",DizzyGillespie,Anthropology
158.49941043,162.0,silence,,DizzyGillespie,Anthropology
0.0,0.441179138,silence,,DizzyGillespie,Be=Bop
0.441179138,8.591383219,intro,"tp,ts,p,b,dr",DizzyGillespie,Be=Bop
8.591383219,35.66585034,theme_01_01,"tp,ts,p,b,dr",DizzyGillespie,Be=Bop
35.66585034,63.320816326,solo_01_01,"s_ts,b_tp,b_tb,b_p,b_b,b_dr",DizzyGillespie,Be=Bop
63.320816326,87.771428571,solo_01_02,"s_ts,b_tp,b_tb,b_p,b_b,b_dr",DizzyGillespie,Be=Bop
87.771428571,114.869115646,solo_02_01,"s_tp,b_p,b_b,b_dr",DizzyGillespie,Be=Bop
114.869115646,140.039546485,solo_02_02,"s_tp,b_p,b_b,b_dr",DizzyGillespie,Be=Bop
140.039546485,167.833832199,solo_02_03,"s_tp,b_p,b_b,b_dr",DizzyGillespie,Be=Bop
167.833832199,185.689977323,outro,"tp,ts,p,b,dr",DizzyGillespie,Be=Bop
185.689977323,189.0,silence,,DizzyGillespie,Be=Bop
0.0,0.457142857,silence,,DizzyGillespie,Blue'NBoogie
0.457142857,18.742857142,intro,"tp,ts,p,b,dr",DizzyGillespie,Blue'NBoogie
18.742857142,32.653061224,theme_01_01,"tp,ts,p,b,dr",DizzyGillespie,Blue'NBoogie
32.653061224,46.302040816,solo_01_01,"s_p,b_b,b_dr",DizzyGillespie,Blue'NBoogie
46.302040816,59.951020408,solo_01_02,"s_p,b_b,b_dr",DizzyGillespie,Blue'NBoogie
59.951020408,74.253061224,solo_02_01,"s_ts,b_tp,b_p,b_b,b_dr",DizzyGillespie,Blue'NBoogie
74.253061224,88.097959183,solo_04_01,"s_tp,b_p,b_b,b_dr",DizzyGillespie,Blue'NBoogie
88.097959183,102.13877551,solo_04_02,"s_tp,b_p,b_b,b_dr",DizzyGillespie,Blue'NBoogie
102.13877551,116.244897959,solo_04_03,"s_tp,b_p,b_b,b_dr",DizzyGillespie,Blue'NBoogie
116.244897959,130.351020408,solo_04_04,"s_tp,b_p,b_b,b_dr",DizzyGillespie,Blue'NBoogie
130.351020408,144.587755102,solo_04_05,"s_tp,b_p,b_b,b_dr",DizzyGillespie,Blue'NBoogie
144.587755102,158.497959183,solo_05_01,"s_g,b_p,b_b,b_dr",DizzyGillespie,Blue'NBoogie
158.497959183,172.016326529,theme_02_01,"tp,ts,p,b,dr",DizzyGillespie,Blue'NBoogie
172.016326529,175.66666666666666,silence,,DizzyGillespie,Blue'NBoogie
0.0,17.879365079,silence,,DizzyGillespie,Groovin'High
17.879365079,24.891791383,intro,"tp,ts,p,b,dr",DizzyGillespie,Groovin'High
24.891791383,68.173786848,theme_01_01,"tp,ts,p,b,dr",DizzyGillespie,Groovin'High
68.173786848,115.078095238,solo_01_01,"s_ts,b_p,b_b,b_dr",DizzyGillespie,Groovin'High
115.078095238,157.222312925,solo_01_02,"s_ts,b_p,b_b,b_dr",DizzyGillespie,Groovin'High
157.222312925,199.018231292,solo_02_01,"s_tp,b_p,b_b,b_dr",DizzyGillespie,Groovin'High
199.018231292,243.020045351,solo_02_02,"s_ts,b_p,b_b,b_dr",DizzyGillespie,Groovin'High
243.020045351,289.854693877,solo_03_01,"s_p,b_b,b_dr",DizzyGillespie,Groovin'High
289.854693877,357.146122448,theme_02_01,"tp,ts,p,b,dr",DizzyGillespie,Groovin'High
357.146122448,359.6666666666667,silence,,DizzyGillespie,Groovin'High
0.0,0.457142857,silence,,DizzyGillespie,HotHouse
0.457142857,5.87755102,intro,dr,DizzyGillespie,HotHouse
5.87755102,50.808163265,theme_01_01,"tp,ts,p,b,dr",DizzyGillespie,HotHouse
50.808163265,95.673469387,solo_01_01,"s_ts,b_p,b_b,b_dr",DizzyGillespie,HotHouse
95.673469387,140.506122448,solo_02_01,"s_tp,b_p,b_b,b_dr",DizzyGillespie,HotHouse
140.506122448,186.514285713,theme_02_01,"tp,ts,p,b,dr",DizzyGillespie,HotHouse
186.514285713,189.0,silence,,DizzyGillespie,HotHouse
0.0,0.719818594,silence,,Don Byas,OutOfNowhere
0.719818594,14.210612244,intro,"p,ts,tp,b,dr",Don Byas,OutOfNowhere
14.210612244,68.080907029,theme_01_01,"ts,p,b,dr",Don Byas,OutOfNowhere
68.080907029,122.53170068,solo_01_01,"s_p,s_tp,b_b,b_dr",Don Byas,OutOfNowhere
122.53170068,193.352562358,solo_02_01,"s_ts,b_p,b_b,b_dr",Don Byas,OutOfNowhere
193.352562358,196.26666666666668,silence,,Don Byas,OutOfNowhere
0.0,0.371519274,silence,,DonByas,BodyAndSoul
0.371519274,10.19356009,intro,p,DonByas,BodyAndSoul
10.19356009,88.235827664,theme_01_01,"ts,p,b,dr",DonByas,BodyAndSoul
88.235827664,175.008798185,solo_01_01,"s_ts,b_p,b_b,b_dr",DonByas,BodyAndSoul
175.008798185,179.77333333333334,silence,,DonByas,BodyAndSoul
0.0,0.522448979,silence,,DonByas,CognacBlues
0.522448979,26.514285714,theme_01_01,"tp,p,b,dr",DonByas,CognacBlues
26.514285714,51.461224489,theme_01_02,"tp,ts,p,b,dr",DonByas,CognacBlues
51.461224489,76.146938775,solo_01_01,"s_ts,b_p,b_b,b_dr",DonByas,CognacBlues
76.146938775,100.963265306,solo_01_02,"s_ts,b_p,b_b,b_dr",DonByas,CognacBlues
100.963265306,126.693877551,solo_02_01,"s_tp,b_ts,b_p,b_b,b_dr",DonByas,CognacBlues
126.693877551,156.865306122,solo_02_02,"s_tp,s_ts,b_p,b_b,b_dr",DonByas,CognacBlues
156.865306122,161.2,silence,,DonByas,CognacBlues
0.0,0.719818594,silence,,DonByas,HarvardBlues
0.719818594,10.681179138,intro,"b,voc,dr",DonByas,HarvardBlues
10.681179138,40.007981859,theme_01_01,"ts,p,b,dr",DonByas,HarvardBlues
40.007981859,69.125804988,theme_01_02,"ts,p,b,dr",DonByas,HarvardBlues
69.125804988,98.173968253,solo_01_01,"s_p,b_b,b_dr",DonByas,HarvardBlues
98.173968253,126.873832199,theme_02_01,"voc,p,b,dr",DonByas,HarvardBlues
126.873832199,155.457596371,theme_02_02,"b,voc",DonByas,HarvardBlues
155.457596371,186.433015872,outro,"ts,p,b,dr",DonByas,HarvardBlues
186.433015872,189.12,silence,,DonByas,HarvardBlues
0.0,0.60371882,silence,,DonByas,Infidele(Cry)
0.60371882,6.687346938,intro,"p,ts",DonByas,Infidele(Cry)
6.687346938,37.477006802,theme_01_01,"ts,p,b,dr",DonByas,Infidele(Cry)
37.477006802,70.449342403,theme_01_02,"ts,p,b,dr",DonByas,Infidele(Cry)
70.449342403,102.35356009,solo_01_01,"s_ts,b_p,b_b,b_dr",DonByas,Infidele(Cry)
102.35356009,134.304217687,solo_01_02,"s_ts,b_p,b_b,b_dr",DonByas,Infidele(Cry)
134.304217687,166.069115646,solo_02_01,"s_p,b_b,b_dr",DonByas,Infidele(Cry)
166.069115646,202.524444444,theme_02_01,"ts,p,b,dr",DonByas,Infidele(Cry)
202.524444444,206.12,silence,,DonByas,Infidele(Cry)
0.0,0.417959183,silence,,DonByas,UnAmourPleurait
0.417959183,10.356099773,intro,p,DonByas,UnAmourPleurait
10.356099773,46.950748299,theme_01_01,"ts,p,b,dr",DonByas,UnAmourPleurait
46.950748299,82.755918367,theme_01_02,"ts,p,b,dr",DonByas,UnAmourPleurait
82.755918367,119.118367346,solo_01_01,"s_ts,b_p,b_b,b_dr",DonByas,UnAmourPleurait
119.118367346,178.793650792,solo_01_02,"s_ts,b_p,b_b,b_dr",DonByas,UnAmourPleurait
178.793650792,181.48,silence,,DonByas,UnAmourPleurait
0.0,1.114557823,silence,,DonEllis,ILoveYou
1.114557823,52.755736961,theme_01_01,"tp,p,b",DonEllis,ILoveYou
52.755736961,103.282358276,solo_01_01,"s_p,b_b",DonEllis,ILoveYou
103.282358276,156.409614512,solo_02_01,"s_tp,b_p,b_b",DonEllis,ILoveYou
156.409614512,209.165351473,solo_02_02,"s_tp,b_p,b_b",DonEllis,ILoveYou
209.165351473,271.952108842,solo_03_01,"s_tp,s_p,b_b",DonEllis,ILoveYou
271.952108842,277.3333333333333,silence,,DonEllis,ILoveYou
0.0,1.160997732,silence,,DonEllis,JohnnyComeLately
1.160997732,38.289705215,theme_01_01,"tp,p,b,dr",DonEllis,JohnnyComeLately
38.289705215,75.650612244,solo_01_01,"s_tp,b_p,b_b,b_dr",DonEllis,JohnnyComeLately
75.650612244,110.921723356,solo_01_02,"s_tp,b_p,b_b,b_dr",DonEllis,JohnnyComeLately
110.921723356,146.842993197,solo_02_01,"s_p,b_b,b_dr",DonEllis,JohnnyComeLately
146.842993197,181.649705215,solo_02_02,"s_p,b_b,b_dr",DonEllis,JohnnyComeLately
181.649705215,215.783038548,solo_03_01,"s_b,b_dr",DonEllis,JohnnyComeLately
215.783038548,250.70585034,solo_04_01,"s_tp,b_p,b_b,b_dr",DonEllis,JohnnyComeLately
250.70585034,291.68907029400003,theme_02_01,"tp,p,b,dr",DonEllis,JohnnyComeLately
291.68907029400003,294.1333333333333,silence,,DonEllis,JohnnyComeLately
0.0,1.306122448,silence,,DonEllis,OutOfNowhere
1.306122448,52.897959183,theme_01_01,"tp,p,b",DonEllis,OutOfNowhere
52.897959183,103.444897959,solo_01_01,"s_tp,b_p,b_b",DonEllis,OutOfNowhere
103.444897959,158.040816326,solo_02_01,"s_p,b_b",DonEllis,OutOfNowhere
158.040816326,214.857142856,theme_02_01,"tp,p,b",DonEllis,OutOfNowhere
214.857142856,222.70666666666668,silence,,DonEllis,OutOfNowhere
0.0,1.30031746,silence,,DonEllis,SweetAndLovely
1.30031746,63.761995464,theme_01_01,"tp,p,b",DonEllis,SweetAndLovely
63.761995464,121.393922902,solo_01_01,"s_tp,b_p,b_b",DonEllis,SweetAndLovely
121.393922902,180.093968253,solo_01_02,"s_tp,b_p,b_b",DonEllis,SweetAndLovely
180.093968253,240.744489795,solo_02_01,"s_p,b_b",DonEllis,SweetAndLovely
240.744489795,300.651972789,solo_03_01,"s_b,b_tp,b_p",DonEllis,SweetAndLovely
300.651972789,366.5037641720001,theme_02_01,"tp,p,b",DonEllis,SweetAndLovely
366.5037641720001,369.4666666666666,silence,,DonEllis,SweetAndLovely
0.0,1.175510204,silence,,DonEllis,YouSteppedOutOfADream
1.175510204,39.706122448,theme_01_01,"tp,p,b",DonEllis,YouSteppedOutOfADream
39.706122448,78.236734693,solo_01_01,"s_tp,b_p,b_b",DonEllis,YouSteppedOutOfADream
78.236734693,120.424489795,solo_02_01,"s_p,b_b",DonEllis,YouSteppedOutOfADream
120.424489795,163.265306122,solo_02_02,"s_p,b_b",DonEllis,YouSteppedOutOfADream
163.265306122,219.885714285,theme_02_01,"tp,p,b",DonEllis,YouSteppedOutOfADream
219.885714285,223.66666666666663,silence,,DonEllis,YouSteppedOutOfADream
0.0,1.30031746,silence,,EricDolphy,245
1.30031746,40.936780045,theme_01_01,"tp,as,p,b,dr",EricDolphy,245
40.936780045,80.039183673,solo_01_01,"s_tp,b_p,b_b,b_dr",EricDolphy,245
80.039183673,119.698866213,solo_01_02,"s_tp,b_p,b_b,b_dr",EricDolphy,245
119.698866213,159.660408163,solo_01_03,"s_tp,b_p,b_b,b_dr",EricDolphy,245
159.660408163,199.993469387,solo_02_01,"s_p,b_b,b_dr",EricDolphy,245
199.993469387,240.303310657,solo_02_02,"s_p,b_b,b_dr",EricDolphy,245
240.303310657,281.170430839,solo_03_01,"s_as,b_p,b_b,b_dr",EricDolphy,245
281.170430839,321.503492063,solo_03_02,"s_as,b_p,b_b,b_dr",EricDolphy,245
321.503492063,361.627573696,solo_03_03,"s_as,b_p,b_b,b_dr",EricDolphy,245
361.627573696,408.740861677,theme_02_01,"tp,as,p,b,dr",EricDolphy,245
408.740861677,409.3910204081633,silence,,EricDolphy,245
0.0,0.065306122,silence,,EricDolphy,Les
0.065306122,4.114285714,intro,dr,EricDolphy,Les
4.114285714,18.563265306,theme_01_01,"tp,as,p,b,dr",EricDolphy,Les
18.563265306,33.061224489,theme_01_02,"tp,as,p,b,dr",EricDolphy,Les
33.061224489,47.444897959,solo_01_01,"s_as,b_p,b_b,b_dr",EricDolphy,Les
47.444897959,61.746938775,solo_01_02,"s_as,b_p,b_b,b_dr",EricDolphy,Les
61.746938775,75.983673469,solo_01_03,"s_as,b_p,b_b,b_dr",EricDolphy,Les
75.983673469,90.269387755,solo_01_04,"s_as,b_p,b_b,b_dr",EricDolphy,Les
90.269387755,104.489795918,solo_02_01,"s_tp,b_p,b_b,b_dr",EricDolphy,Les
104.489795918,118.840816326,solo_02_02,"s_tp,b_p,b_b,b_dr",EricDolphy,Les
118.840816326,133.257142857,solo_02_03,"s_tp,b_p,b_b,b_dr",EricDolphy,Les
133.257142857,147.885714285,solo_02_04,"s_tp,b_p,b_b,b_dr",EricDolphy,Les
147.885714285,161.126530612,solo_03_01,"s_p,b_b,b_dr",EricDolphy,Les
161.126530612,175.085714285,solo_03_02,"s_p,b_b,b_dr",EricDolphy,Les
175.085714285,189.028571428,solo_03_03,"s_p,b_b,b_dr",EricDolphy,Les
189.028571428,203.542857142,solo_04_01,"s_as,s_tp,b_p,b_b,b_dr",EricDolphy,Les
203.542857142,216.832653061,solo_04_02,"s_as,s_tp,b_p,b_b,b_dr",EricDolphy,Les
216.832653061,231.47755102,solo_05_01,s_dr,EricDolphy,Les
231.47755102,244.522448979,solo_05_02,s_dr,EricDolphy,Les
244.522448979,258.726530612,theme_02_01,"tp,as,p,b,dr",EricDolphy,Les
258.726530612,273.205986394,theme_02_02,"tp,as,p,b,dr",EricDolphy,Les
273.205986394,309.986394557,outro,"tp,as,p,b,dr",EricDolphy,Les
309.986394557,310.2311337868481,silence,,EricDolphy,Les
0.0,0.139319727,silence,,EricDolphy,OnGreenDolphinStreet
0.139319727,11.099138321,intro,"p,bcl,b,dr",EricDolphy,OnGreenDolphinStreet
11.099138321,56.14585034,theme_01_01,"tp,ts,p,bcl,b,dr",EricDolphy,OnGreenDolphinStreet
56.14585034,100.681723356,solo_01_01,"s_ts,b_p,b_b,b_dr",EricDolphy,OnGreenDolphinStreet
100.681723356,146.564353741,solo_01_02,"s_ts,b_p,b_b,b_dr",EricDolphy,OnGreenDolphinStreet
146.564353741,190.682267573,solo_02_01,"s_tp,b_p,b_b,b_dr",EricDolphy,OnGreenDolphinStreet
190.682267573,235.961179138,solo_02_02,"s_tp,b_p,b_b,b_dr",EricDolphy,OnGreenDolphinStreet
235.961179138,274.041904761,solo_03_01,"s_b,b_dr",EricDolphy,OnGreenDolphinStreet
274.041904761,315.048344671,theme_02_01,"tp,ts,p,b,dr",EricDolphy,OnGreenDolphinStreet
315.048344671,338.779138321,outro,"tp,ts,p,b,dr",EricDolphy,OnGreenDolphinStreet
338.779138321,341.4162131519274,silence,,EricDolphy,OnGreenDolphinStreet
0.0,0.046439909,silence,,EricDolphy,Serene
0.046439909,41.656598639,theme_01_01,"bcl,vc,b,dr",EricDolphy,Serene
41.656598639,80.619682539,solo_01_01,"s_bcl,b_b,b_dr",EricDolphy,Serene
80.619682539,118.607528344,solo_01_01,"s_bcl,b_b,b_dr",EricDolphy,Serene
118.607528344,156.595374149,solo_01_01,"s_bcl,b_b,b_dr",EricDolphy,Serene
156.595374149,194.722539682,solo_02_01,"s_b,b_b",EricDolphy,Serene
194.722539682,230.341950113,solo_02_02,"s_b,b_b,b_dr",EricDolphy,Serene
230.341950113,266.750839002,solo_03_01,"s_vc,b_b,b_dr",EricDolphy,Serene
266.750839002,304.55292517,solo_03_02,"s_vc,b_b,b_dr",EricDolphy,Serene
304.55292517,341.611972789,solo_04_01,"s_bcl,s_dr,b_b",EricDolphy,Serene
341.611972789,376.627664399,solo_04_01,"s_bcl,s_dr,b_b",EricDolphy,Serene
376.627664399,418.562902494,theme_02_01,"bcl,vc,b,dr",EricDolphy,Serene
418.562902494,418.6479138321996,silence,,EricDolphy,Serene
0.0,0.092879818,silence,,FatsNavarro,Anthropology
0.092879818,7.058866213,intro,"p,b,dr",FatsNavarro,Anthropology
7.058866213,34.737052154,theme_01_01,"tp,ts,p,b,dr",FatsNavarro,Anthropology
34.737052154,61.486439909,solo_01_01,"s_ts,b_p,b_b,b_dr",FatsNavarro,Anthropology
61.486439909,87.585668934,solo_01_02,"s_ts,b_p,b_b,b_dr",FatsNavarro,Anthropology
87.585668934,113.127619047,solo_02_01,"s_tp,b_p,b_b,b_dr",FatsNavarro,Anthropology
113.127619047,138.576689342,solo_02_01,"s_tp,b_p,b_b,b_dr",FatsNavarro,Anthropology
138.576689342,164.861678004,solo_03_01,"s_p,b_b,b_dr",FatsNavarro,Anthropology
164.861678004,189.474829931,solo_04_01,"s_tp,s_ts,b_p,b_b,b_dr",FatsNavarro,Anthropology
189.474829931,217.338775509,theme_02_01,"tp,ts,p,b,dr",FatsNavarro,Anthropology
217.338775509,220.64,silence,,FatsNavarro,Anthropology
0.0,0.232199546,silence,,FatsNavarro,DoubleTalk
0.232199546,16.532607709,intro,"tp,p,b,dr",FatsNavarro,DoubleTalk
16.532607709,50.85170068,theme_01_01,"tp,as,p,b,dr",FatsNavarro,DoubleTalk
50.85170068,85.263673469,solo_01_01,"s_tp1,b_p,b_b,b_dr",FatsNavarro,DoubleTalk
85.263673469,119.211247165,solo_01_02,"s_tp1,b_p,b_b,b_dr",FatsNavarro,DoubleTalk
119.211247165,153.344580498,solo_02_01,"s_tp2,b_p,b_b,b_dr",FatsNavarro,DoubleTalk
153.344580498,186.316916099,solo_03_01,"s_p,b_b,b_dr",FatsNavarro,DoubleTalk
186.316916099,219.800090702,solo_04_01,"s_as,b_p,b_b,b_dr",FatsNavarro,DoubleTalk
219.800090702,253.747664399,solo_05_01,"s_tp1,s_tp2,b_p,b_b,b_dr",FatsNavarro,DoubleTalk
253.747664399,287.555918367,solo_05_02,"s_tp1,s_tp2,b_p,b_b,b_dr",FatsNavarro,DoubleTalk
287.555918367,319.506575963,solo_05_03,"s_tp1,s_tp2,b_p,b_b,b_dr",FatsNavarro,DoubleTalk
319.506575963,330.605714284,outro,"tp,p,b,dr",FatsNavarro,DoubleTalk
330.605714284,333.81333333333333,silence,,FatsNavarro,DoubleTalk
0.0,0.464399092,silence,,FatsNavarro,GoodBait
0.464399092,13.18893424,intro,"p,dr",FatsNavarro,GoodBait
13.18893424,66.107210884,theme_01_01,"tp,ts,as,p,b,dr",FatsNavarro,GoodBait
66.107210884,118.421768707,solo_01_01,"s_as,b_p,b_b,b_dr",FatsNavarro,GoodBait
118.421768707,170.527346938,solo_02_01,"s_tp,b_p,b_b,b_dr",FatsNavarro,GoodBait
170.527346938,223.2830839,solo_03_01,"s_ts,b_p,b_b,b_dr",FatsNavarro,GoodBait
223.2830839,275.574421768,solo_04_01,"s_p,b_b,b_dr",FatsNavarro,GoodBait
275.574421768,316.627301587,theme_02_01,"tp,ts,as,p,b,dr",FatsNavarro,GoodBait
316.627301587,346.62748299199995,outro,"tp,ts,as,p,b,dr",FatsNavarro,GoodBait
346.62748299199995,348.7866666666667,silence,,FatsNavarro,GoodBait
0.0,0.30185941,silence,,FatsNavarro,GoodBait
0.30185941,13.049614512,intro,"p,b",FatsNavarro,GoodBait
13.049614512,66.03755102,theme_01_01,"as,tp,p,b,dr",FatsNavarro,GoodBait
66.03755102,118.58430839,solo_01_01,"s_as,b_p,b_b,b_dr",FatsNavarro,GoodBait
118.58430839,171.061405895,solo_02_01,"s_tp,b_p,b_b,b_dr",FatsNavarro,GoodBait
171.061405895,223.608163265,solo_03_01,"s_p,b_b,b_dr",FatsNavarro,GoodBait
223.608163265,277.873197278,theme_02_01,"tp,as,p,b,dr",FatsNavarro,GoodBait
277.873197278,295.381043082,outro,"tp,as,p,b,dr",FatsNavarro,GoodBait
295.381043082,297.64,silence,,FatsNavarro,GoodBait
0.0,0.255419501,silence,,FatsNavarro,OurDelight
0.255419501,43.026575963,theme_01_01,"tp,ts,as,p,b,dr",FatsNavarro,OurDelight
43.026575963,81.896780045,solo_01_01,"s_as,b_p,b_b,b_dr",FatsNavarro,OurDelight
81.896780045,120.18648526,solo_02_01,"s_tp,b_p,b_b,b_dr",FatsNavarro,OurDelight
120.18648526,158.336870748,solo_03_01,"s_ts,b_p,b_b,b_dr",FatsNavarro,OurDelight
158.336870748,196.185396825,solo_04_01,"s_p,b_b,b_dr",FatsNavarro,OurDelight
196.185396825,240.489070294,theme_02_01,"tp,ts,as,p,b,dr",FatsNavarro,OurDelight
240.489070294,243.26666666666668,silence,,FatsNavarro,OurDelight
0.0,0.278639455,silence,,FatsNavarro,TheSkunk
0.278639455,18.924263038,theme_01_01,"tp,as,p,b,dr",FatsNavarro,TheSkunk
18.924263038,36.896507936,solo_01_01,"s_as,b_p,b_b,b_dr",FatsNavarro,TheSkunk
36.896507936,54.810702947,solo_01_02,"s_as,b_p,b_b,b_dr",FatsNavarro,TheSkunk
54.810702947,72.423038548,solo_01_03,"s_as,b_p,b_b,b_dr",FatsNavarro,TheSkunk
72.423038548,90.099229024,solo_02_01,"s_tp,b_p,b_b,b_dr",FatsNavarro,TheSkunk
90.099229024,107.653514739,solo_02_02,"s_tp,b_p,b_b,b_dr",FatsNavarro,TheSkunk
107.653514739,124.987210884,solo_03_01,"s_p,b_b,b_dr",FatsNavarro,TheSkunk
124.987210884,142.564716553,solo_04_01,"s_tp,b_p,b_b,b_dr",FatsNavarro,TheSkunk
142.564716553,160.043537414,solo_04_02,"s_tp,b_p,b_b,b_dr",FatsNavarro,TheSkunk
160.043537414,180.169433105,theme_02_01,"tp,as,p,b,dr",FatsNavarro,TheSkunk
180.169433105,182.2133333333333,silence,,FatsNavarro,TheSkunk
0.0,0.228571428,silence,,FatsNavarro,Tiny'sBlues
0.228571428,8.457142857,intro,"p,b,dr",FatsNavarro,Tiny'sBlues
8.457142857,21.289795918,theme_01_01,"ts,tb,p,b,dr",FatsNavarro,Tiny'sBlues
21.289795918,34.546938775,theme_01_02,"ts,tb,p,b,dr",FatsNavarro,Tiny'sBlues
34.546938775,47.47755102,solo_01_01,"s_ts,b_p,b_b,b_dr",FatsNavarro,Tiny'sBlues
47.47755102,60.636734693,solo_01_02,"s_ts,b_p,b_b,b_dr",FatsNavarro,Tiny'sBlues
60.636734693,73.926530612,solo_01_03,"s_ts,b_p,b_b,b_dr",FatsNavarro,Tiny'sBlues
73.926530612,87.053061224,solo_01_04,"s_ts,b_p,b_b,b_dr",FatsNavarro,Tiny'sBlues
87.053061224,100.114285714,solo_01_05,"s_ts,b_p,b_b,b_dr",FatsNavarro,Tiny'sBlues
100.114285714,113.175510204,solo_02_01,"s_tb,b_p,b_b,b_dr",FatsNavarro,Tiny'sBlues
113.175510204,126.106122448,solo_02_02,"s_tb,b_p,b_b,b_dr",FatsNavarro,Tiny'sBlues
126.106122448,138.971428571,solo_02_03,"s_tb,b_p,b_b,b_dr",FatsNavarro,Tiny'sBlues
138.971428571,152.0,solo_02_04,"s_tb,b_p,b_b,b_dr",FatsNavarro,Tiny'sBlues
152.0,164.832653061,solo_02_05,"s_tb,b_p,b_b,b_dr",FatsNavarro,Tiny'sBlues
164.832653061,177.828571428,solo_03_01,"s_p,b_b,b_dr",FatsNavarro,Tiny'sBlues
177.828571428,191.21632653,solo_03_02,"s_p,b_b,b_dr",FatsNavarro,Tiny'sBlues
191.21632653,210.089795917,theme_02_01,"ts,tb,p,b,dr",FatsNavarro,Tiny'sBlues
210.089795917,212.44,silence,,FatsNavarro,Tiny'sBlues
0.0,0.743038548,silence,,GerryMulligan,Bunny
0.743038548,9.148662131,intro,"p,b,dr",GerryMulligan,Bunny
9.148662131,42.353197278,theme_01_01,"as,bs,p,b,dr",GerryMulligan,Bunny
42.353197278,75.882811791,theme_01_02,"as,bs,p,b,dr",GerryMulligan,Bunny
75.882811791,109.551746031,solo_01_01,"s_as,b_p,b_b,b_dr",GerryMulligan,Bunny
109.551746031,143.081360544,solo_01_02,"s_as,b_p,b_b,b_dr",GerryMulligan,Bunny
143.081360544,176.518095238,solo_02_01,"s_bs,b_p,b_b,b_dr",GerryMulligan,Bunny
176.518095238,209.769070294,solo_02_02,"s_bs,b_p,b_b,b_dr",GerryMulligan,Bunny
209.769070294,243.298684807,solo_03_01,"s_p,b_b,b_dr",GerryMulligan,Bunny
243.298684807,276.596099773,solo_03_02,"s_b,s_p,b_dr",GerryMulligan,Bunny
276.596099773,309.847074829,theme_02_01,"as,bs,p,b,dr",GerryMulligan,Bunny
309.847074829,343.098049885,theme_02_02,"as,bs,p,b,dr",GerryMulligan,Bunny
343.098049885,348.49333333333334,silence,,GerryMulligan,Bunny
0.0,0.673378684,silence,,GerryMulligan,LineForLyons
0.673378684,44.86095238,theme_01_01,"as,bs,b,dr",GerryMulligan,LineForLyons
44.86095238,88.421587301,solo_01_01,"s_bs,b_b,b_dr",GerryMulligan,LineForLyons
88.421587301,133.212879818,solo_02_01,"s_as,b_bs,b_b,b_dr",GerryMulligan,LineForLyons
133.212879818,184.854058956,theme_02_01,"as,bs,b,dr",GerryMulligan,LineForLyons
184.854058956,189.42666666666668,silence,,GerryMulligan,LineForLyons
0.0,0.65015873,silence,,GerryMulligan,ScrappleFromTheApple
0.65015873,32.507936507,theme_01_01,"ts,bs,p,b,dr",GerryMulligan,ScrappleFromTheApple
32.507936507,64.992653061,solo_01_01,"s_ts,s_bs,b_p,b_b,b_dr",GerryMulligan,ScrappleFromTheApple
64.992653061,96.014512471,solo_02_01,"s_bs,b_p,b_b,b_dr",GerryMulligan,ScrappleFromTheApple
96.014512471,126.502312925,solo_02_02,"s_bs,b_p,b_b,b_dr",GerryMulligan,ScrappleFromTheApple
126.502312925,156.757913832,solo_03_01,"s_ts,s_bs,b_p,b_b,b_dr",GerryMulligan,ScrappleFromTheApple
156.757913832,186.804535147,solo_04_01,"s_bs,b_p,b_b,b_dr",GerryMulligan,ScrappleFromTheApple
186.804535147,216.99047619,solo_05_01,"s_ts,b_p,b_b,b_dr",GerryMulligan,ScrappleFromTheApple
216.99047619,246.456598639,solo_05_02,"s_ts,b_p,b_b,b_dr",GerryMulligan,ScrappleFromTheApple
246.456598639,275.342222222,solo_05_03,"s_ts,b_p,b_b,b_dr",GerryMulligan,ScrappleFromTheApple
275.342222222,305.017324263,solo_05_04,"s_ts,b_p,b_b,b_dr",GerryMulligan,ScrappleFromTheApple
305.017324263,334.251247165,solo_06_01,"s_p,b_b,b_dr",GerryMulligan,ScrappleFromTheApple
334.251247165,363.740589569,solo_06_02,"s_p,b_b,b_dr",GerryMulligan,ScrappleFromTheApple
363.740589569,392.904852607,solo_07_01,"s_ts,s_bs,b_p,b_b,b_dr",GerryMulligan,ScrappleFromTheApple
392.904852607,422.347755102,solo_07_02,"s_ts,s_bs,b_p,b_b,b_dr",GerryMulligan,ScrappleFromTheApple
422.347755102,451.140498866,theme_02_01,"ts,bs,p,b,dr",GerryMulligan,ScrappleFromTheApple
451.140498866,488.52462585,theme_02_01,"ts,bs,p,b,dr",GerryMulligan,ScrappleFromTheApple
488.52462585,493.62666666666667,silence,,GerryMulligan,ScrappleFromTheApple
0.0,2.043356009,silence,,GerryMulligan,TheRedDoor
2.043356009,34.551292517,theme_01_01,"ts,bs,p,b,dr",GerryMulligan,TheRedDoor
34.551292517,67.244988662,solo_01_01,"s_ts,b_p,b_b,b_dr",GerryMulligan,TheRedDoor
67.244988662,100.124444444,solo_01_02,"s_ts,b_p,b_b,b_dr",GerryMulligan,TheRedDoor
100.124444444,132.440816326,solo_01_03,"s_ts,b_p,b_b,b_dr",GerryMulligan,TheRedDoor
132.440816326,164.571428571,solo_02_01,"s_p,b_b,b_dr",GerryMulligan,TheRedDoor
164.571428571,197.224489795,solo_02_02,"s_p,b_b,b_dr",GerryMulligan,TheRedDoor
197.224489795,229.87755102,solo_03_01,"s_bs,b_p,b_b,b_dr",GerryMulligan,TheRedDoor
229.87755102,262.530612244,solo_03_02,"s_bs,b_p,b_b,b_dr",GerryMulligan,TheRedDoor
262.530612244,294.661224489,solo_04_01,"s_ts,s_bs,b_p,b_b,b_dr",GerryMulligan,TheRedDoor
294.661224489,332.799999999,theme_02_01,"ts,bs,p,b,dr",GerryMulligan,TheRedDoor
332.799999999,347.8,silence,,GerryMulligan,TheRedDoor
0.0,0.65015873,silence,,GerryMulligan,ThisCan'tBeLove
0.65015873,4.226031746,intro,dr,GerryMulligan,ThisCan'tBeLove
4.226031746,33.831473922,theme_01_01,"ts,bs,p,b,dr",GerryMulligan,ThisCan'tBeLove
33.831473922,63.135056689,solo_01_01,"s_ts,b_bs,b_dr",GerryMulligan,ThisCan'tBeLove
63.135056689,92.833378684,solo_01_02,"s_ts,b_p,b_b,b_dr",GerryMulligan,ThisCan'tBeLove
92.833378684,121.602902494,solo_01_03,"s_ts,b_p,b_b,b_dr",GerryMulligan,ThisCan'tBeLove
121.602902494,149.977687074,solo_01_04,"s_ts,b_p,b_b,b_dr",GerryMulligan,ThisCan'tBeLove
149.977687074,178.213151927,solo_01_05,"s_ts,b_p,b_b,b_dr",GerryMulligan,ThisCan'tBeLove
178.213151927,205.798458049,solo_01_06,"s_ts,b_p,b_b,b_dr",GerryMulligan,ThisCan'tBeLove
205.798458049,234.52154195,solo_02_01,"s_bs,b_ts,b_b,b_dr",GerryMulligan,ThisCan'tBeLove
234.52154195,263.058866213,solo_02_02,"s_bs,b_p,b_b,b_dr",GerryMulligan,ThisCan'tBeLove
263.058866213,291.549750566,solo_02_03,"s_bs,b_p,b_b,b_dr",GerryMulligan,ThisCan'tBeLove
291.549750566,320.179954648,solo_02_04,"s_bs,b_p,b_b,b_dr",GerryMulligan,ThisCan'tBeLove
320.179954648,348.531519274,solo_02_05,"s_bs,b_p,b_b,b_dr",GerryMulligan,ThisCan'tBeLove
348.531519274,377.254603174,solo_02_06,"s_bs,b_p,b_b,b_dr",GerryMulligan,ThisCan'tBeLove
377.254603174,405.327528344,solo_03_01,"s_p,b_b,b_dr",GerryMulligan,ThisCan'tBeLove
405.327528344,433.33079365,solo_03_02,"s_p,b_b,b_dr",GerryMulligan,ThisCan'tBeLove
433.33079365,461.566258503,solo_04_01,"s_ts,s_bs,b_p,b_b,b_dr",GerryMulligan,ThisCan'tBeLove
461.566258503,489.662403628,solo_04_02,"s_ts,s_bs,b_p,b_b,b_dr",GerryMulligan,ThisCan'tBeLove
489.662403628,525.699773242,theme_02_01,"ts,bs,p,b,dr",GerryMulligan,ThisCan'tBeLove
525.699773242,530.44,silence,,GerryMulligan,ThisCan'tBeLove
0.0,0.348299319,silence,,GerryMulligan,WalkingShoes
0.348299319,58.142766439,theme_01_01,"tp,bs,b,dr",GerryMulligan,WalkingShoes
58.142766439,113.870657596,solo_01_01,"s_bs,b_b,b_dr",GerryMulligan,WalkingShoes
113.870657596,169.38956916,solo_02_01,"s_tp,s_bs,b_b,b_dr",GerryMulligan,WalkingShoes
169.38956916,190.542947844,outro,"tp,bs,b,dr",GerryMulligan,WalkingShoes
190.542947844,192.13333333333333,silence,,GerryMulligan,WalkingShoes
0.0,1.207437641,silence,,HankMobley,Remember
1.207437641,23.962993197,theme_01_01,"ts,p,b,dr",HankMobley,Remember
23.962993197,46.90430839,theme_01_02,"ts,p,b,dr",HankMobley,Remember
46.90430839,69.938503401,solo_01_01,"s_ts,b_p,b_b,b_dr",HankMobley,Remember
69.938503401,93.065578231,solo_01_02,"s_ts,b_p,b_b,b_dr",HankMobley,Remember
93.065578231,116.285532879,solo_01_03,"s_ts,b_p,b_b,b_dr",HankMobley,Remember
116.285532879,139.319727891,solo_01_04,"s_ts,b_p,b_b,b_dr",HankMobley,Remember
139.319727891,162.353922902,solo_01_05,"s_ts,b_p,b_b,b_dr",HankMobley,Remember
162.353922902,185.573877551,solo_01_06,"s_ts,b_p,b_b,b_dr",HankMobley,Remember
185.573877551,208.422312925,solo_02_01,"s_p,b_b,b_dr",HankMobley,Remember
208.422312925,231.270748299,solo_02_02,"s_p,b_b,b_dr",HankMobley,Remember
231.270748299,254.119183673,solo_02_03,"s_p,b_b,b_dr",HankMobley,Remember
254.119183673,276.688979591,solo_02_04,"s_p,b_b,b_dr",HankMobley,Remember
276.688979591,299.351655328,solo_03_01,"s_b,b_p,b_dr",HankMobley,Remember
299.351655328,322.571609977,theme_02_01,"ts,p,b,dr",HankMobley,Remember
322.571609977,337.896780045,outro,"ts,p,b,dr",HankMobley,Remember
337.896780045,342.3333333333333,silence,,HankMobley,Remember
0.0,0.293877551,silence,,HankMobley,SoulStation
0.293877551,9.795918367,intro,"p,b,dr",HankMobley,SoulStation
9.795918367,47.314285714,theme_01_01,"ts,p,b,dr",HankMobley,SoulStation
47.314285714,85.648979591,theme_01_02,"ts,p,b,dr",HankMobley,SoulStation
85.648979591,123.526530612,solo_01_01,"s_ts,b_p,b_b,b_dr",HankMobley,SoulStation
123.526530612,161.632653061,solo_01_02,"s_ts,b_p,b_b,b_dr",HankMobley,SoulStation
161.632653061,199.379591836,solo_01_03,"s_ts,b_p,b_b,b_dr",HankMobley,SoulStation
199.379591836,236.53877551,solo_01_04,"s_ts,b_p,b_b,b_dr",HankMobley,SoulStation
236.53877551,274.579591836,solo_01_05,"s_ts,b_p,b_b,b_dr",HankMobley,SoulStation
274.579591836,312.653061224,solo_02_01,"s_p,b_b,b_dr",HankMobley,SoulStation
312.653061224,350.204081632,solo_02_02,"s_p,b_b,b_dr",HankMobley,SoulStation
350.204081632,387.787755102,solo_02_03,"s_p,b_b,b_dr",HankMobley,SoulStation
387.787755102,425.534693877,solo_03_01,"s_b,b_dr",HankMobley,SoulStation
425.534693877,463.183673469,solo_03_02,"s_b,b_dr",HankMobley,SoulStation
463.183673469,500.995918367,theme_02_01,"ts,p,b,dr",HankMobley,SoulStation
500.995918367,542.269387754,theme_02_02,"ts,p,b,dr",HankMobley,SoulStation
542.269387754,547.4133333333333,silence,,HankMobley,SoulStation
0.0,0.789478458,silence,,HerbieHancock,DolphinDance
0.789478458,9.102222222,intro,"tp,ts,p,b,dr",HerbieHancock,DolphinDance
9.102222222,80.085623582,theme_01_01,"tp,ts,p,b,dr",HerbieHancock,DolphinDance
80.085623582,148.654149659,solo_01_01,"s_tp,b_p,b_b,b_dr",HerbieHancock,DolphinDance
148.654149659,217.501315192,solo_01_02,"s_tp,b_p,b_b,b_dr",HerbieHancock,DolphinDance
217.501315192,285.001723356,solo_02_01,"s_ts,b_p,b_b,b_dr",HerbieHancock,DolphinDance
285.001723356,350.783854875,solo_02_02,"s_ts,b_p,b_b,b_dr",HerbieHancock,DolphinDance
350.783854875,418.005623582,solo_03_01,"s_p,b_b,b_dr",HerbieHancock,DolphinDance
418.005623582,484.554013605,solo_03_02,"s_p,b_b,b_dr",HerbieHancock,DolphinDance
484.554013605,555.444535146,theme_02_01,"tp,ts,p,b,dr",HerbieHancock,DolphinDance
555.444535146,558.8636734693878,silence,,HerbieHancock,DolphinDance
0.0,1.021678004,silence,,HerbieHancock,MaidenVoyage
1.021678004,16.950566893,intro,"p,b,dr",HerbieHancock,MaidenVoyage
16.950566893,80.108843537,theme_01_01,"tp,ts,p,b,dr",HerbieHancock,MaidenVoyage
80.108843537,143.96371882,solo_01_02,"s_ts,b_p,b_b,b_dr",HerbieHancock,MaidenVoyage
143.96371882,208.282993197,solo_02_01,"s_tp,b_p,b_b,b_dr",HerbieHancock,MaidenVoyage
208.282993197,265.798820861,solo_02_02,"s_tp,b_p,b_b,b_dr",HerbieHancock,MaidenVoyage
265.798820861,323.175328798,solo_03_01,"s_p,b_b,b_dr",HerbieHancock,MaidenVoyage
323.175328798,384.754648526,solo_03_02,"s_p,b_b,b_dr",HerbieHancock,MaidenVoyage
384.754648526,449.190022675,theme_02_01,"tp,ts,p,b,dr",HerbieHancock,MaidenVoyage
449.190022675,471.527619046,outro,"tp,p,b,dr",HerbieHancock,MaidenVoyage
471.527619046,478.06666666666666,silence,,HerbieHancock,MaidenVoyage
0.0,0.208979591,silence,,HoraceSilver,Doodlin'
0.208979591,1.764716553,intro,p,HoraceSilver,Doodlin'
1.764716553,70.727981859,theme_01_01,"tp,ts,p,b,dr",HoraceSilver,Doodlin'
70.727981859,142.268662131,solo_01_01,"s_p,b_b,b_dr",HoraceSilver,Doodlin'
142.268662131,213.461043083,solo_02_01,"s_ts,b_p,b_b,b_dr",HoraceSilver,Doodlin'
213.461043083,284.305124716,solo_03_01,"s_tp,b_p,b_b,b_dr",HoraceSilver,Doodlin'
284.305124716,352.014512471,solo_04_01,s_dr,HoraceSilver,Doodlin'
352.014512471,403.446712017,theme_02_01,"tp,ts,p,b,dr",HoraceSilver,Doodlin'
403.446712017,406.18666666666667,silence,,HoraceSilver,Doodlin'
0.0,0.232199546,silence,,HoraceSilver,LadyBird
0.232199546,7.476825396,intro,p,HoraceSilver,LadyBird
7.476825396,45.325351473,theme_01_01,"tp,ts,p,b,dr",HoraceSilver,LadyBird
45.325351473,81.966439909,solo_01_01,"s_tp,b_p,b_b,b_dr",HoraceSilver,LadyBird
81.966439909,117.934149659,solo_01_02,"s_tp,b_p,b_b,b_dr",HoraceSilver,LadyBird
117.934149659,153.576780045,solo_01_03,"s_tp,s_ts,b_p,b_b,b_dr",HoraceSilver,LadyBird
153.576780045,188.453151927,solo_02_01,"s_ts,b_p,b_b,b_dr",HoraceSilver,LadyBird
188.453151927,222.795464852,solo_02_02,"s_ts,b_p,b_b,b_dr",HoraceSilver,LadyBird
222.795464852,257.323537414,solo_02_03,"s_ts,b_p,b_b,b_dr",HoraceSilver,LadyBird
257.323537414,291.201451247,solo_03_01,"s_p,b_b,b_dr",HoraceSilver,LadyBird
291.201451247,325.195464852,solo_03_02,"s_p,b_b,b_dr",HoraceSilver,LadyBird
325.195464852,359.119818594,solo_04_01,"s_b,s_tp,b_p,b_dr",HoraceSilver,LadyBird
359.119818594,393.322811791,theme_02_01,"tp,ts,dr,p,b",HoraceSilver,LadyBird
393.322811791,428.501043083,theme_02_02,"tp,ts,p,b,dr",HoraceSilver,LadyBird
428.501043083,454.623492062,outro,"tp,ts,p,b,dr",HoraceSilver,LadyBird
454.623492062,457.9066666666667,silence,,HoraceSilver,LadyBird
0.0,0.092879818,silence,,HoraceSilver,PrinceAlbert
0.092879818,13.467573696,intro,"p,dr",HoraceSilver,PrinceAlbert
13.467573696,71.145941043,theme_01_01,"tp,ts,p,b,dr",HoraceSilver,PrinceAlbert
71.145941043,128.731428571,solo_01_01,"s_tp,b_p,b_b,b_dr",HoraceSilver,PrinceAlbert
128.731428571,185.016598639,solo_01_02,"s_tp,b_p,b_b,b_dr",HoraceSilver,PrinceAlbert
185.016598639,240.558730158,solo_01_03,"s_tp,b_p,b_b,b_dr",HoraceSilver,PrinceAlbert
240.558730158,296.286621315,solo_02_01,"s_ts,b_p,b_b,b_dr",HoraceSilver,PrinceAlbert
296.286621315,350.342675736,solo_02_02,"s_ts,b_p,b_b,b_dr",HoraceSilver,PrinceAlbert
350.342675736,404.027210884,solo_02_03,"s_ts,b_p,b_b,b_dr",HoraceSilver,PrinceAlbert
404.027210884,457.711746031,solo_02_04,"s_ts,b_p,b_b,b_dr",HoraceSilver,PrinceAlbert
457.711746031,516.226031745,theme_02_01,"tp,ts,p,b,dr",HoraceSilver,PrinceAlbert
516.226031745,517.76,silence,,HoraceSilver,PrinceAlbert
0.0,0.278639455,silence,,JimHall,Two'sBlues
0.278639455,15.696689342,theme_01_01,"g,b,dr",JimHall,Two'sBlues
15.696689342,29.814421768,theme_01_02,"g,tp,b,dr",JimHall,Two'sBlues
29.814421768,43.932154195,solo_01_01,"s_tp,b_b,b_dr",JimHall,Two'sBlues
43.932154195,59.721723356,solo_01_02,"s_tp,b_g,b_b,b_dr",JimHall,Two'sBlues
59.721723356,73.746575963,solo_01_03,"s_tp,b_g,b_b,b_dr",JimHall,Two'sBlues
73.746575963,86.563990929,solo_01_04,"s_tp,b_g,b_b,b_dr",JimHall,Two'sBlues
86.563990929,100.681723356,solo_02_01,"s_g,b_b,b_dr",JimHall,Two'sBlues
100.681723356,114.613696145,solo_02_02,"s_g,b_b,b_dr",JimHall,Two'sBlues
114.613696145,128.731428571,solo_02_03,"s_g,b_b,b_dr",JimHall,Two'sBlues
128.731428571,143.406439909,solo_02_04,"s_g,b_b,b_dr",JimHall,Two'sBlues
143.406439909,157.524172335,solo_02_05,"s_g,b_b,b_dr",JimHall,Two'sBlues
157.524172335,173.592380952,solo_02_06,"s_g,b_b,b_dr",JimHall,Two'sBlues
173.592380952,191.703945578,solo_02_07,"s_g,s_dr,b_b",JimHall,Two'sBlues
191.703945578,207.214875283,theme_02_01,"g,b,dr",JimHall,Two'sBlues
207.214875283,225.976598639,theme_02_02,"g,tp,b,dr",JimHall,Two'sBlues
225.976598639,231.53333333333333,silence,,JimHall,Two'sBlues
0.0,0.371519274,silence,,JimHall,You'dBeSoNiceToComeHomeTo
0.371519274,37.61632653,theme_01_01,"g,p,b,dr",JimHall,You'dBeSoNiceToComeHomeTo
37.61632653,72.28371882,solo_01_01,"s_g,b_p,b_b,b_dr",JimHall,You'dBeSoNiceToComeHomeTo
72.28371882,105.69723356,solo_01_02,"s_g,b_p,b_b,b_dr",JimHall,You'dBeSoNiceToComeHomeTo
105.69723356,140.248526077,solo_02_01,"s_as,b_g,b_b,b_dr",JimHall,You'dBeSoNiceToComeHomeTo
140.248526077,174.915918367,solo_02_02,"s_as,b_tp,b_g,b_b,b_dr",JimHall,You'dBeSoNiceToComeHomeTo
174.915918367,209.327891156,solo_03_01,"s_tp,b_p,b_b,b_dr",JimHall,You'dBeSoNiceToComeHomeTo
209.327891156,243.043265306,solo_03_02,"s_tp,b_p,b_b,b_dr",JimHall,You'dBeSoNiceToComeHomeTo
243.043265306,276.758639455,solo_04_01,"s_p,b_b,b_dr",JimHall,You'dBeSoNiceToComeHomeTo
276.758639455,310.311473922,solo_04_02,"s_p,b_b,b_dr",JimHall,You'dBeSoNiceToComeHomeTo
310.311473922,344.630566893,solo_05_01,"s_b,b_g,b_dr",JimHall,You'dBeSoNiceToComeHomeTo
344.630566893,378.253061224,solo_06_01,"s_g,b_p,b_b,b_dr",JimHall,You'dBeSoNiceToComeHomeTo
378.253061224,422.835374149,theme_02_01,"g,p,b,dr",JimHall,You'dBeSoNiceToComeHomeTo
422.835374149,427.06666666666666,silence,,JimHall,You'dBeSoNiceToComeHomeTo
0.0,1.175510204,silence,,JoeHenderson,In'NOut
1.175510204,27.428571428,theme_01_01,"tp,ts,p,b,dr",JoeHenderson,In'NOut
27.428571428,55.902040816,solo_01_01,"s_ts,b_p,b_b,b_dr",JoeHenderson,In'NOut
55.902040816,83.2,solo_01_02,"s_ts,b_p,b_b,b_dr",JoeHenderson,In'NOut
83.2,109.975510204,solo_01_03,"s_ts,b_p,b_b,b_dr",JoeHenderson,In'NOut
109.975510204,137.012244897,solo_01_04,"s_ts,b_p,b_b,b_dr",JoeHenderson,In'NOut
137.012244897,163.004081632,solo_01_05,"s_ts,b_p,b_b,b_dr",JoeHenderson,In'NOut
163.004081632,189.126530612,solo_01_06,"s_ts,b_p,b_b,b_dr",JoeHenderson,In'NOut
189.126530612,212.897959183,solo_01_07,"s_ts,b_p,b_b,b_dr",JoeHenderson,In'NOut
212.897959183,236.27755102,solo_02_01,"s_p,b_b,b_dr",JoeHenderson,In'NOut
236.27755102,260.440816326,solo_02_02,"s_p,b_b,b_dr",JoeHenderson,In'NOut
260.440816326,284.865306122,solo_02_03,"s_p,b_b,b_dr",JoeHenderson,In'NOut
284.865306122,311.379591836,solo_02_04,"s_p,b_b,b_dr",JoeHenderson,In'NOut
311.379591836,337.763265306,solo_02_05,"s_p,b_b,b_dr",JoeHenderson,In'NOut
337.763265306,364.53877551,solo_02_06,"s_p,b_b,b_dr",JoeHenderson,In'NOut
364.53877551,389.87755102,solo_02_07,"s_p,b_b,b_dr",JoeHenderson,In'NOut
389.87755102,414.040816326,solo_03_01,"s_tp,b_p,b_b,b_dr",JoeHenderson,In'NOut
414.040816326,438.465306122,solo_03_02,"s_tp,b_p,b_b,b_dr",JoeHenderson,In'NOut
438.465306122,462.497959183,solo_03_03,"s_tp,b_p,b_b,b_dr",JoeHenderson,In'NOut
462.497959183,487.183673469,solo_03_04,"s_tp,b_p,b_b,b_dr",JoeHenderson,In'NOut
487.183673469,510.824489795,solo_03_05,"s_tp,b_p,b_b,b_dr",JoeHenderson,In'NOut
510.824489795,539.167346938,solo_04_01,"s_ts,b_p,b_b,b_dr",JoeHenderson,In'NOut
539.167346938,565.159183673,solo_04_02,"s_ts,b_p,b_b,b_dr",JoeHenderson,In'NOut
565.159183673,594.082539682,solo_04_03,"s_ts,b_p,b_b,b_dr",JoeHenderson,In'NOut
594.082539682,622.515374149,theme_02_01,"tp,ts,p,b,dr",JoeHenderson,In'NOut
622.515374149,624.4059637188209,silence,,JoeHenderson,In'NOut
0.0,0.255419501,silence,,JoeHenderson,JohnnyComeLately
0.255419501,30.882539682,theme_01_01,"tp,ts,p,b,dr",JoeHenderson,JohnnyComeLately
30.882539682,62.461678004,solo_01_01,"s_tp,b_p,b_b,b_dr",JoeHenderson,JohnnyComeLately
62.461678004,94.783854875,solo_01_02,"s_tp,b_p,b_b,b_dr",JoeHenderson,JohnnyComeLately
94.783854875,125.852154195,solo_02_01,"s_ts,b_p,b_b,b_dr",JoeHenderson,JohnnyComeLately
125.852154195,156.154195011,solo_02_02,"s_ts,b_p,b_b,b_dr",JoeHenderson,JohnnyComeLately
156.154195011,186.665215419,solo_02_03,"s_ts,b_p,b_b,b_dr",JoeHenderson,JohnnyComeLately
186.665215419,216.897596371,solo_03_01,"s_p,b_b,b_dr",JoeHenderson,JohnnyComeLately
216.897596371,246.665578231,solo_03_02,"s_p,b_b,b_dr",JoeHenderson,JohnnyComeLately
246.665578231,277.408798185,solo_04_01,"s_b,b_p,b_dr",JoeHenderson,JohnnyComeLately
277.408798185,307.478639455,solo_05_01,"s_dr,s_tp,s_ts,b_b",JoeHenderson,JohnnyComeLately
307.478639455,337.246621315,solo_05_02,"s_dr,s_tp,s_ts,b_b",JoeHenderson,JohnnyComeLately
337.246621315,382.688072562,theme_02_01,"tp,ts,p,b,dr",JoeHenderson,JohnnyComeLately
382.688072562,391.50666666666666,silence,,JoeHenderson,JohnnyComeLately
0.0,0.487619047,silence,,JoeHenderson,Punjab
0.487619047,12.956734693,intro,"tp,ts,p,b,dr",JoeHenderson,Punjab
12.956734693,40.91356009,theme_01_01,"tp,ts,p,b,dr",JoeHenderson,Punjab
40.91356009,68.847165532,theme_01_02,"tp,ts,p,b,dr",JoeHenderson,Punjab
68.847165532,95.991292517,solo_01_01,"s_ts,b_p,b_b,b_dr",JoeHenderson,Punjab
95.991292517,123.112199546,solo_01_02,"s_ts,b_p,b_b,b_dr",JoeHenderson,Punjab
123.112199546,149.977687074,solo_01_03,"s_ts,b_p,b_b,b_dr",JoeHenderson,Punjab
149.977687074,176.889614512,solo_01_04,"s_ts,b_p,b_b,b_dr",JoeHenderson,Punjab
176.889614512,204.544580498,solo_01_05,"s_ts,b_p,b_b,b_dr",JoeHenderson,Punjab
204.544580498,232.431746031,solo_02_01,"s_tp,b_p,b_b,b_dr",JoeHenderson,Punjab
232.431746031,261.317369614,solo_02_02,"s_tp,b_p,b_b,b_dr",JoeHenderson,Punjab
261.317369614,287.973877551,solo_02_03,"s_tp,b_p,b_b,b_dr",JoeHenderson,Punjab
287.973877551,314.816145124,solo_02_04,"s_tp,b_p,b_b,b_dr",JoeHenderson,Punjab
314.816145124,341.960272108,solo_03_01,"s_p,b_b,b_dr",JoeHenderson,Punjab
341.960272108,368.361360544,solo_03_02,"s_p,b_b,b_dr",JoeHenderson,Punjab
368.361360544,395.296507936,solo_03_03,"s_p,b_b,b_dr",JoeHenderson,Punjab
395.296507936,421.233197278,solo_03_04,"s_p,b_b,b_dr",JoeHenderson,Punjab
421.233197278,447.425306122,solo_04_01,"s_ts,b_p,b_b,b_dr",JoeHenderson,Punjab
447.425306122,473.687074829,solo_04_02,"s_ts,b_p,b_b,b_dr",JoeHenderson,Punjab
473.687074829,501.249160997,theme_02_01,"tp,ts,p,b,dr",JoeHenderson,Punjab
501.249160997,544.531156461,theme_02_02,"tp,ts,p,b,dr",JoeHenderson,Punjab
544.531156461,548.4157596371882,silence,,JoeHenderson,Punjab
0.0,0.441179138,silence,,JoeHenderson,Serenity
0.441179138,22.476916099,theme_01_01,"tp,ts,p,b,dr",JoeHenderson,Serenity
22.476916099,45.023492063,theme_01_02,"tp,ts,p,b,dr",JoeHenderson,Serenity
45.023492063,66.246530612,solo_01_01,"s_tp,b_p,b_b,b_dr",JoeHenderson,Serenity
66.246530612,88.003628117,solo_01_02,"s_tp,b_p,b_b,b_dr",JoeHenderson,Serenity
88.003628117,109.482086167,solo_02_01,"s_ts,b_p,b_b,b_dr",JoeHenderson,Serenity
109.482086167,131.1230839,solo_02_02,"s_ts,b_p,b_b,b_dr",JoeHenderson,Serenity
131.1230839,152.346122448,solo_02_03,"s_ts,b_p,b_b,b_dr",JoeHenderson,Serenity
152.346122448,173.638820861,solo_02_04,"s_ts,b_p,b_b,b_dr",JoeHenderson,Serenity
173.638820861,194.815419501,solo_02_05,"s_ts,b_p,b_b,b_dr",JoeHenderson,Serenity
194.815419501,216.131337868,solo_03_01,"s_p,b_b,b_dr",JoeHenderson,Serenity
216.131337868,237.400816326,solo_03_02,"s_p,b_b,b_dr",JoeHenderson,Serenity
237.400816326,258.60063492,solo_03_03,"s_p,b_b,b_dr",JoeHenderson,Serenity
258.60063492,279.637913832,solo_03_04,"s_p,b_b,b_dr",JoeHenderson,Serenity
279.637913832,301.186031746,solo_04_01,"s_b,b_p,b_dr",JoeHenderson,Serenity
301.186031746,322.478730158,solo_04_02,"s_b,b_p,b_dr",JoeHenderson,Serenity
322.478730158,344.259047619,theme_02_01,"tp,ts,p,b,dr",JoeHenderson,Serenity
344.259047619,373.492970521,theme_02_02,"tp,ts,p,b,dr",JoeHenderson,Serenity
373.492970521,376.1904535147392,silence,,JoeHenderson,Serenity
0.0,0.326530612,silence,,JoeHenderson,U.M.M.G.
0.326530612,9.142857142,intro,"p,b,dr",JoeHenderson,U.M.M.G.
9.142857142,27.134693877,theme_01_01,"tp,ts,p,b,dr",JoeHenderson,U.M.M.G.
27.134693877,45.093877551,theme_01_02,"tp,ts,p,b,dr",JoeHenderson,U.M.M.G.
45.093877551,62.726530612,solo_01_01,"s_ts,b_p,b_b,b_dr",JoeHenderson,U.M.M.G.
62.726530612,79.771428571,solo_01_02,"s_ts,b_p,b_b,b_dr",JoeHenderson,U.M.M.G.
79.771428571,97.502040816,solo_01_03,"s_ts,b_p,b_b,b_dr",JoeHenderson,U.M.M.G.
97.502040816,114.906122448,solo_01_04,"s_ts,b_p,b_b,b_dr",JoeHenderson,U.M.M.G.
114.906122448,132.473469387,solo_02_01,"s_tp,b_p,b_b,b_dr",JoeHenderson,U.M.M.G.
132.473469387,149.746938775,solo_02_02,"s_tp,b_p,b_b,b_dr",JoeHenderson,U.M.M.G.
149.746938775,167.21632653,solo_02_03,"s_tp,b_p,b_b,b_dr",JoeHenderson,U.M.M.G.
167.21632653,184.032653061,solo_02_04,"s_tp,b_p,b_b,b_dr",JoeHenderson,U.M.M.G.
184.032653061,201.240816326,solo_03_01,"s_p,b_b,b_dr",JoeHenderson,U.M.M.G.
201.240816326,218.612244897,solo_03_02,"s_p,b_b,b_dr",JoeHenderson,U.M.M.G.
218.612244897,235.657142857,solo_03_03,"s_p,b_b,b_dr",JoeHenderson,U.M.M.G.
235.657142857,252.400907029,solo_03_04,"s_p,b_b,b_dr",JoeHenderson,U.M.M.G.
252.400907029,270.024852607,theme_02_01,"tp,ts,p,b,dr",JoeHenderson,U.M.M.G.
270.024852607,298.09777777700003,theme_02_02,"tp,ts,p,b,dr",JoeHenderson,U.M.M.G.
298.09777777700003,303.2933333333333,silence,,JoeHenderson,U.M.M.G.
0.0,0.522448979,silence,,JoeLovano,BodyAndSoul
0.522448979,42.971428571,intro,p,JoeLovano,BodyAndSoul
42.971428571,171.363265306,theme_01_01,"ts,p",JoeLovano,BodyAndSoul
171.363265306,294.008163265,solo_01_01,"s_ts,b_p",JoeLovano,BodyAndSoul
294.008163265,447.21632653,solo_02_01,"s_p,s_ts",JoeLovano,BodyAndSoul
447.21632653,457.2,silence,,JoeLovano,BodyAndSoul
0.0,2.856054421,silence,,JoeLovano,CentralParkWest
2.856054421,78.901405895,theme_01_01,"ts,p,b,dr",JoeLovano,CentralParkWest
78.901405895,155.016417233,solo_01_01,"s_p,b_b,b_dr",JoeLovano,CentralParkWest
155.016417233,233.894603174,solo_02_01,"s_ts,b_p,b_b,b_dr",JoeLovano,CentralParkWest
233.894603174,310.172154195,solo_02_02,"s_ts,b_p,b_b,b_dr",JoeLovano,CentralParkWest
310.172154195,359.37523809500004,theme_02_01,"ts,p,b,dr",JoeLovano,CentralParkWest
359.37523809500004,368.29333333333335,silence,,JoeLovano,CentralParkWest
0.0,0.522448979,silence,,JoeLovano,ICan'tGetStarted
0.522448979,9.534693877,intro,"ts,b",JoeLovano,ICan'tGetStarted
9.534693877,46.106122448,theme_01_01,"ts,b,dr",JoeLovano,ICan'tGetStarted
46.106122448,82.285714285,solo_01_01,"s_ts,b_b,b_dr",JoeLovano,ICan'tGetStarted
82.285714285,118.465306122,solo_01_02,"s_ts,b_b,b_dr",JoeLovano,ICan'tGetStarted
118.465306122,154.383673469,solo_01_03,"s_ts,b_b,b_dr",JoeLovano,ICan'tGetStarted
154.383673469,189.779591836,solo_01_04,"s_ts,b_b,b_dr",JoeLovano,ICan'tGetStarted
189.779591836,225.306122448,solo_01_05,"s_ts,b_b,b_dr",JoeLovano,ICan'tGetStarted
225.306122448,236.146938774,outro,"b,tp",JoeLovano,ICan'tGetStarted
236.146938774,238.69337868480724,silence,,JoeLovano,ICan'tGetStarted
0.0,0.232199546,silence,,JoeLovano,LittleWillieLeapsIn
0.232199546,26.563628117,theme_01_01,"ts,p,b,dr",JoeLovano,LittleWillieLeapsIn
26.563628117,52.523537414,solo_01_01,"s_p,b_b,b_dr",JoeLovano,LittleWillieLeapsIn
52.523537414,78.483446712,solo_01_02,"s_p,b_b,b_dr",JoeLovano,LittleWillieLeapsIn
78.483446712,103.793197278,solo_01_03,"s_p,b_b,b_dr",JoeLovano,LittleWillieLeapsIn
103.793197278,129.42802721,solo_01_04,"s_p,b_b,b_dr",JoeLovano,LittleWillieLeapsIn
129.42802721,154.598458049,solo_01_05,"s_p,b_b,b_dr",JoeLovano,LittleWillieLeapsIn
154.598458049,180.186848072,solo_02_01,"s_ts,b_p,b_b,b_dr",JoeLovano,LittleWillieLeapsIn
180.186848072,206.10031746,solo_02_02,"s_ts,b_p,b_b,b_dr",JoeLovano,LittleWillieLeapsIn
206.10031746,231.642267573,solo_02_03,"s_ts,b_b,b_dr",JoeLovano,LittleWillieLeapsIn
231.642267573,256.487619047,solo_02_04,"s_ts,b_b,b_dr",JoeLovano,LittleWillieLeapsIn
256.487619047,282.07600907,solo_02_05,"s_ts,b_p,b_b,b_dr",JoeLovano,LittleWillieLeapsIn
282.07600907,306.967800453,solo_02_06,"s_ts,b_p,b_b,b_dr",JoeLovano,LittleWillieLeapsIn
306.967800453,333.484988662,solo_02_07,"s_ts,b_p,b_b,b_dr",JoeLovano,LittleWillieLeapsIn
333.484988662,360.095056689,solo_02_08,"s_ts,b_p,b_b,b_dr",JoeLovano,LittleWillieLeapsIn
360.095056689,387.726802721,solo_03_01,s_dr,JoeLovano,LittleWillieLeapsIn
387.726802721,419.398820861,solo_03_02,s_dr,JoeLovano,LittleWillieLeapsIn
419.398820861,449.399002267,solo_03_03,s_dr,JoeLovano,LittleWillieLeapsIn
449.399002267,473.64063492,solo_04_01,"s_ts,s_dr,b_p,b_b",JoeLovano,LittleWillieLeapsIn
473.64063492,496.999909297,solo_04_02,"s_ts,s_dr,b_p,b_b",JoeLovano,LittleWillieLeapsIn
496.999909297,521.102222222,solo_04_03,"s_ts,s_dr,b_p,b_b",JoeLovano,LittleWillieLeapsIn
521.102222222,545.66893424,theme_02_01,"ts,p,b,dr",JoeLovano,LittleWillieLeapsIn
545.66893424,563.2933333333333,silence,,JoeLovano,LittleWillieLeapsIn
0.0,2.925714285,silence,,JoeLovano,Lonnie'sLament
2.925714285,41.215419501,theme_01_01,"ts,p,b,dr",JoeLovano,Lonnie'sLament
41.215419501,79.22648526,solo_01_01,"s_ts,b_p,b_b,b_dr",JoeLovano,Lonnie'sLament
79.22648526,117.307210884,solo_01_02,"s_ts,b_p,b_b,b_dr",JoeLovano,Lonnie'sLament
117.307210884,155.480816326,solo_01_03,"s_ts,b_p,b_b,b_dr",JoeLovano,Lonnie'sLament
155.480816326,193.282902494,solo_01_04,"s_ts,b_p,b_b,b_dr",JoeLovano,Lonnie'sLament
193.282902494,230.992108843,solo_01_05,"s_ts,b_p,b_b,b_dr",JoeLovano,Lonnie'sLament
230.992108843,268.631655328,solo_01_06,"s_ts,b_p,b_b,b_dr",JoeLovano,Lonnie'sLament
268.631655328,306.735600907,solo_02_01,"s_p,b_b,b_dr",JoeLovano,Lonnie'sLament
306.735600907,344.885986394,solo_02_02,"s_p,b_b,b_dr",JoeLovano,Lonnie'sLament
344.885986394,382.47909297,solo_02_03,"s_p,b_b,b_dr",JoeLovano,Lonnie'sLament
382.47909297,419.654240362,solo_02_04,"s_p,b_b,b_dr",JoeLovano,Lonnie'sLament
419.654240362,457.247346938,solo_02_05,"s_p,b_b,b_dr",JoeLovano,Lonnie'sLament
457.247346938,493.888435374,solo_03_01,"s_ts,b_p,b_b,b_dr",JoeLovano,Lonnie'sLament
493.888435374,530.970702947,solo_03_02,"s_ts,b_p,b_b,b_dr",JoeLovano,Lonnie'sLament
530.970702947,569.167528344,solo_03_03,"s_ts,b_p,b_b,b_dr",JoeLovano,Lonnie'sLament
569.167528344,607.480453514,solo_03_04,"s_ts,b_p,b_b,b_dr",JoeLovano,Lonnie'sLament
607.480453514,656.5209977310001,outro,"ts,p,b,dr",JoeLovano,Lonnie'sLament
656.5209977310001,672.7333333333333,silence,,JoeLovano,Lonnie'sLament
0.0,0.975238095,silence,,JoeLovano,Work
0.975238095,2.2523356,intro,"ss,p,b,dr",JoeLovano,Work
2.2523356,42.26031746,theme_01_01,"ss,p,b,dr",JoeLovano,Work
42.26031746,82.384399092,solo_01_01,"s_b,b_p,b_dr",JoeLovano,Work
82.384399092,120.83664399,solo_02_01,"s_p,b_b,b_dr",JoeLovano,Work
120.83664399,158.569070294,solo_02_02,"s_p,b_b,b_dr",JoeLovano,Work
158.569070294,196.278276643,solo_03_01,"s_ss,b_p,b_b,b_dr",JoeLovano,Work
196.278276643,232.82648526,solo_03_02,"s_ss,b_p,b_b,b_dr",JoeLovano,Work
232.82648526,269.53723356,solo_03_03,"s_ss,b_p,b_b,b_dr",JoeLovano,Work
269.53723356,303.252607709,solo_04_01,s_dr,JoeLovano,Work
303.252607709,342.656870747,theme_02_01,"ss,p,b,dr",JoeLovano,Work
342.656870747,352.26666666666665,silence,,JoeLovano,Work
0.0,0.092879818,silence,,JohnColtrane,26=2
0.092879818,39.404263038,theme_01_01,"ts,p,b,dr",JohnColtrane,26=2
39.404263038,78.738866213,solo_01_01,"s_ts,b_b,b_dr",JohnColtrane,26=2
78.738866213,118.514648526,solo_01_02,"s_ts,b_b,b_dr",JohnColtrane,26=2
118.514648526,157.756371882,solo_01_03,"s_ts,b_b,b_dr",JohnColtrane,26=2
157.756371882,197.183854875,solo_01_04,"s_ts,b_b,b_dr",JohnColtrane,26=2
197.183854875,236.564897959,solo_02_01,"s_p,b_b,b_dr",JohnColtrane,26=2
236.564897959,275.876281179,solo_02_02,"s_p,b_b,b_dr",JohnColtrane,26=2
275.876281179,315.141224489,solo_02_03,"s_p,b_b,b_dr",JohnColtrane,26=2
315.141224489,368.477460316,theme_02_01,"ss,p,b,dr",JohnColtrane,26=2
368.477460316,373.0,silence,,JohnColtrane,26=2
0.0,0.255419501,silence,,JohnColtrane,Aisha
0.255419501,14.605351473,intro,"p,b,dr",JohnColtrane,Aisha
14.605351473,73.375056689,theme_01_01,"as,p,b,dr",JohnColtrane,Aisha
73.375056689,134.72217687,theme_01_02,"as,p,b,dr",JohnColtrane,Aisha
134.72217687,194.536780045,solo_01_01,"s_tp,b_p,b_b,b_dr",JohnColtrane,Aisha
194.536780045,256.464399092,solo_02_01,"s_as,b_p,b_b,b_dr",JohnColtrane,Aisha
256.464399092,318.269387755,solo_03_01,"s_p,b_b,b_dr",JohnColtrane,Aisha
318.269387755,379.885714285,solo_03_02,"s_p,b_b,b_dr",JohnColtrane,Aisha
379.885714285,455.020408162,theme_02_01,"as,p,b,dr",JohnColtrane,Aisha
455.020408162,459.4,silence,,JohnColtrane,Aisha
0.0,0.278639455,silence,,JohnColtrane,Bessie'sBlues
0.278639455,16.346848072,theme_01_01,"ts,p,b,dr",JohnColtrane,Bessie'sBlues
16.346848072,32.229297052,theme_01_02,"ts,p,b,dr",JohnColtrane,Bessie'sBlues
32.229297052,48.111746031,solo_01_01,"s_p,b_b,b_dr",JohnColtrane,Bessie'sBlues
48.111746031,63.994195011,solo_01_02,"s_p,b_b,b_dr",JohnColtrane,Bessie'sBlues
63.994195011,79.690884353,solo_01_03,"s_p,b_b,b_dr",JohnColtrane,Bessie'sBlues
79.690884353,95.666213151,solo_01_04,"s_p,b_b,b_dr",JohnColtrane,Bessie'sBlues
95.666213151,111.270022675,solo_02_01,"s_ts,b_p,b_b,b_dr",JohnColtrane,Bessie'sBlues
111.270022675,127.338231292,solo_02_02,"s_ts,b_p,b_b,b_dr",JohnColtrane,Bessie'sBlues
127.338231292,142.291882086,solo_02_03,"s_ts,b_p,b_b,b_dr",JohnColtrane,Bessie'sBlues
142.291882086,158.824489795,solo_02_04,"s_ts,b_p,b_b,b_dr",JohnColtrane,Bessie'sBlues
158.824489795,174.149659863,solo_02_05,"s_ts,b_p,b_b,b_dr",JohnColtrane,Bessie'sBlues
174.149659863,189.289070294,theme_02_01,"ts,p,b,dr",JohnColtrane,Bessie'sBlues
189.289070294,210.187029477,theme_02_02,"ts,p,b,dr",JohnColtrane,Bessie'sBlues
210.187029477,214.70666666666668,silence,,JohnColtrane,Bessie'sBlues
0.0,1.834376417,silence,,JohnColtrane,BlueTrain
1.834376417,39.357823129,theme_01_01,"tp,ts,tb,p,b,dr",JohnColtrane,BlueTrain
39.357823129,77.62430839,solo_01_01,"s_ts,b_p,b_b,b_dr",JohnColtrane,BlueTrain
77.62430839,119.002267573,solo_01_02,"s_ts,b_p,b_b,b_dr",JohnColtrane,BlueTrain
119.002267573,160.008707482,solo_01_03,"s_ts,b_p,b_b,b_dr",JohnColtrane,BlueTrain
160.008707482,202.779863945,solo_01_04,"s_ts,b_tp,b_tp,b_p,b_b,b_dr",JohnColtrane,BlueTrain
202.779863945,246.201179138,solo_02_01,"s_tp,b_p,b_b,b_dr",JohnColtrane,BlueTrain
246.201179138,288.693696145,solo_02_02,"s_tp,s_tb,b_p,b_b,b_dr",JohnColtrane,BlueTrain
288.693696145,332.672290249,solo_02_03,"s_tp,b_p,b_b,b_dr",JohnColtrane,BlueTrain
332.672290249,376.558004535,solo_03_01,"s_tb,b_p,b_b,b_dr",JohnColtrane,BlueTrain
376.558004535,420.257959183,solo_03_02,"s_tb,b_p,b_b,b_dr",JohnColtrane,BlueTrain
420.257959183,462.866575963,solo_04_01,"s_p,b_b,b_dr",JohnColtrane,BlueTrain
462.866575963,505.66095238,solo_04_02,"s_p,b_b,b_dr",JohnColtrane,BlueTrain
505.66095238,546.829931972,solo_04_03,"s_p,b_b,b_dr",JohnColtrane,BlueTrain
546.829931972,591.342585034,solo_05_01,"s_b,b_dr",JohnColtrane,BlueTrain
591.342585034,640.12770975,theme_02_01,"tp,ts,tb,p,b,dr",JohnColtrane,BlueTrain
640.12770975,643.1866666666666,silence,,JohnColtrane,BlueTrain
0.0,0.185759637,silence,,JohnColtrane,BodyAndSoul
0.185759637,28.421224489,intro,"p,b,dr",JohnColtrane,BodyAndSoul
28.421224489,138.66956916,theme_01_01,"ts,p,b,dr",JohnColtrane,BodyAndSoul
138.66956916,250.125351473,solo_01_01,"s_p,b_b,b_dr",JohnColtrane,BodyAndSoul
250.125351473,354.150748298,solo_02_01,"s_ts,b_p,b_b,b_dr",JohnColtrane,BodyAndSoul
354.150748298,359.12,silence,,JohnColtrane,BodyAndSoul
0.0,0.326530612,silence,,JohnColtrane,BodyAndSoul
0.326530612,14.302040816,intro,"p,b,dr",JohnColtrane,BodyAndSoul
14.302040816,122.710204081,theme_01_01,"as,p,b,dr",JohnColtrane,BodyAndSoul
122.710204081,230.922448979,solo_01_01,"s_p,b_b,b_dr",JohnColtrane,BodyAndSoul
230.922448979,333.58367346800003,solo_02_01,"s_as,b_p,b_b,b_dr",JohnColtrane,BodyAndSoul
333.58367346800003,340.6666666666667,silence,,JohnColtrane,BodyAndSoul
0.0,0.424489795,silence,,JohnColtrane,Countdown
0.424489795,23.836734693,intro,dr,JohnColtrane,Countdown
23.836734693,46.497959183,theme_01_01,"ts,dr",JohnColtrane,Countdown
46.497959183,67.983673469,solo_01_01,"s_ts,b_dr",JohnColtrane,Countdown
67.983673469,88.587755102,solo_01_02,"s_ts,b_p,b_dr",JohnColtrane,Countdown
88.587755102,107.722448979,solo_01_03,"s_ts,b_p,b_dr",JohnColtrane,Countdown
107.722448979,139.918367346,theme_02_01,"ts,p,b,dr",JohnColtrane,Countdown
139.918367346,145.42666666666668,silence,,JohnColtrane,Countdown
0.0,0.255419501,silence,,JohnColtrane,DahomeyDance
0.255419501,37.175147392,intro,"p,dr,b",JohnColtrane,DahomeyDance
37.175147392,82.198639455,theme_01_01,"tp,as,as,p,b,dr",JohnColtrane,DahomeyDance
82.198639455,126.595192743,solo_01_01,"s_as,b_p,b_b,b_dr",JohnColtrane,DahomeyDance
126.595192743,170.457687074,solo_01_02,"s_as,b_p,b_b,b_dr",JohnColtrane,DahomeyDance
170.457687074,215.016780045,solo_01_03,"s_as,b_p,b_b,b_dr",JohnColtrane,DahomeyDance
215.016780045,259.877732426,solo_01_04,"s_as,b_p,b_b,b_dr",JohnColtrane,DahomeyDance
259.877732426,304.653061224,solo_02_01,"s_tp,b_p,b_b,b_dr",JohnColtrane,DahomeyDance
304.653061224,349.208163265,solo_02_02,"s_tp,b_p,b_b,b_dr",JohnColtrane,DahomeyDance
349.208163265,394.057142857,solo_02_03,"s_tp,b_p,b_b,b_dr",JohnColtrane,DahomeyDance
394.057142857,438.873469387,solo_03_01,"s_as,b_p,b_b,b_dr",JohnColtrane,DahomeyDance
438.873469387,483.183673469,solo_03_02,"s_as,b_p,b_b,b_dr",JohnColtrane,DahomeyDance
483.183673469,528.391836734,solo_03_03,"s_as,b_p,b_b,b_dr",JohnColtrane,DahomeyDance
528.391836734,573.485714285,solo_04_01,"s_p,b_b,b_dr",JohnColtrane,DahomeyDance
573.485714285,618.971428571,solo_04_02,"s_p,b_b,b_dr",JohnColtrane,DahomeyDance
618.971428571,648.914285713,theme_02_01,"tp,as,as,p,b,dr",JohnColtrane,DahomeyDance
648.914285713,652.4266666666666,silence,,JohnColtrane,DahomeyDance
0.0,0.417959184,silence,,JohnColtrane,GiantSteps
0.417959184,13.734603175,theme_01_01,"ts,p,b,dr",JohnColtrane,GiantSteps
13.734603175,27.295056689,theme_01_02,"ts,p,b,dr",JohnColtrane,GiantSteps
27.295056689,40.449160998,solo_01_01,"s_ts,b_p,b_b,b_dr",JohnColtrane,GiantSteps
40.449160998,53.568435374,solo_01_02,"s_ts,b_p,b_b,b_dr",JohnColtrane,GiantSteps
53.568435374,66.827029478,solo_01_03,"s_ts,b_p,b_b,b_dr",JohnColtrane,GiantSteps
66.827029478,80.050793651,solo_01_04,"s_ts,b_p,b_b,b_dr",JohnColtrane,GiantSteps
80.050793651,93.529977324,solo_01_05,"s_ts,b_p,b_b,b_dr",JohnColtrane,GiantSteps
93.529977324,106.730521542,solo_01_06,"s_ts,b_p,b_b,b_dr",JohnColtrane,GiantSteps
106.730521542,120.070385488,solo_01_07,"s_ts,b_p,b_b,b_dr",JohnColtrane,GiantSteps
120.070385488,133.46829932,solo_01_08,"s_ts,b_p,b_b,b_dr",JohnColtrane,GiantSteps
133.46829932,146.668843537,solo_01_09,"s_ts,b_p,b_b,b_dr",JohnColtrane,GiantSteps
146.668843537,159.89260771,solo_01_10,"s_ts,b_p,b_b,b_dr",JohnColtrane,GiantSteps
159.89260771,173.011882086,solo_01_11,"s_ts,b_p,b_b,b_dr",JohnColtrane,GiantSteps
173.011882086,186.061496599,solo_01_12,"s_ts,b_p,b_b,b_dr",JohnColtrane,GiantSteps
186.061496599,198.751201814,solo_02_01,"s_p,b_b,b_dr",JohnColtrane,GiantSteps
198.751201814,211.522176871,solo_02_02,"s_p,b_b,b_dr",JohnColtrane,GiantSteps
211.522176871,224.1538322,solo_02_03,"s_p,b_b,b_dr",JohnColtrane,GiantSteps
224.1538322,236.831927438,solo_02_04,"s_p,b_b,b_dr",JohnColtrane,GiantSteps
236.831927438,249.858321995,solo_03_01,"s_ts,b_p,b_b,b_dr",JohnColtrane,GiantSteps
249.858321995,263.128526077,theme_02_01,"ts,p,b,dr",JohnColtrane,GiantSteps
263.128526077,282.830657596,theme_02_02,"ts,p,b,dr",JohnColtrane,GiantSteps
282.830657596,287.0133333333333,silence,,JohnColtrane,GiantSteps
0.0,1.486077097,silence,,JohnColtrane,Impressions
1.486077097,30.650340136,theme_01_01,"ts,p,b,dr",JohnColtrane,Impressions
30.650340136,59.257324263,solo_01_01,"s_ts,b_p,b_b,b_dr",JohnColtrane,Impressions
59.257324263,86.759183673,solo_01_02,"s_ts,b_p,b_b,b_dr",JohnColtrane,Impressions
86.759183673,114.057142857,solo_01_03,"s_ts,b_p,b_b,b_dr",JohnColtrane,Impressions
114.057142857,140.930612244,solo_01_04,"s_ts,b_p,b_b,b_dr",JohnColtrane,Impressions
140.930612244,168.946938775,solo_01_05,"s_ts,b_b,b_dr",JohnColtrane,Impressions
168.946938775,196.212244897,solo_01_06,"s_ts,b_b,b_dr",JohnColtrane,Impressions
196.212244897,223.151020408,solo_01_07,"s_ts,b_b,b_dr",JohnColtrane,Impressions
223.151020408,250.024489795,solo_01_08,"s_ts,b_b,b_dr",JohnColtrane,Impressions
250.024489795,276.995918367,solo_01_09,"s_ts,b_b,b_dr",JohnColtrane,Impressions
276.995918367,302.171428571,solo_01_10,"s_ts,b_b,b_dr",JohnColtrane,Impressions
302.171428571,328.424489795,solo_01_11,"s_ts,b_b,b_dr",JohnColtrane,Impressions
328.424489795,354.089795918,solo_01_12,"s_ts,b_b,b_dr",JohnColtrane,Impressions
354.089795918,380.048979591,solo_01_13,"s_ts,b_b,b_dr",JohnColtrane,Impressions
380.048979591,406.922448979,solo_01_14,"s_ts,b_b,b_dr",JohnColtrane,Impressions
406.922448979,432.979591836,solo_01_15,"s_ts,b_b,b_dr",JohnColtrane,Impressions
432.979591836,458.057142857,solo_01_16,"s_ts,b_b,b_dr",JohnColtrane,Impressions
458.057142857,484.897959183,solo_01_17,"s_ts,b_b,b_dr",JohnColtrane,Impressions
484.897959183,510.922448979,solo_01_18,"s_ts,b_b,b_dr",JohnColtrane,Impressions
510.922448979,536.359183673,solo_01_19,"s_ts,b_b,b_dr",JohnColtrane,Impressions
536.359183673,562.15510204,solo_01_20,"s_ts,b_b,b_dr",JohnColtrane,Impressions
562.15510204,587.330612244,solo_01_21,"s_ts,b_b,b_dr",JohnColtrane,Impressions
587.330612244,613.191836734,solo_01_22,"s_ts,b_b,b_dr",JohnColtrane,Impressions
613.191836734,638.595918367,solo_01_23,"s_ts,b_b,b_dr",JohnColtrane,Impressions
638.595918367,663.510204081,solo_01_24,"s_ts,b_b,b_dr",JohnColtrane,Impressions
663.510204081,689.763265306,solo_01_25,"s_ts,b_b,b_dr",JohnColtrane,Impressions
689.763265306,715.297959183,solo_01_26,"s_ts,b_b,b_dr",JohnColtrane,Impressions
715.297959183,740.506122448,solo_01_27,"s_ts,b_b,b_dr",JohnColtrane,Impressions
740.506122448,765.910204081,solo_01_28,"s_ts,b_b,b_dr",JohnColtrane,Impressions
765.910204081,791.346938775,solo_01_29,"s_ts,b_b,b_dr",JohnColtrane,Impressions
791.346938775,816.620408163,solo_01_30,"s_ts,b_b,b_dr",JohnColtrane,Impressions
816.620408163,841.828571428,solo_01_31,"s_ts,b_b,b_dr",JohnColtrane,Impressions
841.828571428,868.244897959,theme_02_01,"ts,p,b,dr",JohnColtrane,Impressions
868.244897959,885.028571428,theme_02_02,"ts1,ts2,p,b,dr",JohnColtrane,Impressions
885.028571428,896.6533333333333,silence,,JohnColtrane,Impressions
0.0,0.424489795,silence,,JohnColtrane,Impressions
0.424489795,29.714285714,theme_01_01,"ts,p,b,dr",JohnColtrane,Impressions
29.714285714,56.285170068,solo_01_01,"s_p,b_b,b_dr",JohnColtrane,Impressions
56.285170068,84.706394557,solo_01_01,"s_p,b_b,b_dr",JohnColtrane,Impressions
84.706394557,113.034739229,solo_01_02,"s_p,b_b,b_dr",JohnColtrane,Impressions
113.034739229,141.920362811,solo_01_03,"s_p,b_b,b_dr",JohnColtrane,Impressions
141.920362811,170.062947845,solo_01_04,"s_p,b_b,b_dr",JohnColtrane,Impressions
170.062947845,199.412970521,solo_01_05,"s_p,b_b,b_dr",JohnColtrane,Impressions
199.412970521,228.112834467,solo_01_06,"s_p,b_b,b_dr",JohnColtrane,Impressions
228.112834467,255.326621315,solo_01_07,"s_p,b_b,b_dr",JohnColtrane,Impressions
255.326621315,281.704489795,solo_01_08,"s_p,b_b,b_dr",JohnColtrane,Impressions
281.704489795,308.268117913,solo_01_09,"s_p,b_b,b_dr",JohnColtrane,Impressions
308.268117913,337.896780045,solo_02_01,"s_ts,b_p,b_b,b_dr",JohnColtrane,Impressions
337.896780045,366.039365079,solo_02_02,"s_ts,b_p,b_b,b_dr",JohnColtrane,Impressions
366.039365079,394.181950113,solo_02_03,"s_ts,b_p,b_b,b_dr",JohnColtrane,Impressions
394.181950113,421.395736961,solo_02_04,"s_ts,b_p,b_b,b_dr",JohnColtrane,Impressions
421.395736961,449.073922902,solo_02_05,"s_ts,b_p,b_b,b_dr",JohnColtrane,Impressions
449.073922902,478.423945578,solo_02_06,"s_ts,b_p,b_b,b_dr",JohnColtrane,Impressions
478.423945578,508.145487528,solo_03_01,"s_ts,s_dr",JohnColtrane,Impressions
508.145487528,536.566712018,solo_03_02,"s_ts,s_dr",JohnColtrane,Impressions
536.566712018,563.594739229,solo_03_03,"s_ts,s_dr",JohnColtrane,Impressions
563.594739229,591.737324263,solo_03_04,"s_ts,s_dr",JohnColtrane,Impressions
591.737324263,620.808707482,solo_03_05,"s_ts,s_dr",JohnColtrane,Impressions
620.808707482,648.394013605,solo_03_06,"s_ts,s_dr",JohnColtrane,Impressions
648.394013605,688.8896145120001,theme_02_01,"ts,p,b,dr",JohnColtrane,Impressions
688.8896145120001,697.0266666666666,silence,,JohnColtrane,Impressions
0.0,0.348299319,silence,,JohnColtrane,Mr.P.C.
0.348299319,23.010975056,theme_01_01,"ts,p,b,dr",JohnColtrane,Mr.P.C.
23.010975056,45.325351473,solo_01_01,"s_ts,b_p,b_b,b_dr",JohnColtrane,Mr.P.C.
45.325351473,67.546848072,solo_01_02,"s_ts,b_p,b_b,b_dr",JohnColtrane,Mr.P.C.
67.546848072,89.838004535,solo_01_03,"s_ts,b_p,b_b,b_dr",JohnColtrane,Mr.P.C.
89.838004535,112.314920634,solo_01_04,"s_ts,b_p,b_b,b_dr",JohnColtrane,Mr.P.C.
112.314920634,134.644897959,solo_01_05,"s_ts,b_p,b_b,b_dr",JohnColtrane,Mr.P.C.
134.644897959,157.028571428,solo_01_06,"s_ts,b_p,b_b,b_dr",JohnColtrane,Mr.P.C.
157.028571428,179.330612244,solo_01_07,"s_ts,b_p,b_b,b_dr",JohnColtrane,Mr.P.C.
179.330612244,201.665306122,solo_01_08,"s_ts,b_p,b_b,b_dr",JohnColtrane,Mr.P.C.
201.665306122,223.902040816,solo_02_01,"s_p,b_b,b_dr",JohnColtrane,Mr.P.C.
223.902040816,245.404081632,solo_02_02,"s_p,b_b,b_dr",JohnColtrane,Mr.P.C.
245.404081632,267.020408163,solo_02_03,"s_p,b_b,b_dr",JohnColtrane,Mr.P.C.
267.020408163,288.571428571,solo_02_04,"s_p,b_b,b_dr",JohnColtrane,Mr.P.C.
288.571428571,309.975510204,solo_02_05,"s_p,s_ts,s_dr",JohnColtrane,Mr.P.C.
309.975510204,331.412244897,solo_03_01,"s_ts,s_dr",JohnColtrane,Mr.P.C.
331.412244897,353.012244897,solo_03_02,"s_ts,s_dr",JohnColtrane,Mr.P.C.
353.012244897,374.840816326,solo_03_03,"s_ts,s_dr",JohnColtrane,Mr.P.C.
374.840816326,396.995918367,solo_03_04,"s_ts,s_dr",JohnColtrane,Mr.P.C.
396.995918367,416.01632653,theme_02_01,"ts,p,b,dr",JohnColtrane,Mr.P.C.
416.01632653,423.14666666666665,silence,,JohnColtrane,Mr.P.C.
0.0,0.326530612,silence,,JohnColtrane,MyFavoriteThings
0.326530612,18.155102041,intro,"p,b,dr",JohnColtrane,MyFavoriteThings
18.155102041,138.971428571,theme_01_01,"ts,p,b,dr",JohnColtrane,MyFavoriteThings
138.971428571,287.869387755,theme_01_02,"p,b,dr",JohnColtrane,MyFavoriteThings
287.869387755,422.66122449,solo_01_01,"s_p,b_b,b_dr",JohnColtrane,MyFavoriteThings
422.66122449,570.514285714,solo_02_01,"s_ts,b_p,b_b,b_dr",JohnColtrane,MyFavoriteThings
570.514285714,697.469387755,solo_02_02,"s_ts,b_p,b_b,b_dr",JohnColtrane,MyFavoriteThings
697.469387755,810.840816326,theme_02_01,"ts,p,b,dr",JohnColtrane,MyFavoriteThings
810.840816326,824.2,silence,,JohnColtrane,MyFavoriteThings
0.0,0.261224489,silence,,JohnColtrane,NatureBoy
0.261224489,117.028571428,theme_01_01,"ts,p,b,dr",JohnColtrane,NatureBoy
117.028571428,161.306122448,solo_01_01,"s_ts,b_p,b_b,b_dr",JohnColtrane,NatureBoy
161.306122448,206.236734693,solo_01_02,"s_ts,b_p,b_b,b_dr",JohnColtrane,NatureBoy
206.236734693,253.910204081,solo_01_03,"s_ts,b_p,b_b,b_dr",JohnColtrane,NatureBoy
253.910204081,299.493877551,solo_01_04,"s_ts,b_p,b_b,b_dr",JohnColtrane,NatureBoy
299.493877551,346.122448979,solo_01_05,"s_ts,b_p,b_b,b_dr",JohnColtrane,NatureBoy
346.122448979,392.751020408,solo_01_06,"s_ts,b_p,b_b,b_dr",JohnColtrane,NatureBoy
392.751020408,435.853061224,solo_01_07,"s_ts,b_p,b_b,b_dr",JohnColtrane,NatureBoy
435.853061224,475.036734693,outro,"p,b,dr",JohnColtrane,NatureBoy
475.036734693,483.4266666666667,silence,,JohnColtrane,NatureBoy
0.0,0.417959183,silence,,JohnColtrane,Nutty
0.417959183,6.965986394,intro,p,JohnColtrane,Nutty
6.965986394,61.509659863,theme_01_01,"ts,p,b,dr",JohnColtrane,Nutty
61.509659863,116.657052154,solo_01_01,"s_ts,b_p,b_b,b_dr",JohnColtrane,Nutty
116.657052154,172.477823129,solo_01_02,"s_ts,b_b,b_dr",JohnColtrane,Nutty
172.477823129,228.670113378,solo_01_03,"s_ts,b_b,b_dr",JohnColtrane,Nutty
228.670113378,285.187482993,solo_02_01,"s_p,b_b,b_dr",JohnColtrane,Nutty
285.187482993,341.472653061,solo_02_02,"s_p,b_b,b_dr",JohnColtrane,Nutty
341.472653061,400.869297051,theme_02_01,"ts,p,b,dr",JohnColtrane,Nutty
400.869297051,403.18666666666667,silence,,JohnColtrane,Nutty
0.0,0.783673469,silence,,JohnColtrane,Soultrane
0.783673469,14.117732426,intro,p,JohnColtrane,Soultrane
14.117732426,63.344036281,theme_01_01,"ts,p,b,dr",JohnColtrane,Soultrane
63.344036281,110.526984126,theme_01_02,"ts,p,b,dr",JohnColtrane,Soultrane
110.526984126,134.304217687,solo_01_01,"s_ts,b_p,b_b,b_dr",JohnColtrane,Soultrane
134.304217687,157.152653061,solo_01_02,"s_ts,b_p,b_b,b_dr",JohnColtrane,Soultrane
157.152653061,179.815328798,solo_01_03,"s_ts,b_p,b_b,b_dr",JohnColtrane,Soultrane
179.815328798,203.964081632,solo_01_04,"s_ts,b_p,b_b,b_dr",JohnColtrane,Soultrane
203.964081632,227.741315192,solo_02_01,"s_p,b_b,b_dr",JohnColtrane,Soultrane
227.741315192,250.218231292,solo_02_02,"s_p,b_b,b_dr",JohnColtrane,Soultrane
250.218231292,273.252426303,solo_03_01,"s_ts,b_p,b_b,b_dr",JohnColtrane,Soultrane
273.252426303,321.549931971,theme_02_01,"ts,p,b,dr",JohnColtrane,Soultrane
321.549931971,324.0,silence,,JohnColtrane,Soultrane
0.0,1.207437641,silence,,JohnColtrane,Trane'sBlues
1.207437641,6.455147392,intro,b,JohnColtrane,Trane'sBlues
6.455147392,24.055873015,theme_01_01,"tp,ts,p,b,dr",JohnColtrane,Trane'sBlues
24.055873015,41.703038548,solo_01_01,"s_tp,b_p,b_b,b_dr",JohnColtrane,Trane'sBlues
41.703038548,59.257324263,solo_01_02,"s_tp,b_p,b_b,b_dr",JohnColtrane,Trane'sBlues
59.257324263,76.811609977,solo_01_03,"s_tp,b_p,b_b,b_dr",JohnColtrane,Trane'sBlues
76.811609977,94.4123356,solo_01_04,"s_tp,b_p,b_b,b_dr",JohnColtrane,Trane'sBlues
94.4123356,111.873741496,solo_01_05,"s_tp,b_p,b_b,b_dr",JohnColtrane,Trane'sBlues
111.873741496,129.381587301,solo_01_06,"s_tp,b_p,b_b,b_dr",JohnColtrane,Trane'sBlues
129.381587301,146.982312925,solo_02_01,"s_ts,b_p,b_b,b_dr",JohnColtrane,Trane'sBlues
146.982312925,164.49015873,solo_02_02,"s_ts,b_p,b_b,b_dr",JohnColtrane,Trane'sBlues
164.49015873,181.858684807,solo_02_03,"s_ts,b_p,b_b,b_dr",JohnColtrane,Trane'sBlues
181.858684807,199.320090702,solo_02_04,"s_ts,b_p,b_b,b_dr",JohnColtrane,Trane'sBlues
199.320090702,216.68861678,solo_02_05,"s_ts,b_p,b_b,b_dr",JohnColtrane,Trane'sBlues
216.68861678,234.057142857,solo_02_06,"s_ts,b_p,b_b,b_dr",JohnColtrane,Trane'sBlues
234.057142857,251.611428571,solo_02_07,"s_ts,b_p,b_b,b_dr",JohnColtrane,Trane'sBlues
251.611428571,269.397913832,solo_03_01,"s_p,b_b,b_dr",JohnColtrane,Trane'sBlues
269.397913832,286.952199546,solo_03_02,"s_p,b_b,b_dr",JohnColtrane,Trane'sBlues
286.952199546,304.413605442,solo_03_03,"s_p,b_b,b_dr",JohnColtrane,Trane'sBlues
304.413605442,321.875011337,solo_03_04,"s_p,b_b,b_dr",JohnColtrane,Trane'sBlues
321.875011337,339.52217687,solo_03_05,"s_p,b_b,b_dr",JohnColtrane,Trane'sBlues
339.52217687,357.35510204,solo_03_06,"s_p,b_b,b_dr",JohnColtrane,Trane'sBlues
357.35510204,375.373786848,solo_03_07,"s_p,b_b,b_dr",JohnColtrane,Trane'sBlues
375.373786848,393.485351473,solo_04_01,"s_b,b_p,b_dr",JohnColtrane,Trane'sBlues
393.485351473,411.596916099,solo_04_02,"s_b,b_p,b_dr",JohnColtrane,Trane'sBlues
411.596916099,429.708480725,solo_04_03,"s_b,b_p,b_dr",JohnColtrane,Trane'sBlues
429.708480725,447.541405895,solo_04_04,"s_b,b_p,b_dr",JohnColtrane,Trane'sBlues
447.541405895,466.070929705,theme_02_01,"tp,ts,p,b,dr",JohnColtrane,Trane'sBlues
466.070929705,484.321814058,theme_02_02,"tp,ts,p,b,dr",JohnColtrane,Trane'sBlues
484.321814058,510.421043082,theme_02_03,"tp,ts,p,b,dr",JohnColtrane,Trane'sBlues
510.421043082,513.6666666666666,silence,,JohnColtrane,Trane'sBlues
0.0,0.293877551,silence,,JohnnyHodges,EarlyMorningRock
0.293877551,5.551020408,intro,dr,JohnnyHodges,EarlyMorningRock
5.551020408,22.13877551,theme_01_01,"tp,tb,ts,as,bs,p,b,dr",JohnnyHodges,EarlyMorningRock
22.13877551,38.889795918,theme_01_02,"tp,tb,ts,as,bs,p,b,dr",JohnnyHodges,EarlyMorningRock
38.889795918,55.510204081,theme_01_03,"tp,tb,ts,as,bs,p,b,dr",JohnnyHodges,EarlyMorningRock
55.510204081,71.902040816,solo_01_01,"s_as,b_p,b_b,b_dr",JohnnyHodges,EarlyMorningRock
71.902040816,88.293877551,solo_01_02,"s_as,b_tp,b_tb,b_p,b_b,b_dr",JohnnyHodges,EarlyMorningRock
88.293877551,104.946938775,solo_02_01,"s_tp,b_p,b_b,b_dr",JohnnyHodges,EarlyMorningRock
104.946938775,121.436734693,solo_02_02,"s_tp,b_tp,b_cl,b_ts,b_as,b_bs,b_p,b_b,b_dr",JohnnyHodges,EarlyMorningRock
121.436734693,137.632653061,solo_03_01,"s_bs,b_p,b_b,b_dr",JohnnyHodges,EarlyMorningRock
137.632653061,154.024489795,solo_03_02,"s_bs,b_tp,b_tb,b_ts,b_as,b_p,b_b,b_dr",JohnnyHodges,EarlyMorningRock
154.024489795,169.175510204,theme_02_01,"cl,tp,tb,cl,ts,as,bs,p,b,dr",JohnnyHodges,EarlyMorningRock
169.175510204,185.404081632,theme_02_02,"cl,tp,tb,cl,ts,as,bs,p,b,dr",JohnnyHodges,EarlyMorningRock
185.404081632,202.187755102,theme_02_03,"cl,tp,tb,cl,ts,as,bs,p,b,dr",JohnnyHodges,EarlyMorningRock
202.187755102,211.363265306,theme_02_04,"cl,tp,tb,cl,ts,as,bs,p,b,dr",JohnnyHodges,EarlyMorningRock
211.363265306,219.2933333333333,silence,,JohnnyHodges,EarlyMorningRock
0.0,1.207437641,silence,,JoshuaRedman,BluesOnSunday
1.207437641,44.396553287,theme_01_01,"ts,p,b,dr",JoshuaRedman,BluesOnSunday
44.396553287,87.771428571,solo_01_01,"s_ts,b_p,b_b,b_dr",JoshuaRedman,BluesOnSunday
87.771428571,131.192743764,solo_01_02,"s_ts,b_p,b_b,b_dr",JoshuaRedman,BluesOnSunday
131.192743764,174.799818594,solo_01_03,"s_ts,b_p,b_b,b_dr",JoshuaRedman,BluesOnSunday
174.799818594,218.360453514,solo_02_01,"s_b,b_p,b_dr",JoshuaRedman,BluesOnSunday
218.360453514,261.456689342,solo_02_02,"s_b,s_ts,b_p,b_dr",JoshuaRedman,BluesOnSunday
261.456689342,297.819138321,theme_02_01,"ts,p,b,dr",JoshuaRedman,BluesOnSunday
297.819138321,302.41668934240363,silence,,JoshuaRedman,BluesOnSunday
0.0,0.208979591,silence,,JoshuaRedman,HomeFries-1
0.208979591,20.967619047,theme_01_01,"ts,g,p,b,dr",JoshuaRedman,HomeFries-1
20.967619047,42.678276643,theme_01_02,"ts,g,p,b,dr",JoshuaRedman,HomeFries-1
42.678276643,63.715555555,solo_01_01,"s_ts,b_p,b_b,b_dr",JoshuaRedman,HomeFries-1
63.715555555,85.542312925,solo_01_02,"s_ts,b_p,b_b,b_dr",JoshuaRedman,HomeFries-1
85.542312925,106.742131519,solo_01_03,"s_ts,b_p,b_b,b_dr",JoshuaRedman,HomeFries-1
106.742131519,127.570430839,solo_01_04,"s_ts,b_p,b_b,b_dr",JoshuaRedman,HomeFries-1
127.570430839,148.932789115,solo_01_05,"s_ts,b_p,b_b,b_dr",JoshuaRedman,HomeFries-1
148.932789115,169.807528344,solo_01_06,"s_ts,b_p,b_b,b_dr",JoshuaRedman,HomeFries-1
169.807528344,191.634285714,solo_02_01,"s_g,b_p,b_b,b_dr",JoshuaRedman,HomeFries-1
191.634285714,210.860408163,solo_02_02,"s_g,b_p,b_b,b_dr",JoshuaRedman,HomeFries-1
210.860408163,232.87292517,solo_02_03,"s_g,b_p,b_b,b_dr",JoshuaRedman,HomeFries-1
232.87292517,253.886984126,theme_02_01,"ts,g,p,b,dr",JoshuaRedman,HomeFries-1
253.886984126,280.171972788,theme_02_02,"ts,g,p,b,dr",JoshuaRedman,HomeFries-1
280.171972788,284.6287528344671,silence,,JoshuaRedman,HomeFries-1
0.0,0.534058956,silence,,JoshuaRedman,IGotYou(IFeelGood)
0.534058956,7.383945578,intro,"ts,p,b,dr",JoshuaRedman,IGotYou(IFeelGood)
7.383945578,27.213786848,theme_01_01,"ts,p,b,dr",JoshuaRedman,IGotYou(IFeelGood)
27.213786848,47.229387755,theme_01_02,"ts,p,b,dr",JoshuaRedman,IGotYou(IFeelGood)
47.229387755,67.152108843,theme_01_03,"ts,p,b,dr",JoshuaRedman,IGotYou(IFeelGood)
67.152108843,86.86585034,theme_01_04,"ts,p,b,dr",JoshuaRedman,IGotYou(IFeelGood)
86.86585034,106.765351473,solo_01_01,"s_ts,b_p,b_b,b_dr",JoshuaRedman,IGotYou(IFeelGood)
106.765351473,126.595192743,solo_01_02,"s_ts,b_p,b_b,b_dr",JoshuaRedman,IGotYou(IFeelGood)
126.595192743,146.332154195,solo_01_03,"s_ts,b_p,b_b,b_dr",JoshuaRedman,IGotYou(IFeelGood)
146.332154195,166.115555555,solo_02_01,"s_p,b_b,b_dr",JoshuaRedman,IGotYou(IFeelGood)
166.115555555,185.689977324,solo_02_02,"s_p,b_b,b_dr",JoshuaRedman,IGotYou(IFeelGood)
185.689977324,205.543038548,solo_02_03,"s_p,b_b,b_dr",JoshuaRedman,IGotYou(IFeelGood)
205.543038548,225.535419501,theme_02_01,"ts,p,b,dr",JoshuaRedman,IGotYou(IFeelGood)
225.535419501,244.622222222,theme_02_02,"ts,p,b,dr",JoshuaRedman,IGotYou(IFeelGood)
244.622222222,272.46294784500003,theme_02_03,"ts,p,b,dr",JoshuaRedman,IGotYou(IFeelGood)
272.46294784500003,279.614693877551,silence,,JoshuaRedman,IGotYou(IFeelGood)
0.0,0.914285714,silence,,JoshuaRedman,SweetSorrow
0.914285714,19.591836734,intro,"p,b,dr",JoshuaRedman,SweetSorrow
19.591836734,93.126530612,theme_01_01,"ts,p,b,dr",JoshuaRedman,SweetSorrow
93.126530612,181.420408163,theme_01_02,"ts,p,b,dr",JoshuaRedman,SweetSorrow
181.420408163,255.085714285,solo_01_01,"s_ts,b_p,b_b,b_dr",JoshuaRedman,SweetSorrow
255.085714285,340.375510204,solo_01_02,"s_ts,b_p,b_b,b_dr",JoshuaRedman,SweetSorrow
340.375510204,425.795918367,solo_02_01,"s_b,b_p,b_dr",JoshuaRedman,SweetSorrow
425.795918367,512.261224489,theme_02_01,"ts,p,b,dr",JoshuaRedman,SweetSorrow
512.261224489,523.3371428571429,silence,,JoshuaRedman,SweetSorrow
0.0,0.325079365,silence,,JoshuaRedman,TearsInHeaven
0.325079365,11.772517006,intro,"g,b",JoshuaRedman,TearsInHeaven
11.772517006,64.621133786,theme_01_01,"ts,g,b",JoshuaRedman,TearsInHeaven
64.621133786,115.983673469,solo_01_01,"s_ts,b_g,b_b",JoshuaRedman,TearsInHeaven
115.983673469,167.648072562,solo_01_02,"s_ts,b_g,b_b",JoshuaRedman,TearsInHeaven
167.648072562,196.347936507,outro,"ts,g,b",JoshuaRedman,TearsInHeaven
196.347936507,201.89333333333332,silence,,JoshuaRedman,TearsInHeaven
0.0,0.391836734,silence,,KennyGarrett,BrotherHubbard
0.391836734,19.918367346,intro,"dr,b",KennyGarrett,BrotherHubbard
19.918367346,102.269387755,theme_01_01,"as,p,b,dr",KennyGarrett,BrotherHubbard
102.269387755,182.595918367,solo_01_01,"s_as,b_p,b_b,b_dr",KennyGarrett,BrotherHubbard
182.595918367,263.685804988,solo_02_01,"s_p,s_as,b_b,b_dr",KennyGarrett,BrotherHubbard
263.685804988,342.81941043,solo_02_02,"s_p,s_as,b_b,b_dr",KennyGarrett,BrotherHubbard
342.81941043,387.633922901,outro,"as,p,b,dr",KennyGarrett,BrotherHubbard
387.633922901,394.6590249433106,silence,,KennyGarrett,BrotherHubbard
0.0,0.261224489,silence,,LeeKonitz,AllTheThingsYouAre
0.261224489,43.885714285,theme_01_01,"as,p,b,dr",LeeKonitz,AllTheThingsYouAre
43.885714285,87.902040816,solo_01_01,"s_as,b_p,b_b,b_dr",LeeKonitz,AllTheThingsYouAre
87.902040816,132.963265306,solo_01_02,"s_as,b_p,b_b,b_dr",LeeKonitz,AllTheThingsYouAre
132.963265306,178.41632653,solo_01_03,"s_as,b_p,b_b,b_dr",LeeKonitz,AllTheThingsYouAre
178.41632653,224.0,solo_02_01,"s_p,b_b,b_dr",LeeKonitz,AllTheThingsYouAre
224.0,269.714285714,solo_02_02,"s_p,b_b,b_dr",LeeKonitz,AllTheThingsYouAre
269.714285714,315.689795918,solo_03_01,"s_b,b_p,b_dr",LeeKonitz,AllTheThingsYouAre
315.689795918,367.673469387,theme_02_01,"as,p,b,dr",LeeKonitz,AllTheThingsYouAre
367.673469387,371.1216326530612,silence,,LeeKonitz,AllTheThingsYouAre
0.0,0.092879818,silence,,LeeKonitz,BopGoesToLeesel
0.092879818,12.4923356,theme_01_01,"as,p,b,dr",LeeKonitz,BopGoesToLeesel
12.4923356,24.984671201,theme_01_02,"as,p,b,dr",LeeKonitz,BopGoesToLeesel
24.984671201,37.244807256,solo_01_01,"s_as,b_p,b_b,b_dr",LeeKonitz,BopGoesToLeesel
37.244807256,49.969342403,solo_01_02,"s_as,b_p,b_b,b_dr",LeeKonitz,BopGoesToLeesel
49.969342403,62.322358276,solo_01_03,"s_as,b_p,b_b,b_dr",LeeKonitz,BopGoesToLeesel
62.322358276,74.814693877,solo_01_04,"s_as,b_p,b_b,b_dr",LeeKonitz,BopGoesToLeesel
74.814693877,87.539229024,solo_01_05,"s_as,b_p,b_b,b_dr",LeeKonitz,BopGoesToLeesel
87.539229024,100.4030839,solo_01_06,"s_as,b_p,b_b,b_dr",LeeKonitz,BopGoesToLeesel
100.4030839,113.127619047,solo_02_01,"s_p,b_b,b_dr",LeeKonitz,BopGoesToLeesel
113.127619047,126.037913831,theme_02_01,"as,p,b,dr",LeeKonitz,BopGoesToLeesel
126.037913831,128.44,silence,,LeeKonitz,BopGoesToLeesel
0.0,0.092879818,silence,,LeeKonitz,Crosscurrent
0.092879818,15.348390022,theme_01_01,"ts,as,p,g,b,dr",LeeKonitz,Crosscurrent
15.348390022,30.557460317,theme_01_02,"ts,as,p,g,b,dr",LeeKonitz,Crosscurrent
30.557460317,45.534331065,solo_01_01,"s_g,b_p,b_b,b_dr",LeeKonitz,Crosscurrent
45.534331065,60.39510204,solo_01_02,"s_g,b_p,b_b,b_dr",LeeKonitz,Crosscurrent
60.39510204,75.27909297,solo_02_01,"s_ts,b_g,b_p,b_b,b_dr",LeeKonitz,Crosscurrent
75.27909297,90.395283446,solo_02_02,"s_ts,b_g,b_p,b_b,b_dr",LeeKonitz,Crosscurrent
90.395283446,105.34893424,solo_03_01,"s_as,b_g,b_p,b_b,b_dr",LeeKonitz,Crosscurrent
105.34893424,120.163265306,solo_03_02,"s_as,b_g,b_p,b_b,b_dr",LeeKonitz,Crosscurrent
120.163265306,134.76861678,solo_04_01,"s_p,b_g,b_b,b_dr",LeeKonitz,Crosscurrent
134.76861678,149.675827664,solo_04_02,"s_p,b_g,b_b,b_dr",LeeKonitz,Crosscurrent
149.675827664,167.346213151,theme_02_01,"ts,as,g,p,b,dr",LeeKonitz,Crosscurrent
167.346213151,170.0,silence,,LeeKonitz,Crosscurrent
0.0,0.185759637,silence,,LeeKonitz,I'llRememberApril
0.185759637,53.127256235,theme_01_01,"as,p,b,dr",LeeKonitz,I'llRememberApril
53.127256235,107.740589569,solo_01_01,"s_p,b_b,b_dr",LeeKonitz,I'llRememberApril
107.740589569,160.49632653,solo_01_02,"s_p,b_b,b_dr",LeeKonitz,I'llRememberApril
160.49632653,216.038458049,solo_02_01,"s_as,b_p,b_b,b_dr",LeeKonitz,I'llRememberApril
216.038458049,270.651791383,solo_02_02,"s_as,b_p,b_b,b_dr",LeeKonitz,I'llRememberApril
270.651791383,327.308480725,theme_02_01,"as,p,b,dr",LeeKonitz,I'llRememberApril
327.308480725,331.25333333333333,silence,,LeeKonitz,I'llRememberApril
0.0,0.065306122,silence,,LeeKonitz,MeanToMe
0.065306122,24.685714285,theme_01_01,"as,b",LeeKonitz,MeanToMe
24.685714285,51.134693877,theme_01_02,"as,p,b,dr",LeeKonitz,MeanToMe
51.134693877,77.583673469,solo_01_01,"s_as,b_p,b_b,b_dr",LeeKonitz,MeanToMe
77.583673469,105.861224489,solo_01_02,"s_as,b_p,b_b,b_dr",LeeKonitz,MeanToMe
105.861224489,134.008163265,solo_01_03,"s_as,b_p,b_b,b_dr",LeeKonitz,MeanToMe
134.008163265,162.742857142,solo_01_04,"s_as,b_p,b_b,b_dr",LeeKonitz,MeanToMe
162.742857142,191.412244897,solo_02_01,"s_b,b_p,b_dr",LeeKonitz,MeanToMe
191.412244897,222.497959182,theme_02_01,"as,p,b,dr",LeeKonitz,MeanToMe
222.497959182,225.18666666666667,silence,,LeeKonitz,MeanToMe
0.0,0.162539682,silence,,LeeKonitz,Wow
0.162539682,21.78031746,theme_01_01,"ts,as,g,p,b,dr",LeeKonitz,Wow
21.78031746,43.723174603,theme_01_02,"ts,as,g,p,b,dr",LeeKonitz,Wow
43.723174603,65.828571428,solo_01_01,"s_ts,b_p,b_b,b_dr",LeeKonitz,Wow
65.828571428,87.957188208,solo_02_01,"s_g,b_p,b_b,b_dr",LeeKonitz,Wow
87.957188208,109.969705215,solo_03_01,"s_as,b_g,b_p,b_b,b_dr",LeeKonitz,Wow
109.969705215,131.866122448,solo_04_01,"s_p,b_g,b_b,b_dr",LeeKonitz,Wow
131.866122448,154.017959183,solo_04_02,"s_p,s_ts,b_g,b_dr",LeeKonitz,Wow
154.017959183,175.658956916,solo_05_01,"s_g,s_as,b_p,b_b,b_dr",LeeKonitz,Wow
175.658956916,198.414512471,theme_02_01,"ts,as,g,p,b,dr",LeeKonitz,Wow
198.414512471,201.0533333333333,silence,,LeeKonitz,Wow
0.0,0.975238095,silence,,LeeMorgan,TheSidewinder
0.975238095,37.755646258,intro,"p,b,dr",LeeMorgan,TheSidewinder
37.755646258,74.118095238,theme_01_01,"tp,ts,p,b,dr",LeeMorgan,TheSidewinder
74.118095238,110.712743764,theme_01_02,"tp,ts,p,b,dr",LeeMorgan,TheSidewinder
110.712743764,147.26095238,solo_01_01,"s_tp,b_p,b_b,b_dr",LeeMorgan,TheSidewinder
147.26095238,183.948480725,solo_01_02,"s_tp,b_p,b_b,b_dr",LeeMorgan,TheSidewinder
183.948480725,221.053968253,solo_01_03,"s_tp,b_p,b_b,b_dr",LeeMorgan,TheSidewinder
221.053968253,258.391655328,solo_02_01,"s_ts,b_p,b_b,b_dr",LeeMorgan,TheSidewinder
258.391655328,294.800544217,solo_02_02,"s_ts,b_p,b_b,b_dr",LeeMorgan,TheSidewinder
294.800544217,333.484988662,solo_02_03,"s_ts,b_p,b_b,b_dr",LeeMorgan,TheSidewinder
333.484988662,371.751473922,solo_03_01,"s_p,b_b,b_dr",LeeMorgan,TheSidewinder
371.751473922,409.832199546,solo_03_02,"s_p,b_b,b_dr",LeeMorgan,TheSidewinder
409.832199546,448.005804988,solo_03_03,"s_p,b_tp,b_ts,b_b,b_dr",LeeMorgan,TheSidewinder
448.005804988,486.458049886,solo_04_01,"s_b,b_p,b_dr",LeeMorgan,TheSidewinder
486.458049886,524.863854875,solo_04_02,"s_b,b_p,b_dr",LeeMorgan,TheSidewinder
524.863854875,561.690702947,theme_02_01,"tp,ts,p,b,dr",LeeMorgan,TheSidewinder
561.690702947,599.492789115,theme_02_02,"tp,ts,p,b,dr",LeeMorgan,TheSidewinder
599.492789115,611.288526076,outro,"p,b,dr",LeeMorgan,TheSidewinder
611.288526076,618.1333333333333,silence,,LeeMorgan,TheSidewinder
0.0,0.371519274,silence,,LeeMorgan,TotemPole
0.371519274,28.049705215,intro,"p,b,dr",LeeMorgan,TotemPole
28.049705215,83.22031746,theme_01_01,"tp,ts,p,b,dr",LeeMorgan,TotemPole
83.22031746,138.576689342,solo_01_01,"s_tp,b_p,b_b,b_dr",LeeMorgan,TotemPole
138.576689342,194.118820861,solo_01_02,"s_tp,b_p,b_b,b_dr",LeeMorgan,TotemPole
194.118820861,249.846712018,solo_02_01,"s_ts,b_p,b_b,b_dr",LeeMorgan,TotemPole
249.846712018,305.760362811,solo_02_02,"s_ts,b_p,b_b,b_dr",LeeMorgan,TotemPole
305.760362811,362.045532879,solo_03_01,"s_p,b_b,b_dr",LeeMorgan,TotemPole
362.045532879,418.423582766,solo_03_02,"s_p,b_b,b_dr",LeeMorgan,TotemPole
418.423582766,473.779954648,solo_04_01,"s_tp,b_p,b_b,b_dr",LeeMorgan,TotemPole
473.779954648,528.950566893,solo_04_02,"s_tp,b_p,b_b,b_dr",LeeMorgan,TotemPole
528.950566893,584.678458049,theme_02_01,"tp,ts,p,b,dr",LeeMorgan,TotemPole
584.678458049,605.947936507,outro,"tp,ts,p,b,dr",LeeMorgan,TotemPole
605.947936507,613.4,silence,,LeeMorgan,TotemPole
0.0,0.185759637,silence,,LesterYoung,AfterTheatreJump
0.185759637,5.387029478,intro,"p,b,dr",LesterYoung,AfterTheatreJump
5.387029478,47.925986394,theme_01_01,"tp,ts,tb,p,b,dr",LesterYoung,AfterTheatreJump
47.925986394,91.579501133,solo_01_01,"s_p,b_b,b_dr",LesterYoung,AfterTheatreJump
91.579501133,135.325895691,solo_02_01,"s_tp,b_p,b_b,b_dr",LesterYoung,AfterTheatreJump
135.325895691,178.607891156,solo_03_01,"s_ts,b_p,b_b,b_dr",LesterYoung,AfterTheatreJump
178.607891156,222.447165532,solo_03_02,"s_ts,b_p,b_b,b_dr",LesterYoung,AfterTheatreJump
222.447165532,266.657959183,solo_04_01,"s_tb,b_p,b_b,b_dr",LesterYoung,AfterTheatreJump
266.657959183,280.218412697,outro,"tp,tb,ts,p,b,dr",LesterYoung,AfterTheatreJump
280.218412697,283.6933333333333,silence,,LesterYoung,AfterTheatreJump
0.0,0.293877551,silence,,LesterYoung,BodyAndSoul
0.293877551,9.991836734,intro,p,LesterYoung,BodyAndSoul
9.991836734,57.828571428,theme_01_01,"ts,p,b",LesterYoung,BodyAndSoul
57.828571428,107.102040816,solo_01_01,"s_ts,b_p,b_b",LesterYoung,BodyAndSoul
107.102040816,155.363265306,solo_02_01,"s_p,b_b",LesterYoung,BodyAndSoul
155.363265306,203.069387755,solo_03_01,"s_b,s_p",LesterYoung,BodyAndSoul
203.069387755,252.571428571,solo_04_01,"s_ts,b_p,b_b",LesterYoung,BodyAndSoul
252.571428571,304.848979591,theme_02_01,"p,ts,b",LesterYoung,BodyAndSoul
304.848979591,311.16,silence,,LesterYoung,BodyAndSoul
0.0,0.092879818,silence,,LesterYoung,D.B. Blues
0.092879818,19.78340136,theme_01_01,"ts,p,b,dr",LesterYoung,D.B. Blues
19.78340136,38.823764172,solo_01_01,"s_ts,b_p,b_b,b_dr",LesterYoung,D.B. Blues
38.823764172,57.678367346,solo_01_02,"s_ts,b_p,b_b,b_dr",LesterYoung,D.B. Blues
57.678367346,76.62585034,solo_01_03,"s_ts,b_p,b_b,b_dr",LesterYoung,D.B. Blues
76.62585034,95.387573696,solo_02_01,"s_tb,b_p,b_b,b_dr",LesterYoung,D.B. Blues
95.387573696,114.24217687,solo_02_02,"s_tb,b_p,b_b,b_dr",LesterYoung,D.B. Blues
114.24217687,132.911020408,solo_03_01,"s_p,b_b,b_dr",LesterYoung,D.B. Blues
132.911020408,151.765623582,solo_03_02,"s_p,s_ts,s_tb",LesterYoung,D.B. Blues
151.765623582,175.17133786699998,theme_02_01,"ts,tb,p,b,dr",LesterYoung,D.B. Blues
175.17133786699998,180.09333333333333,silence,,LesterYoung,D.B. Blues
0.0,0.048979591,silence,,LesterYoung,DestinationK.C.
0.048979591,7.47755102,intro,"p,g,b,dr",LesterYoung,DestinationK.C.
7.47755102,38.008163265,theme_01_01,"tp,tb,g,p,b,dr",LesterYoung,DestinationK.C.
38.008163265,68.881632653,solo_01_01,"s_tb,b_g,b_p,b_b,b_dr",LesterYoung,DestinationK.C.
68.881632653,99.75510204,solo_02_01,"s_tp,b_g,b_p,b_b,b_dr",LesterYoung,DestinationK.C.
99.75510204,130.791836734,solo_02_02,"s_tp,b_g,b_p,b_b,b_dr",LesterYoung,DestinationK.C.
130.791836734,162.106122448,solo_03_01,"s_ts,b_g,b_p,b_b,b_dr",LesterYoung,DestinationK.C.
162.106122448,193.289795918,solo_03_02,"s_ts,b_g,b_p,b_b,b_dr",LesterYoung,DestinationK.C.
193.289795918,229.012244897,theme_02_01,"tp,tb,ts,g,p,b,dr",LesterYoung,DestinationK.C.
229.012244897,231.90666666666667,silence,,LesterYoung,DestinationK.C.
0.0,0.097959183,silence,,LesterYoung,Dickie'sDream
0.097959183,4.048979591,intro,"p,g,dr",LesterYoung,Dickie'sDream
4.048979591,37.681632653,theme_01_01,"tp,tb,ts,g,p,b,dr",LesterYoung,Dickie'sDream
37.681632653,70.922448979,solo_01_01,"s_tp,b_g,b_p,b_b,b_dr",LesterYoung,Dickie'sDream
70.922448979,104.424489795,solo_02_01,"s_ts,b_g,b_p,b_b,b_dr",LesterYoung,Dickie'sDream
104.424489795,137.959183673,solo_03_01,"s_tb,b_g,b_p,b_b,b_dr",LesterYoung,Dickie'sDream
137.959183673,170.971428571,solo_04_01,"s_p,b_g,b_b,b_b,b_dr",LesterYoung,Dickie'sDream
170.971428571,185.730612244,outro,"p,tp,tb,ts,g,p,b,dr",LesterYoung,Dickie'sDream
185.730612244,188.64,silence,,LesterYoung,Dickie'sDream
0.0,0.081269841,silence,,LesterYoung,LesterLeapsIn
0.081269841,3.831292517,intro,"p,g,b,dr",LesterYoung,LesterLeapsIn
3.831292517,34.214603174,theme_01_01,"tp,ts,tb,p,g,b,dr",LesterYoung,LesterLeapsIn
34.214603174,65.236462585,solo_01_01,"s_ts,b_g,b_p,b_b,b_dr",LesterYoung,LesterLeapsIn
65.236462585,95.143764172,solo_01_02,"s_ts,b_g,b_p,b_b,b_dr",LesterYoung,LesterLeapsIn
95.143764172,126.432653061,solo_02_01,"s_ts,s_p,b_g,b_tp,b_tb,b_b,b_dr",LesterYoung,LesterLeapsIn
126.432653061,157.408072562,solo_02_02,"s_ts,s_p,b_g,b_tp,b_tb,b_b,b_dr",LesterYoung,LesterLeapsIn
157.408072562,188.348662131,theme_02_01,"p,tp,ts,tb,g,p,b,dr",LesterYoung,LesterLeapsIn
188.348662131,191.46666666666667,silence,,LesterYoung,LesterLeapsIn
0.0,0.0,silence,,LesterYoung,SixCatsAndAPrince
0.0,4.272471655,intro,"p,b,dr",LesterYoung,SixCatsAndAPrince
4.272471655,38.127165532,theme_01_01,"tp,tb,ts,p,b,dr",LesterYoung,SixCatsAndAPrince
38.127165532,71.935419501,solo_01_01,"s_p,b_b,b_dr",LesterYoung,SixCatsAndAPrince
71.935419501,106.393832199,solo_02_01,"s_tp,b_p,b_b,b_dr",LesterYoung,SixCatsAndAPrince
106.393832199,141.084444444,solo_03_01,"s_ts,b_p,b_b,b_dr",LesterYoung,SixCatsAndAPrince
141.084444444,176.285895691,solo_03_02,"s_ts,b_p,b_b,b_dr",LesterYoung,SixCatsAndAPrince
176.285895691,211.626666666,solo_04_01,"s_tb,b_p,b_b,b_dr",LesterYoung,SixCatsAndAPrince
211.626666666,246.224399092,theme_02_01,"tp,tb,ts,p,b,dr",LesterYoung,SixCatsAndAPrince
246.224399092,249.58666666666667,silence,,LesterYoung,SixCatsAndAPrince
0.0,0.232199546,silence,,LionelHampton,Dinah
0.232199546,5.340589569,intro,vib,LionelHampton,Dinah
5.340589569,43.653514739,theme_01_01,"tp,ts,g,p,vib,b,dr",LionelHampton,Dinah
43.653514739,81.87356009,solo_01_01,"s_ts,b_g,b_p,b_vib,b_b,b_dr",LionelHampton,Dinah
81.87356009,120.279365079,solo_02_01,"s_vib,b_g,b_p,b_b,b_dr",LionelHampton,Dinah
120.279365079,158.73160997600002,theme_02_01,"tp,ts,g,p,vib,b,dr",LionelHampton,Dinah
158.73160997600002,161.22666666666666,silence,,LionelHampton,Dinah
0.0,0.278639455,silence,,LionelHampton,HighSociety
0.278639455,19.690521541,intro,"tp,dr",LionelHampton,HighSociety
19.690521541,35.758730158,theme_01_01,"tp,ts,as,g,p,b,dr",LionelHampton,HighSociety
35.758730158,50.619501133,theme_01_02,"tp,ts,as,g,p,b,dr",LionelHampton,HighSociety
50.619501133,66.68770975,solo_01_01,"s_tp,b_ts,b_as,b_g,b_p,b_b,b_dr",LionelHampton,HighSociety
66.68770975,83.127437641,solo_02_01,"s_vib,b_ts,b_as,b_g,b_p,b_b,b_dr",LionelHampton,HighSociety
83.127437641,98.917006802,solo_02_02,"s_vib,b_g,b_p,b_b,b_dr",LionelHampton,HighSociety
98.917006802,114.706575963,solo_03_01,"s_bcl,b_g,b_p,b_b,b_dr",LionelHampton,HighSociety
114.706575963,129.938866213,solo_03_02,"s_bcl,b_g,b_p,b_b,b_dr",LionelHampton,HighSociety
129.938866213,145.542675736,solo_04_01,"s_ts,b_g,b_p,b_b,b_dr",LionelHampton,HighSociety
145.542675736,161.982403628,solo_05_01,"s_as,b_g,b_p,b_b,b_dr",LionelHampton,HighSociety
161.982403628,177.586213151,theme_02_01,"tp,ts,as,g,p,vib,b,dr",LionelHampton,HighSociety
177.586213151,193.654421767,theme_02_02,"tp,ts,as,g,p,vib,b,dr",LionelHampton,HighSociety
193.654421767,196.7733333333333,silence,,LionelHampton,HighSociety
0.0,0.130612244,silence,,LionelHampton,MemoriesOfYou
0.130612244,6.4,intro,vib,LionelHampton,MemoriesOfYou
6.4,52.832653061,theme_01_01,"tb,ts,p,vib,b,dr",LionelHampton,MemoriesOfYou
52.832653061,99.004081632,theme_01_02,"cor,tb,ts,p,vib,b,dr",LionelHampton,MemoriesOfYou
99.004081632,146.285714285,solo_01_01,"s_vib,b_p,b_b,b_dr",LionelHampton,MemoriesOfYou
146.285714285,192.979591836,solo_01_02,"s_vib,b_tb,b_ts,b_cor,b_p,b_b,b_dr",LionelHampton,MemoriesOfYou
192.979591836,195.10666666666663,silence,,LionelHampton,MemoriesOfYou
0.0,0.139319727,silence,,LouisArmstrong,BasinStreetBlues
0.139319727,8.452063492,intro,dr,LouisArmstrong,BasinStreetBlues
8.452063492,42.283537414,theme_01_01,"cor,tb,cl,dr,bjo,dr",LouisArmstrong,BasinStreetBlues
42.283537414,77.415328798,solo_01_01,"s_cor,b_tb,b_bjo,b_p,b_dr",LouisArmstrong,BasinStreetBlues
77.415328798,112.756099773,solo_02_01,"s_voc,b_voc,b_p",LouisArmstrong,BasinStreetBlues
112.756099773,148.584489795,solo_03_01,"s_p,s_cor,b_cl,b_tb,b_bjo,b_p,b_dr",LouisArmstrong,BasinStreetBlues
148.584489795,182.067664399,solo_03_02,"s_cor,s_cl,b_tb,b_bjo,b_p,b_dr",LouisArmstrong,BasinStreetBlues
182.067664399,194.281360544,outro,"cor,cl,tb,bjo,p,dr",LouisArmstrong,BasinStreetBlues
194.281360544,195.96,silence,,LouisArmstrong,BasinStreetBlues
0.0,0.046439909,silence,,LouisArmstrong,BigButterAndEggMan
0.046439909,37.523446712,theme_01_01,"cor,cl,tb,bjo,p",LouisArmstrong,BigButterAndEggMan
37.523446712,75.325532879,solo_01_01,"s_voc,b_bjo,b_p",LouisArmstrong,BigButterAndEggMan
75.325532879,115.635374149,solo_01_02,"s_voc,b_bjo,b_p",LouisArmstrong,BigButterAndEggMan
115.635374149,157.152653061,solo_02_01,"s_cor,b_bjo,b_p",LouisArmstrong,BigButterAndEggMan
157.152653061,176.843174602,theme_02_01,"voc,cor,cl,tb,bjo,p",LouisArmstrong,BigButterAndEggMan
176.843174602,182.52,silence,,LouisArmstrong,BigButterAndEggMan
0.0,0.185759637,silence,,LouisArmstrong,CornetChopSuey
0.185759637,24.102312925,intro,"cor,cl,tb,bjo,p",LouisArmstrong,CornetChopSuey
24.102312925,63.761995464,theme_01_01,"cor,cl,tb,bjo,p",LouisArmstrong,CornetChopSuey
63.761995464,101.424761904,solo_01_01,s_p,LouisArmstrong,CornetChopSuey
101.424761904,141.827482993,solo_02_01,"s_cor,b_cl,b_tb,b_bjo,b_p",LouisArmstrong,CornetChopSuey
141.827482993,174.103219954,theme_02_01,"cor,cl,tb,bjo,p",LouisArmstrong,CornetChopSuey
174.103219954,180.02666666666667,silence,,LouisArmstrong,CornetChopSuey
0.0,0.326530612,silence,,LouisArmstrong,GotNoBlues
0.326530612,5.61632653,intro,bjo,LouisArmstrong,GotNoBlues
5.61632653,29.779591836,theme_01_01,"cor,cl,tb,bjo,p",LouisArmstrong,GotNoBlues
29.779591836,54.334693877,theme_01_02,"cor,cl,tb,bjo,p",LouisArmstrong,GotNoBlues
54.334693877,79.21632653,solo_01_01,"s_cor,b_bjo,b_p",LouisArmstrong,GotNoBlues
79.21632653,106.024489795,solo_01_02,"s_cor,b_bjo,b_p",LouisArmstrong,GotNoBlues
106.024489795,134.073469387,solo_01_03,"s_cor,s_cl,b_bjo,b_p",LouisArmstrong,GotNoBlues
134.073469387,160.653061224,solo_02_01,"s_cl,s_tb,b_bjo,b_p",LouisArmstrong,GotNoBlues
160.653061224,187.461224489,solo_03_01,"s_tb,s_tp,s_cl,b_bjo,b_p",LouisArmstrong,GotNoBlues
187.461224489,202.122448978,outro,"cor,cl,tb,bjo,p",LouisArmstrong,GotNoBlues
202.122448978,207.96,silence,,LouisArmstrong,GotNoBlues
0.0,0.424489795,silence,,LouisArmstrong,GutBucketBlues
0.424489795,20.01632653,intro,bjo,LouisArmstrong,GutBucketBlues
20.01632653,39.771428571,theme_01_01,"cor,cl,tb,bjo,p",LouisArmstrong,GutBucketBlues
39.771428571,59.722448979,theme_01_02,"cor,cl,tb,bjo,p",LouisArmstrong,GutBucketBlues
59.722448979,78.236734693,solo_01_01,s_p,LouisArmstrong,GutBucketBlues
78.236734693,97.404081632,solo_02_01,"s_tb,b_bjo,b_p",LouisArmstrong,GutBucketBlues
97.404081632,116.865306122,solo_03_01,"s_cl,b_bjo,b_p",LouisArmstrong,GutBucketBlues
116.865306122,136.55510204,solo_04_01,"s_cor,b_bjo,b_p",LouisArmstrong,GutBucketBlues
136.55510204,159.34693877400002,theme_02_01,"cor,cl,tb,bjo,p",LouisArmstrong,GutBucketBlues
159.34693877400002,164.82666666666665,silence,,LouisArmstrong,GutBucketBlues
0.0,0.261224489,silence,,LouisArmstrong,HeebieJeebies
0.261224489,11.363265306,intro,p,LouisArmstrong,HeebieJeebies
11.363265306,36.963265306,theme_01_01,"cor,cl,tb,bjo,p",LouisArmstrong,HeebieJeebies
36.963265306,60.473469387,theme_01_02,"cor,cl,tb,bjo,p",LouisArmstrong,HeebieJeebies
60.473469387,80.979591836,solo_01_01,"s_cl,b_bjo,b_p",LouisArmstrong,HeebieJeebies
80.979591836,107.232653061,solo_02_01,"s_voc,b_bjo",LouisArmstrong,HeebieJeebies
107.232653061,133.61632653,solo_02_02,"s_voc,b_bjo",LouisArmstrong,HeebieJeebies
133.61632653,159.869387754,theme_02_01,"cor,cl,tb,bjo,p",LouisArmstrong,HeebieJeebies
159.869387754,176.96,silence,,LouisArmstrong,HeebieJeebies
0.0,0.325079365,silence,,LouisArmstrong,HotterThanThat
0.325079365,9.798820861,intro,"cor,tb,cl,p,bjo",LouisArmstrong,HotterThanThat
9.798820861,27.910385487,theme_01_01,"cor,p,bjo",LouisArmstrong,HotterThanThat
27.910385487,45.975510204,theme_01_01,"cor,p,bjo",LouisArmstrong,HotterThanThat
45.975510204,64.04063492,solo_01_01,"s_cl,b_p,b_bjo",LouisArmstrong,HotterThanThat
64.04063492,82.152199546,solo_01_02,"s_cl,b_p,b_bjo",LouisArmstrong,HotterThanThat
82.152199546,100.031564625,solo_02_01,"s_voc,b_bjo",LouisArmstrong,HotterThanThat
100.031564625,118.468208616,solo_02_02,"s_voc,b_bjo",LouisArmstrong,HotterThanThat
118.468208616,139.737687074,solo_02_03,"s_voc,b_p,b_bjo",LouisArmstrong,HotterThanThat
139.737687074,156.966893424,solo_03_01,"s_tb,b_p,b_bjo",LouisArmstrong,HotterThanThat
156.966893424,181.162086167,theme_02_01,"cor,tb,cl,p,bjo",LouisArmstrong,HotterThanThat
181.162086167,186.6266666666667,silence,,LouisArmstrong,HotterThanThat
0.0,0.278639455,silence,,LouisArmstrong,MuskratRamble
0.278639455,21.014058956,theme_01_01,"cor,cl,tb,bjo,p",LouisArmstrong,MuskratRamble
21.014058956,41.772698412,theme_01_02,"cor,cl,tb,bjo,p",LouisArmstrong,MuskratRamble
41.772698412,62.508117913,solo_01_01,"s_tb,b_bjo,b_p",LouisArmstrong,MuskratRamble
62.508117913,83.429297052,solo_02_01,"s_cor,b_bjo,b_p",LouisArmstrong,MuskratRamble
83.429297052,104.234376417,solo_03_01,"s_cl,b_bjo,b_p",LouisArmstrong,MuskratRamble
104.234376417,125.155555555,theme_02_01,"cor,cl,tb,bjo,p",LouisArmstrong,MuskratRamble
125.155555555,148.630929704,theme_02_02,"cor,cl,tb,bjo,p",LouisArmstrong,MuskratRamble
148.630929704,154.82666666666665,silence,,LouisArmstrong,MuskratRamble
0.0,0.626938775,silence,,LouisArmstrong,MyHeart
0.626938775,3.065034013,intro,"cor,tb,cl,p,bjo",LouisArmstrong,MyHeart
3.065034013,22.685895691,theme_01_01,"cor,tb,cl,p,bjo",LouisArmstrong,MyHeart
22.685895691,42.399637188,theme_01_02,"cor,tb,cl,p,bjo",LouisArmstrong,MyHeart
42.399637188,62.484897959,solo_01_01,"s_cor,b_cl,b_tb,b_p,b_bjo",LouisArmstrong,MyHeart
62.484897959,82.593378684,solo_02_01,"s_cl,b_bjo",LouisArmstrong,MyHeart
82.593378684,101.424761904,solo_03_01,s_p,LouisArmstrong,MyHeart
101.424761904,120.790204081,theme_02_01,"cor,tb,cl,p,bjo",LouisArmstrong,MyHeart
120.790204081,142.61696145,theme_02_02,"cor,tb,cl,p,bjo",LouisArmstrong,MyHeart
142.61696145,147.89333333333337,silence,,LouisArmstrong,MyHeart
0.0,0.30185941,silence,,LouisArmstrong,OnceInAWhile
0.30185941,4.947437642,intro,"cor,cl,tb,bjo,p",LouisArmstrong,OnceInAWhile
4.947437642,60.487981859,theme_01_01,"cor,cl,tb,bjo,p",LouisArmstrong,OnceInAWhile
60.487981859,116.749931973,solo_01_01,"s_tp,b_bjo,b_p",LouisArmstrong,OnceInAWhile
116.749931973,172.849342404,solo_02_01,"s_cl,b_bjo,b_p",LouisArmstrong,OnceInAWhile
172.849342404,194.536780046,outro,"cor,tb,cl,bjo,p",LouisArmstrong,OnceInAWhile
194.536780046,199.4933333333333,silence,,LouisArmstrong,OnceInAWhile
0.0,0.293877551,silence,,LouisArmstrong,SavoyBlues
0.293877551,30.204081632,theme_01_01,"cor,tb,cl,p,bjo",LouisArmstrong,SavoyBlues
30.204081632,60.179591836,theme_01_02,"cor,tb,cl,p,bjo",LouisArmstrong,SavoyBlues
60.179591836,90.15510204,solo_01_01,s_bjo,LouisArmstrong,SavoyBlues
90.15510204,119.836734693,solo_02_01,"s_cor,b_bjo",LouisArmstrong,SavoyBlues
119.836734693,149.536507936,solo_03_01,"s_cor,s_tb,b_bjo",LouisArmstrong,SavoyBlues
149.536507936,178.607891156,theme_02_01,"cor,tb,cl,p,bjo",LouisArmstrong,SavoyBlues
178.607891156,202.292244897,theme_02_02,"cor,tb,cl,p,bjo",LouisArmstrong,SavoyBlues
202.292244897,208.98666666666668,silence,,LouisArmstrong,SavoyBlues
0.0,0.185759637,silence,,LouisArmstrong,Who'sit
0.185759637,18.390204081,theme_01_01,"cor,tb,cl,p,bjo",LouisArmstrong,Who'sit
18.390204081,36.501768707,theme_01_02,"cor,tb,cl,p,bjo",LouisArmstrong,Who'sit
36.501768707,54.659773242,solo_01_01,"s_tb,b_p,b_bjo",LouisArmstrong,Who'sit
54.659773242,72.678458049,solo_01_01,"s_tb,b_p,b_bjo",LouisArmstrong,Who'sit
72.678458049,90.743582766,solo_02_01,"s_fl,b_cl,b_bjo",LouisArmstrong,Who'sit
90.743582766,108.855147392,solo_02_02,"s_fl,b_cl,b_bjo",LouisArmstrong,Who'sit
108.855147392,126.688072562,solo_03_01,"s_p,b_bjo",LouisArmstrong,Who'sit
126.688072562,144.520997732,solo_04_01,"s_cl,b_p,b_bjo",LouisArmstrong,Who'sit
144.520997732,162.725442176,theme_02_01,"cor,tb,cl,p,bjo",LouisArmstrong,Who'sit
162.725442176,168.33333333333334,silence,,LouisArmstrong,Who'sit
0.0,0.278639455,silence,,MichaelBrecker,CabinFever
0.278639455,36.501768707,theme_01_01,"ts,p,g,b,dr",MichaelBrecker,CabinFever
36.501768707,75.093333333,solo_01_01,"s_ts,b_b,b_dr",MichaelBrecker,CabinFever
75.093333333,114.056417233,solo_01_02,"s_ts,b_b,b_dr",MichaelBrecker,CabinFever
114.056417233,152.415782312,solo_01_03,"s_ts,b_b,b_dr",MichaelBrecker,CabinFever
152.415782312,190.821587301,solo_01_04,"s_ts,b_b,b_dr",MichaelBrecker,CabinFever
190.821587301,228.995192743,solo_02_01,"s_g,b_b,b_dr",MichaelBrecker,CabinFever
228.995192743,266.565079365,solo_02_02,"s_g,b_b,b_dr",MichaelBrecker,CabinFever
266.565079365,304.367165532,solo_03_01,"s_p,b_b,b_dr",MichaelBrecker,CabinFever
304.367165532,341.844172335,solo_03_02,"s_p,b_b,b_dr",MichaelBrecker,CabinFever
341.844172335,378.717460317,solo_03_03,"s_p,b_b,b_dr",MichaelBrecker,CabinFever
378.717460317,415.49786848,theme_02_01,"ts,g,p,b,dr",MichaelBrecker,CabinFever
415.49786848,419.2133333333333,silence,,MichaelBrecker,CabinFever
0.0,0.557278911,silence,,MichaelBrecker,Confirmation
0.557278911,38.91664399,theme_01_01,"ts,dr",MichaelBrecker,Confirmation
38.91664399,76.904489795,solo_01_01,"s_ts,b_dr",MichaelBrecker,Confirmation
76.904489795,114.427936507,solo_01_02,"s_ts,b_dr",MichaelBrecker,Confirmation
114.427936507,151.486984126,solo_01_03,"s_ts,b_dr",MichaelBrecker,Confirmation
151.486984126,188.638911564,solo_01_04,"s_ts,b_dr",MichaelBrecker,Confirmation
188.638911564,225.697959183,solo_01_05,"s_ts,b_dr",MichaelBrecker,Confirmation
225.697959183,262.757006802,solo_01_06,"s_ts,b_dr",MichaelBrecker,Confirmation
262.757006802,300.094693877,solo_01_07,"s_ts,b_dr",MichaelBrecker,Confirmation
300.094693877,332.045351473,solo_02_01,"s_ts,s_dr",MichaelBrecker,Confirmation
332.045351473,375.1415873,theme_02_01,"ts,dr",MichaelBrecker,Confirmation
375.1415873,376.4767346938776,silence,,MichaelBrecker,Confirmation
0.0,0.185759637,silence,,MichaelBrecker,DeltaCityBlues
0.185759637,71.378140589,intro,ts,MichaelBrecker,DeltaCityBlues
71.378140589,114.822675736,theme_01_01,"ts,p,b,dr",MichaelBrecker,DeltaCityBlues
114.822675736,157.802811791,theme_01_02,"ts,p,b,dr",MichaelBrecker,DeltaCityBlues
157.802811791,201.10802721,solo_01_01,"s_ts,b_p,b_b,b_dr",MichaelBrecker,DeltaCityBlues
201.10802721,239.955011337,solo_01_02,"s_ts,b_p,b_b,b_dr",MichaelBrecker,DeltaCityBlues
239.955011337,279.73079365,solo_02_01,"s_p,b_b,b_dr",MichaelBrecker,DeltaCityBlues
279.73079365,327.145941042,theme_02_01,"ts,p,b,dr",MichaelBrecker,DeltaCityBlues
327.145941042,340.31165532879817,silence,,MichaelBrecker,DeltaCityBlues
0.0,0.522448979,silence,,MichaelBrecker,IMeanYou
0.522448979,6.4,intro,p,MichaelBrecker,IMeanYou
6.4,54.204081632,theme_01_01,"ts,p,b,dr",MichaelBrecker,IMeanYou
54.204081632,96.0,solo_01_01,"s_ts,b_b,b_dr",MichaelBrecker,IMeanYou
96.0,138.971428571,solo_01_01,"s_ts,b_p,b_b,b_dr",MichaelBrecker,IMeanYou
138.971428571,181.420408163,solo_02_01,"s_p,b_b,b_dr",MichaelBrecker,IMeanYou
181.420408163,222.95510204,solo_02_02,"s_p,b_b,b_dr",MichaelBrecker,IMeanYou
222.95510204,263.967346938,solo_03_01,"s_b,b_p,b_dr",MichaelBrecker,IMeanYou
263.967346938,304.587755102,solo_03_02,"s_b,b_p,b_dr",MichaelBrecker,IMeanYou
304.587755102,345.208163265,solo_04_01,"s_ts,s_p,s_dr,b_b",MichaelBrecker,IMeanYou
345.208163265,385.306122448,solo_04_02,"s_ts,s_p,s_ts,b_b",MichaelBrecker,IMeanYou
385.306122448,432.195918366,theme_02_01,"ts,p,b,dr",MichaelBrecker,IMeanYou
432.195918366,439.1444897959184,silence,,MichaelBrecker,IMeanYou
0.0,0.261224489,silence,,MichaelBrecker,MidnightVoyage
0.261224489,78.367346938,theme_01_01,"ts,p,g,b,dr",MichaelBrecker,MidnightVoyage
78.367346938,155.428571428,solo_01_01,"s_ts,b_p,b_b,b_dr",MichaelBrecker,MidnightVoyage
155.428571428,231.183673469,solo_01_02,"s_ts,b_p,b_b,b_dr",MichaelBrecker,MidnightVoyage
231.183673469,306.15510204,solo_02_01,"s_g,b_p,b_b,b_dr",MichaelBrecker,MidnightVoyage
306.15510204,381.387755102,theme_02_01,"ts,g,p,b,dr",MichaelBrecker,MidnightVoyage
381.387755102,432.065306122,theme_02_02,"ts,g,p,b,dr",MichaelBrecker,MidnightVoyage
432.065306122,438.2266666666667,silence,,MichaelBrecker,MidnightVoyage
0.0,0.130612244,silence,,MichaelBrecker,NakedSoul
0.130612244,43.885714285,intro,"g,b,dr",MichaelBrecker,NakedSoul
43.885714285,128.653061224,theme_01_01,"ts,g,p,b,dr",MichaelBrecker,NakedSoul
128.653061224,213.551020408,solo_01_01,"s_ts,b_p,b_b,b_dr",MichaelBrecker,NakedSoul
213.551020408,297.273469387,solo_01_02,"s_ts,b_p,b_b,b_dr",MichaelBrecker,NakedSoul
297.273469387,380.081632653,solo_02_01,"s_b,b_g,b_dr",MichaelBrecker,NakedSoul
380.081632653,467.461224489,theme_02_01,"ts,g,p,b,dr",MichaelBrecker,NakedSoul
467.461224489,516.83265306,outro,"ts,g,p,b,dr",MichaelBrecker,NakedSoul
516.83265306,525.7142857142857,silence,,MichaelBrecker,NakedSoul
0.0,0.325079365,silence,,MichaelBrecker,NeverAlone
0.325079365,27.167346938,intro,synth,MichaelBrecker,NeverAlone
27.167346938,127.384671201,theme_01_01,"ts,synth,b,dr",MichaelBrecker,NeverAlone
127.384671201,217.245895691,solo_01_01,"s_ts,b_synth,b_b,b_dr",MichaelBrecker,NeverAlone
217.245895691,324.800725622,theme_02_01,"ts,synth,b,dr",MichaelBrecker,NeverAlone
324.800725622,335.6473469387755,silence,,MichaelBrecker,NeverAlone
0.0,0.195918367,silence,,MichaelBrecker,NothingPersonal
0.195918367,23.771428571,intro,"dr,p,b",MichaelBrecker,NothingPersonal
23.771428571,47.47755102,theme_01_01,"ts,p,b,dr",MichaelBrecker,NothingPersonal
47.47755102,69.87755102,theme_01_02,"ts,p,b,dr",MichaelBrecker,NothingPersonal
69.87755102,93.975510204,solo_01_01,"s_g,b_p,b_b,b_dr",MichaelBrecker,NothingPersonal
93.975510204,119.706122448,solo_01_02,"s_g,b_p,b_b,b_dr",MichaelBrecker,NothingPersonal
119.706122448,142.693877551,solo_01_03,"s_g,b_p,b_b,b_dr",MichaelBrecker,NothingPersonal
142.693877551,166.595918367,solo_02_01,"s_ts,b_b,b_b,b_dr",MichaelBrecker,NothingPersonal
166.595918367,189.844897959,solo_02_02,"s_ts,b_b,b_b,b_dr",MichaelBrecker,NothingPersonal
189.844897959,213.551020408,solo_02_03,"s_ts,b_b,b_b,b_dr",MichaelBrecker,NothingPersonal
213.551020408,237.583673469,solo_02_04,"s_ts,b_b,b_b,b_dr",MichaelBrecker,NothingPersonal
237.583673469,268.604081632,solo_02_05,"s_ts,b_b,b_b,b_dr",MichaelBrecker,NothingPersonal
268.604081632,300.408163265,theme_02_01,"ts,p,b,dr",MichaelBrecker,NothingPersonal
300.408163265,327.314285713,theme_02_02,"ts,p,b,dr",MichaelBrecker,NothingPersonal
327.314285713,331.5983673469388,silence,,MichaelBrecker,NothingPersonal
0.0,0.464399092,silence,,MichaelBrecker,Peep
0.464399092,25.72770975,intro,"dr,p,b",MichaelBrecker,Peep
25.72770975,55.913650793,theme_01_01,"ts,key,b,dr",MichaelBrecker,Peep
55.913650793,85.356553287,theme_01_02,"ts,key,g,b,dr",MichaelBrecker,Peep
85.356553287,97.70956916,theme_01_03,"ts,key,b,dr",MichaelBrecker,Peep
97.70956916,126.873832199,theme_01_04,"ts,p,g,dr",MichaelBrecker,Peep
126.873832199,163.654240362,solo_01_01,"s_ts,b_key,b_b,b_dr",MichaelBrecker,Peep
163.654240362,200.8061678,solo_01_02,"s_ts,b_key,b_b,b_dr",MichaelBrecker,Peep
200.8061678,235.82185941,solo_01_03,"s_ts,b_key,b_b,b_dr",MichaelBrecker,Peep
235.82185941,270.83755102,solo_01_04,"s_ts,b_key,b_b,b_dr",MichaelBrecker,Peep
270.83755102,283.747845804,theme_02_01,"ts,key,b,dr",MichaelBrecker,Peep
283.747845804,316.905941043,solo_02_01,"s_key,b_b,b_dr",MichaelBrecker,Peep
316.905941043,349.135238095,solo_02_02,"s_key,b_b,b_dr",MichaelBrecker,Peep
349.135238095,378.020861678,theme_03_01,"ts,key,g,p,b,dr",MichaelBrecker,Peep
378.020861678,387.680362811,theme_03_02,"ts,key,b,dr",MichaelBrecker,Peep
387.680362811,441.364897958,outro,"ts,key,g,b,dr",MichaelBrecker,Peep
441.364897958,448.67918367346937,silence,,MichaelBrecker,Peep
0.0,0.130612244,silence,,MichaelBrecker,SongForBilbao
0.130612244,35.787755102,intro,"p,b,dr",MichaelBrecker,SongForBilbao
35.787755102,71.575510204,theme_01_01,"ts,g,p,b,dr",MichaelBrecker,SongForBilbao
71.575510204,106.318367346,solo_01_01,"s_ts,b_p,b_b,b_dr",MichaelBrecker,SongForBilbao
106.318367346,141.844897959,solo_01_01,"s_ts,b_p,b_b,b_dr",MichaelBrecker,SongForBilbao
141.844897959,176.065306122,solo_02_01,"s_p,b_b,b_dr",MichaelBrecker,SongForBilbao
176.065306122,210.546938775,solo_02_02,"s_p,b_b,b_dr",MichaelBrecker,SongForBilbao
210.546938775,245.812244897,solo_03_01,"s_g,b_p,b_b,b_dr",MichaelBrecker,SongForBilbao
245.812244897,280.81632653,solo_03_01,"s_g,b_p,b_b,b_dr",MichaelBrecker,SongForBilbao
280.81632653,336.71836734600004,theme_02_01,"ts,g,p,b,dr",MichaelBrecker,SongForBilbao
336.71836734600004,345.0514285714286,silence,,MichaelBrecker,SongForBilbao
0.0,0.371519274,silence,,MilesDavis,Agitation
0.371519274,117.771609977,intro,dr,MilesDavis,Agitation
117.771609977,149.90802721,theme_01_01,"tp,p,b,dr",MilesDavis,Agitation
149.90802721,181.115646258,solo_01_01,"s_tp,b_p,b_b,b_dr",MilesDavis,Agitation
181.115646258,214.366621315,solo_01_02,"s_tp,b_p,b_b,b_dr",MilesDavis,Agitation
214.366621315,250.032471655,solo_01_03,"s_tp,b_p,b_b,b_dr",MilesDavis,Agitation
250.032471655,282.354648526,solo_02_01,"s_ts,b_p,b_b,b_dr",MilesDavis,Agitation
282.354648526,319.6923356,solo_02_02,"s_ts,b_p,b_b,b_dr",MilesDavis,Agitation
319.6923356,353.872108843,solo_02_03,"s_ts,b_p,b_b,b_dr",MilesDavis,Agitation
353.872108843,389.166439909,solo_03_01,"s_p,b_b,b_dr",MilesDavis,Agitation
389.166439909,425.38956916,solo_03_02,"s_p,b_b,b_dr",MilesDavis,Agitation
425.38956916,464.399092969,theme_02_01,"tp,p,b",MilesDavis,Agitation
464.399092969,471.4057142857143,silence,,MilesDavis,Agitation
0.0,0.092879818,silence,,MilesDavis,Airegin
0.092879818,20.604081632,intro,"ts,p,b,dr",MilesDavis,Airegin
20.604081632,50.906122448,theme_01_01,"tp,ts,p,b,dr",MilesDavis,Airegin
50.906122448,84.146938775,solo_01_01,"s_tp,b_p,b_b,b_dr",MilesDavis,Airegin
84.146938775,112.391836734,solo_01_02,"s_tp,b_p,b_b,b_dr",MilesDavis,Airegin
112.391836734,143.575510204,solo_01_03,"s_tp,b_p,b_b,b_dr",MilesDavis,Airegin
143.575510204,173.126530612,solo_02_01,"s_ts,b_p,b_b,b_dr",MilesDavis,Airegin
173.126530612,203.134693877,solo_02_02,"s_ts,b_p,b_b,b_dr",MilesDavis,Airegin
203.134693877,235.297959183,solo_02_03,"s_ts,b_p,b_b,b_dr",MilesDavis,Airegin
235.297959183,262.824489795,theme_02_01,"tp,ts,p,b,dr",MilesDavis,Airegin
262.824489795,300.1991836734694,silence,,MilesDavis,Airegin
0.0,0.52244898,silence,,MilesDavis,BitchesBrew
0.52244898,171.363265306,theme_01_01,"tp,ss,g,p,bcl,b,dr,perc",MilesDavis,BitchesBrew
171.363265306,382.432653061,solo_01_01,"s_tp,s_ss,s_g,s_p,s_bcl,s_b,s_dr,s_perc",MilesDavis,BitchesBrew
382.432653061,543.346938776,solo_01_02,"s_tp,s_ss,s_g,s_p,s_bcl,s_b,s_dr,s_perc",MilesDavis,BitchesBrew
543.346938776,696.946938776,solo_01_03,"s_tp,s_ss,s_g,s_p,s_bcl,s_b,s_dr,s_perc",MilesDavis,BitchesBrew
696.946938776,882.93877551,solo_01_04,"s_tp,s_ss,s_g,s_p,s_bcl,s_b,s_dr,s_perc",MilesDavis,BitchesBrew
882.93877551,1041.763265306,solo_01_05,"s_tp,s_ss,s_g,s_p,s_bcl,s_b,s_dr,s_perc",MilesDavis,BitchesBrew
1041.763265306,1214.171428571,solo_01_06,"s_tp,s_ss,s_g,s_p,s_bcl,s_b,s_dr,s_perc",MilesDavis,BitchesBrew
1214.171428571,1440.914285714,solo_01_07,"s_tp,s_ss,s_g,s_p,s_bcl,s_b,s_dr,s_perc",MilesDavis,BitchesBrew
1440.914285714,1612.27755102,theme_02_01,"tp,ss,g,p,bcl,b,dr,perc",MilesDavis,BitchesBrew
1612.27755102,1620.4,silence,,MilesDavis,BitchesBrew
0.0,24.241632653,silence,,MilesDavis,BluesByFive
24.241632653,56.819229024,theme_01_01,"p,b,dr",MilesDavis,BluesByFive
56.819229024,89.350385487,solo_01_01,"s_tp,b_p,b_b,b_dr",MilesDavis,BluesByFive
89.350385487,121.626122448,solo_01_02,"s_tp,b_p,b_b,b_dr",MilesDavis,BluesByFive
121.626122448,154.134058956,solo_01_03,"s_tp,b_p,b_b,b_dr",MilesDavis,BluesByFive
154.134058956,186.502675736,solo_01_04,"s_tp,b_p,b_b,b_dr",MilesDavis,BluesByFive
186.502675736,219.010612244,solo_02_01,"s_ts,b_p,b_b,b_dr",MilesDavis,BluesByFive
219.010612244,251.634648526,solo_02_02,"s_ts,b_p,b_b,b_dr",MilesDavis,BluesByFive
251.634648526,284.37478458,solo_02_03,"s_ts,b_p,b_b,b_dr",MilesDavis,BluesByFive
284.37478458,317.486439909,solo_02_04,"s_ts,b_p,b_b,b_dr",MilesDavis,BluesByFive
317.486439909,350.017596371,solo_03_01,"s_p,b_b,b_dr",MilesDavis,BluesByFive
350.017596371,382.618412698,solo_03_02,"s_p,b_b,b_dr",MilesDavis,BluesByFive
382.618412698,415.404988662,solo_04_01,"s_b,b_p,b_dr",MilesDavis,BluesByFive
415.404988662,448.168344671,solo_04_02,"s_b,b_p,b_dr",MilesDavis,BluesByFive
448.168344671,480.722721088,solo_04_03,"s_b,b_p,b_dr",MilesDavis,BluesByFive
480.722721088,512.905578231,solo_05_01,"s_dr,s_p,b_b",MilesDavis,BluesByFive
512.905578231,545.66893424,solo_05_02,"s_dr,s_p,b_b",MilesDavis,BluesByFive
545.66893424,579.059229024,solo_05_03,"s_dr,s_p,b_b",MilesDavis,BluesByFive
579.059229024,618.718911563,theme_02_01,"p,b,dr",MilesDavis,BluesByFive
618.718911563,623.2666666666667,silence,,MilesDavis,BluesByFive
0.0,0.510839002,silence,,MilesDavis,Dolores
0.510839002,29.117823129,theme_01_01,"ts,tp,b,dr",MilesDavis,Dolores
29.117823129,58.653605442,solo_01_01,"s_tp,b_b,b_dr",MilesDavis,Dolores
58.653605442,87.841088435,solo_01_02,"s_tp,b_b,b_dr",MilesDavis,Dolores
87.841088435,115.93723356,solo_01_03,"s_tp,b_b,b_dr",MilesDavis,Dolores
115.93723356,144.497777777,solo_02_01,"s_ts,b_b,b_dr",MilesDavis,Dolores
144.497777777,173.38340136,solo_02_02,"s_ts,b_b,b_dr",MilesDavis,Dolores
173.38340136,201.549206349,solo_02_03,"s_ts,b_b,b_dr",MilesDavis,Dolores
201.549206349,229.204172335,solo_03_01,"s_p,b_b,b_dr",MilesDavis,Dolores
229.204172335,256.441179138,solo_03_02,"s_p,b_b,b_dr",MilesDavis,Dolores
256.441179138,284.02648526,solo_03_03,"s_p,b_b,b_dr",MilesDavis,Dolores
284.02648526,312.076190476,solo_04_01,"s_p,s_tp,s_ts,s_dr,b_b",MilesDavis,Dolores
312.076190476,339.847256235,theme_02_01,"tp,ts,b,dr",MilesDavis,Dolores
339.847256235,367.827301587,theme_02_02,"tp,ts,p,b,dr",MilesDavis,Dolores
367.827301587,378.253061224,outro,"tp,b,dr",MilesDavis,Dolores
378.253061224,382.014693877551,silence,,MilesDavis,Dolores
0.0,0.424489795,silence,,MilesDavis,E.S.P.
0.424489795,29.061224489,theme_01_01,"tp,ts,p,b,dr",MilesDavis,E.S.P.
29.061224489,56.032653061,solo_01_01,"s_ts,b_p,b_b,b_dr",MilesDavis,E.S.P.
56.032653061,83.004081632,solo_01_02,"s_ts,b_p,b_b,b_dr",MilesDavis,E.S.P.
83.004081632,109.518367346,solo_02_01,"s_tp,b_p,b_b,b_dr",MilesDavis,E.S.P.
109.518367346,136.0,solo_02_02,"s_tp,b_p,b_b,b_dr",MilesDavis,E.S.P.
136.0,162.546938775,solo_02_03,"s_tp,b_p,b_b,b_dr",MilesDavis,E.S.P.
162.546938775,190.857142857,solo_02_04,"s_tp,b_p,b_b,b_dr",MilesDavis,E.S.P.
190.857142857,216.620408163,solo_02_05,"s_tp,b_p,b_b,b_dr",MilesDavis,E.S.P.
216.620408163,242.220408163,solo_02_06,"s_tp,b_p,b_b,b_dr",MilesDavis,E.S.P.
242.220408163,268.963265306,solo_03_01,"s_p,b_b,b_dr",MilesDavis,E.S.P.
268.963265306,293.159183673,solo_03_02,"s_p,b_b,b_dr",MilesDavis,E.S.P.
293.159183673,326.30204081499994,theme_02_01,"tp,ts,p,b,dr",MilesDavis,E.S.P.
326.30204081499994,332.16,silence,,MilesDavis,E.S.P.
0.0,0.557278911,silence,,MilesDavis,Eighty=One
0.557278911,20.897959183,theme_01_01,"tp,ts,p,b,dr",MilesDavis,Eighty=One
20.897959183,41.656598639,theme_01_02,"tp,ts,p,b,dr",MilesDavis,Eighty=One
41.656598639,62.415238095,solo_01_01,"s_tp,b_p,b_b,b_dr",MilesDavis,Eighty=One
62.415238095,82.848798185,solo_01_02,"s_tp,b_p,b_b,b_dr",MilesDavis,Eighty=One
82.848798185,103.514557823,solo_01_03,"s_tp,b_p,b_b,b_dr",MilesDavis,Eighty=One
103.514557823,124.087437641,solo_01_04,"s_tp,b_p,b_b,b_dr",MilesDavis,Eighty=One
124.087437641,144.195918367,solo_01_05,"s_tp,b_p,b_b,b_dr",MilesDavis,Eighty=One
144.195918367,165.79047619,solo_01_06,"s_tp,b_p,b_b,b_dr",MilesDavis,Eighty=One
165.79047619,187.385034013,solo_02_01,"s_ts,b_p,b_b,b_dr",MilesDavis,Eighty=One
187.385034013,209.026031746,solo_02_02,"s_ts,b_p,b_b,b_dr",MilesDavis,Eighty=One
209.026031746,230.109750566,solo_02_03,"s_ts,b_p,b_b,b_dr",MilesDavis,Eighty=One
230.109750566,251.147029478,solo_02_04,"s_ts,b_p,b_b,b_dr",MilesDavis,Eighty=One
251.147029478,271.998548752,solo_02_05,"s_ts,b_p,b_b,b_dr",MilesDavis,Eighty=One
271.998548752,292.524988662,solo_03_01,"s_p,b_b,b_dr",MilesDavis,Eighty=One
292.524988662,312.958548752,solo_03_02,"s_p,b_b,b_dr",MilesDavis,Eighty=One
312.958548752,332.370430839,theme_02_01,"tp,ts,p,b,dr",MilesDavis,Eighty=One
332.370430839,353.918548752,theme_02_02,"tp,ts,p,b,dr",MilesDavis,Eighty=One
353.918548752,372.726712017,outro,"tp,ts,p,b,dr",MilesDavis,Eighty=One
372.726712017,376.9066666666667,silence,,MilesDavis,Eighty=One
0.0,0.783673469,silence,,MilesDavis,Gingerbreadboy
0.783673469,14.759183673,theme_01_01,"tp,ts,b,dr",MilesDavis,Gingerbreadboy
14.759183673,28.604081632,theme_01_02,"tp,ts,p,b,dr",MilesDavis,Gingerbreadboy
28.604081632,43.232653061,solo_01_01,"s_tp,b_b,b_dr",MilesDavis,Gingerbreadboy
43.232653061,57.07755102,solo_01_02,"s_tp,b_b,b_dr",MilesDavis,Gingerbreadboy
57.07755102,71.183673469,solo_01_03,"s_tp,b_b,b_dr",MilesDavis,Gingerbreadboy
71.183673469,85.159183673,solo_01_04,"s_tp,b_b,b_dr",MilesDavis,Gingerbreadboy
85.159183673,99.265306122,solo_01_05,"s_tp,b_b,b_dr",MilesDavis,Gingerbreadboy
99.265306122,113.240816326,solo_01_06,"s_tp,b_b,b_dr",MilesDavis,Gingerbreadboy
113.240816326,127.21632653,solo_01_07,"s_tp,b_b,b_dr",MilesDavis,Gingerbreadboy
127.21632653,141.191836734,solo_01_08,"s_tp,b_b,b_dr",MilesDavis,Gingerbreadboy
141.191836734,155.297959183,solo_01_09,"s_tp,b_b,b_dr",MilesDavis,Gingerbreadboy
155.297959183,169.273469387,solo_02_01,"s_ts,b_b,b_dr",MilesDavis,Gingerbreadboy
169.273469387,183.771428571,solo_02_02,"s_ts,b_b,b_dr",MilesDavis,Gingerbreadboy
183.771428571,198.008163265,solo_02_03,"s_ts,b_b,b_dr",MilesDavis,Gingerbreadboy
198.008163265,213.812244897,solo_02_04,"s_ts,b_b,b_dr",MilesDavis,Gingerbreadboy
213.812244897,227.787755102,solo_02_05,"s_ts,b_b,b_dr",MilesDavis,Gingerbreadboy
227.787755102,241.371428571,solo_02_06,"s_ts,b_b,b_dr",MilesDavis,Gingerbreadboy
241.371428571,253.518367346,solo_02_07,"s_ts,b_b,b_dr",MilesDavis,Gingerbreadboy
253.518367346,265.926530612,solo_02_08,"s_ts,b_b,b_dr",MilesDavis,Gingerbreadboy
265.926530612,277.681632653,solo_03_01,"s_p,b_b,b_dr",MilesDavis,Gingerbreadboy
277.681632653,292.179591836,solo_03_02,"s_p,b_b,b_dr",MilesDavis,Gingerbreadboy
292.179591836,306.41632653,solo_03_03,"s_p,b_b,b_dr",MilesDavis,Gingerbreadboy
306.41632653,319.21632653,solo_03_04,"s_p,b_b,b_dr",MilesDavis,Gingerbreadboy
319.21632653,333.583673469,solo_03_05,"s_p,b_b,b_dr",MilesDavis,Gingerbreadboy
333.583673469,346.383673469,solo_03_06,"s_p,b_b,b_dr",MilesDavis,Gingerbreadboy
346.383673469,360.620408163,solo_03_07,"s_p,b_b,b_dr",MilesDavis,Gingerbreadboy
360.620408163,373.028571428,solo_03_08,"s_p,b_b,b_dr",MilesDavis,Gingerbreadboy
373.028571428,385.828571428,solo_03_09,"s_p,b_b,b_dr",MilesDavis,Gingerbreadboy
385.828571428,399.151020408,theme_02_01,"tp,ts,b,dr",MilesDavis,Gingerbreadboy
399.151020408,412.604081632,theme_02_02,"tp,ts,b,dr",MilesDavis,Gingerbreadboy
412.604081632,426.039727891,theme_02_03,"tp,ts,b,dr",MilesDavis,Gingerbreadboy
426.039727891,454.368072562,outro,"b,dr",MilesDavis,Gingerbreadboy
454.368072562,468.0,silence,,MilesDavis,Gingerbreadboy
0.0,0.457142857,silence,,MilesDavis,HandJive
0.457142857,38.080725623,theme_01_01,"tp,ts,p,b,dr",MilesDavis,HandJive
38.080725623,73.28217687,solo_01_01,"s_tp,b_b,b_dr",MilesDavis,HandJive
73.28217687,111.362902494,solo_01_02,"s_tp,b_b,b_dr",MilesDavis,HandJive
111.362902494,151.022585034,solo_01_03,"s_tp,b_b,b_dr",MilesDavis,HandJive
151.022585034,191.146666666,solo_01_04,"s_tp,b_b,b_dr",MilesDavis,HandJive
191.146666666,225.23356009,solo_02_01,"s_ts,b_b,b_dr",MilesDavis,HandJive
225.23356009,263.871564625,solo_02_02,"s_ts,b_b,b_dr",MilesDavis,HandJive
263.871564625,297.958458049,solo_02_03,"s_ts,b_b,b_dr",MilesDavis,HandJive
297.958458049,332.695510204,solo_02_04,"s_ts,b_b,b_dr",MilesDavis,HandJive
332.695510204,370.683356009,solo_03_01,"s_p,b_b,b_dr",MilesDavis,HandJive
370.683356009,405.977687074,solo_03_02,"s_p,b_b,b_dr",MilesDavis,HandJive
405.977687074,442.5723356,solo_03_03,"s_p,b_b,b_dr",MilesDavis,HandJive
442.5723356,480.261224489,solo_03_04,"s_p,b_b,b_dr",MilesDavis,HandJive
480.261224489,531.199999999,theme_02_01,"tp,ts,p,b,dr",MilesDavis,HandJive
531.199999999,537.9333333333333,silence,,MilesDavis,HandJive
0.0,0.371519274,silence,,MilesDavis,MilesRunsTheVoodooDown
0.371519274,34.922811791,intro,"g,bcl,b,dr",MilesDavis,MilesRunsTheVoodooDown
34.922811791,141.920362811,theme_01_01,"tp,g,p,bcl,b,dr",MilesDavis,MilesRunsTheVoodooDown
141.920362811,249.289433106,solo_01_01,"s_tp,b_g,b_p,b_bcl,b_b,b_dr",MilesDavis,MilesRunsTheVoodooDown
249.289433106,364.460408163,solo_02_01,"s_g,b_p,b_bcl,b_b,b_dr",MilesDavis,MilesRunsTheVoodooDown
364.460408163,488.547845804,solo_03_01,"s_as,b_g,b_p,b_bcl,b_b,b_dr",MilesDavis,MilesRunsTheVoodooDown
488.547845804,599.632108843,solo_04_01,"s_p,b_g,b_bcl,b_b,b_dr",MilesDavis,MilesRunsTheVoodooDown
599.632108843,707.744217687,solo_05_01,"s_tp,b_g,b_p,b_bcl,b_b,b_dr",MilesDavis,MilesRunsTheVoodooDown
707.744217687,835.546848072,solo_05_02,"s_tp,b_g,b_p,b_bcl,b_b,b_dr",MilesDavis,MilesRunsTheVoodooDown
835.546848072,844.76,silence,,MilesDavis,MilesRunsTheVoodooDown
0.0,0.464399092,silence,,MilesDavis,Oleo
0.464399092,29.02494331,theme_01_01,"tp,ts,p,b,dr",MilesDavis,Oleo
29.02494331,57.376507936,solo_01_01,"s_tp,b_p,b_b,b_dr",MilesDavis,Oleo
57.376507936,85.960272108,solo_01_02,"s_tp,b_p,b_b,b_dr",MilesDavis,Oleo
85.960272108,114.683356009,solo_02_01,"s_ts,b_p,b_b,b_dr",MilesDavis,Oleo
114.683356009,143.66185941,solo_02_02,"s_ts,b_p,b_b,b_dr",MilesDavis,Oleo
143.66185941,172.663582766,solo_02_03,"s_ts,b_p,b_b,b_dr",MilesDavis,Oleo
172.663582766,201.734965986,solo_02_04,"s_ts,b_p,b_b,b_dr",MilesDavis,Oleo
201.734965986,230.481269841,solo_03_01,"s_p,b_b,b_dr",MilesDavis,Oleo
230.481269841,259.645532879,solo_03_02,"s_p,b_b,b_dr",MilesDavis,Oleo
259.645532879,288.391836734,solo_04_01,"s_tp,b_p,b_b,b_dr",MilesDavis,Oleo
288.391836734,317.022040816,solo_04_02,"s_tp,b_p,b_b,b_dr",MilesDavis,Oleo
317.022040816,349.947936507,theme_02_01,"tp,ts,p,b,dr",MilesDavis,Oleo
349.947936507,354.0933333333333,silence,,MilesDavis,Oleo
0.0,0.261224489,silence,,MilesDavis,Orbits
0.261224489,27.885714285,theme_01_01,"tp,ts,b,dr",MilesDavis,Orbits
27.885714285,55.902040816,solo_01_01,"s_tp,b_b,b_dr",MilesDavis,Orbits
55.902040816,82.546938775,solo_01_02,"s_tp,b_b,b_dr",MilesDavis,Orbits
82.546938775,109.126530612,solo_01_03,"s_tp,s_ts,b_b,b_dr",MilesDavis,Orbits
109.126530612,135.510204081,solo_02_01,"s_tp,s_ts,b_b,b_dr",MilesDavis,Orbits
135.510204081,163.2,solo_02_02,"s_tp,s_ts,b_b,b_dr",MilesDavis,Orbits
163.2,189.583673469,solo_03_01,"s_p,b_b,b_dr",MilesDavis,Orbits
189.583673469,216.032653061,solo_03_02,"s_p,b_b,b_dr",MilesDavis,Orbits
216.032653061,243.657142857,solo_03_03,"s_p,b_b,b_dr",MilesDavis,Orbits
243.657142857,274.15510204,theme_02_01,"tp,ts",MilesDavis,Orbits
274.15510204,278.6,silence,,MilesDavis,Orbits
0.0,0.30185941,silence,,MilesDavis,SoWhat
0.30185941,34.040453514,intro,"b,p",MilesDavis,SoWhat
34.040453514,90.000544217,theme_01_01,"b,p,dr",MilesDavis,SoWhat
90.000544217,145.681995464,solo_01_01,"s_tp,b_p,b_b,b_dr",MilesDavis,SoWhat
145.681995464,201.224126984,solo_01_02,"s_tp,b_p,b_b,b_dr",MilesDavis,SoWhat
201.224126984,255.907120181,solo_02_01,"s_as,b_p,b_b,b_dr",MilesDavis,SoWhat
255.907120181,311.054512471,solo_02_02,"s_as,b_p,b_b,b_dr",MilesDavis,SoWhat
311.054512471,367.107482993,solo_02_03,"s_as,b_p,b_b,b_dr",MilesDavis,SoWhat
367.107482993,421.117097505,solo_02_04,"s_as,b_p,b_b,b_dr",MilesDavis,SoWhat
421.117097505,473.872834467,solo_03_01,"s_p,b_tp,b_as,b_b,b_dr",MilesDavis,SoWhat
473.872834467,541.535782312,theme_02_02,"tp,as,p,b,dr",MilesDavis,SoWhat
541.535782312,545.4133333333333,silence,,MilesDavis,SoWhat
0.0,0.139319727,silence,,MilesDavis,TuneUp
0.139319727,3.482993197,intro,p,MilesDavis,TuneUp
3.482993197,31.02185941,theme_01_01,"tp,p,b,dr",MilesDavis,TuneUp
31.02185941,58.142766439,solo_01_01,"s_tp,b_p,b_b,b_dr",MilesDavis,TuneUp
58.142766439,85.263673469,solo_01_02,"s_tp,b_p,b_b,b_dr",MilesDavis,TuneUp
85.263673469,113.127619047,solo_01_03,"s_tp,b_p,b_b,b_dr",MilesDavis,TuneUp
113.127619047,140.805804988,solo_01_04,"s_tp,b_p,b_b,b_dr",MilesDavis,TuneUp
140.805804988,168.855510204,solo_01_05,"s_tp,b_p,b_b,b_dr",MilesDavis,TuneUp
168.855510204,197.289795918,solo_01_06,"s_tp,b_p,b_b,b_dr",MilesDavis,TuneUp
197.289795918,228.375510203,theme_02_01,"tp,p,b,dr",MilesDavis,TuneUp
228.375510203,231.98666666666668,silence,,MilesDavis,TuneUp
0.0,0.928798185,silence,,MilesDavis,VierdBlues
0.928798185,26.563628117,theme_01_01,"tp,ts,p,b,dr",MilesDavis,VierdBlues
26.563628117,51.826938775,solo_01_01,"s_tp,b_p,b_b,b_dr",MilesDavis,VierdBlues
51.826938775,76.997369614,solo_01_02,"s_tp,b_p,b_b,b_dr",MilesDavis,VierdBlues
76.997369614,101.889160997,solo_01_03,"s_tp,b_p,b_b,b_dr",MilesDavis,VierdBlues
101.889160997,126.78095238,solo_01_04,"s_tp,b_p,b_b,b_dr",MilesDavis,VierdBlues
126.78095238,151.858503401,solo_02_01,"s_ts,b_p,b_b,b_dr",MilesDavis,VierdBlues
151.858503401,177.121814058,solo_02_02,"s_ts,b_p,b_b,b_dr",MilesDavis,VierdBlues
177.121814058,202.478004535,solo_02_03,"s_ts,b_p,b_b,b_dr",MilesDavis,VierdBlues
202.478004535,227.555555555,solo_02_04,"s_ts,b_p,b_b,b_dr",MilesDavis,VierdBlues
227.555555555,252.540226757,solo_02_05,"s_ts,b_p,b_b,b_dr",MilesDavis,VierdBlues
252.540226757,277.896417233,solo_02_06,"s_ts,b_p,b_b,b_dr",MilesDavis,VierdBlues
277.896417233,302.695328798,solo_03_01,"s_p,b_b,b_dr",MilesDavis,VierdBlues
302.695328798,327.772879818,solo_03_02,"s_p,b_b,b_dr",MilesDavis,VierdBlues
327.772879818,352.571791383,solo_03_03,"s_p,b_b,b_dr",MilesDavis,VierdBlues
352.571791383,377.370702947,solo_03_04,"s_p,b_b,b_dr",MilesDavis,VierdBlues
377.370702947,409.228480724,theme_02_01,"tp,ts,p,b,dr",MilesDavis,VierdBlues
409.228480724,414.4065306122449,silence,,MilesDavis,VierdBlues
0.0,0.046439909,silence,,MilesDavis,Walkin'
0.046439909,15.18585034,intro,"tp,tb,ts,p,b,dr",MilesDavis,Walkin'
15.18585034,60.000362811,theme_01_01,"tp,tb,ts,p,b,dr",MilesDavis,Walkin'
60.000362811,104.675555555,solo_01_01,"s_tp,b_p,b_b,b_dr",MilesDavis,Walkin'
104.675555555,149.582947845,solo_01_02,"s_tp,b_p,b_b,b_dr",MilesDavis,Walkin'
149.582947845,194.908299319,solo_01_03,"s_tp,b_p,b_b,b_dr",MilesDavis,Walkin'
194.908299319,239.908571428,solo_01_04,"s_tp,b_p,b_b,b_dr",MilesDavis,Walkin'
239.908571428,284.955283446,solo_02_01,"s_tb,b_p,b_b,b_dr",MilesDavis,Walkin'
284.955283446,329.816235827,solo_02_02,"s_tb,b_p,b_b,b_dr",MilesDavis,Walkin'
329.816235827,375.327346938,solo_02_03,"s_tb,b_p,b_b,b_dr",MilesDavis,Walkin'
375.327346938,420.559818594,solo_03_01,"s_ts,b_p,b_b,b_dr",MilesDavis,Walkin'
420.559818594,466.442448979,solo_03_02,"s_ts,b_p,b_b,b_dr",MilesDavis,Walkin'
466.442448979,512.0,solo_03_03,"s_ts,b_p,b_b,b_dr",MilesDavis,Walkin'
512.0,557.882630385,solo_03_04,"s_ts,b_tp,b_p,b_b,b_dr",MilesDavis,Walkin'
557.882630385,603.997460317,solo_03_05,"s_ts,b_p,b_b,b_dr",MilesDavis,Walkin'
603.997460317,649.787210884,solo_04_01,"s_p,b_b,b_dr",MilesDavis,Walkin'
649.787210884,695.855600907,solo_05_01,"s_tp,b_p,b_b,b_dr",MilesDavis,Walkin'
695.855600907,741.088072562,theme_02_01,"tp,tb,ts,p,b,dr",MilesDavis,Walkin'
741.088072562,788.549659863,theme_02_02,"tp,tb,ts,p,b,dr",MilesDavis,Walkin'
788.549659863,808.658140588,outro,"tp,tb,ts,p,b,dr",MilesDavis,Walkin'
808.658140588,811.1466666666666,silence,,MilesDavis,Walkin'
0.0,0.0,silence,,MiltJackson,AllTheThingsYouAre
0.0,30.040816326,intro,"b,dr,vib",MiltJackson,AllTheThingsYouAre
30.040816326,87.510204081,theme_01_01,"vib,p,b,dr",MiltJackson,AllTheThingsYouAre
87.510204081,145.240816326,solo_01_01,"s_vib,b_p,b_b,b_dr",MiltJackson,AllTheThingsYouAre
145.240816326,193.567346938,theme_02_01,"vib,p,b,dr",MiltJackson,AllTheThingsYouAre
193.567346938,196.89333333333332,silence,,MiltJackson,AllTheThingsYouAre
0.0,0.359183673,silence,,MiltJackson,Bag'sGroove
0.359183673,35.265306122,theme_01_01,"ts,vib,p,b,dr",MiltJackson,Bag'sGroove
35.265306122,68.114285714,solo_01_01,"s_vib,b_p,b_b,b_dr",MiltJackson,Bag'sGroove
68.114285714,101.126530612,solo_02_01,"s_ts,b_p,b_vib,b_b,b_dr",MiltJackson,Bag'sGroove
101.126530612,133.681632653,solo_03_01,"s_p,b_b,b_dr",MiltJackson,Bag'sGroove
133.681632653,169.371428571,theme_02_01,"ts,vib,p,b,dr",MiltJackson,Bag'sGroove
169.371428571,181.910204081,outro,"ts,vib,p,b,dr",MiltJackson,Bag'sGroove
181.910204081,185.6266666666667,silence,,MiltJackson,Bag'sGroove
0.0,0.653061224,silence,,MiltJackson,BemshaSwing
0.653061224,7.314285714,intro,"p,b,dr",MiltJackson,BemshaSwing
7.314285714,33.959183673,theme_01_01,"tp,vib,p,b,dr",MiltJackson,BemshaSwing
33.959183673,59.559183673,solo_01_01,"s_tp,b_p,b_b,b_dr",MiltJackson,BemshaSwing
59.559183673,85.17079365,solo_01_02,"s_tp,b_p,b_b,b_dr",MiltJackson,BemshaSwing
85.17079365,110.898503401,solo_01_03,"s_tp,b_p,b_b,b_dr",MiltJackson,BemshaSwing
110.898503401,136.71909297,solo_01_04,"s_tp,b_p,b_b,b_dr",MiltJackson,BemshaSwing
136.71909297,162.353922902,solo_01_05,"s_tp,b_p,b_b,b_dr",MiltJackson,BemshaSwing
162.353922902,186.595555555,solo_01_06,"s_tp,b_p,b_b,b_dr",MiltJackson,BemshaSwing
186.595555555,212.137505668,solo_01_07,"s_tp,b_p,b_b,b_dr",MiltJackson,BemshaSwing
212.137505668,237.586575963,solo_02_01,"s_vib,b_p,b_b,b_dr",MiltJackson,BemshaSwing
237.586575963,264.2430839,solo_02_02,"s_vib,b_p,b_b,b_dr",MiltJackson,BemshaSwing
264.2430839,289.692154195,solo_02_03,"s_vib,b_p,b_b,b_dr",MiltJackson,BemshaSwing
289.692154195,314.862585034,solo_02_04,"s_vib,b_p,b_b,b_dr",MiltJackson,BemshaSwing
314.862585034,340.033015873,solo_02_05,"s_vib,b_p,b_b,b_dr",MiltJackson,BemshaSwing
340.033015873,364.831927437,solo_03_01,"s_p,b_b,b_dr",MiltJackson,BemshaSwing
364.831927437,389.352199546,solo_03_02,"s_p,b_b,b_dr",MiltJackson,BemshaSwing
389.352199546,414.522630385,solo_03_03,"s_p,b_b,b_dr",MiltJackson,BemshaSwing
414.522630385,438.021224489,solo_03_04,"s_p,b_b,b_dr",MiltJackson,BemshaSwing
438.021224489,462.44861678,solo_04_01,"s_tp,b_p,b_b,b_dr",MiltJackson,BemshaSwing
462.44861678,486.040090702,solo_04_02,"s_tp,s_vib,b_p,b_b,b_dr",MiltJackson,BemshaSwing
486.040090702,511.860680272,solo_04_03,"s_tp,s_vib,b_p,b_b,b_dr",MiltJackson,BemshaSwing
511.860680272,538.052789115,solo_04_04,"s_tp,s_vib,b_p,b_b,b_dr",MiltJackson,BemshaSwing
538.052789115,566.845532879,theme_02_01,"tp,vib,p,b,dr",MiltJackson,BemshaSwing
566.845532879,569.8133333333334,silence,,MiltJackson,BemshaSwing
0.0,0.457142857,silence,,MiltJackson,Don'tGetAroundMuchAnymore
0.457142857,44.734693877,theme_01_01,"ts,p,b,vib,dr",MiltJackson,Don'tGetAroundMuchAnymore
44.734693877,87.444897959,solo_01_01,"s_ts,b_p,b_b,b_dr",MiltJackson,Don'tGetAroundMuchAnymore
87.444897959,129.371428571,solo_02_01,"s_vib,b_p,b_b,b_dr",MiltJackson,Don'tGetAroundMuchAnymore
129.371428571,177.371428571,theme_02_01,"ts,p,b,vib,dr",MiltJackson,Don'tGetAroundMuchAnymore
177.371428571,181.14666666666668,silence,,MiltJackson,Don'tGetAroundMuchAnymore
0.0,0.371519274,silence,,MiltJackson,SoftlyAsInAMorningSunrise
0.371519274,13.931972789,intro,"vib,p,b,dr",MiltJackson,SoftlyAsInAMorningSunrise
13.931972789,67.802267573,theme_01_01,"vib,p,b,dr",MiltJackson,SoftlyAsInAMorningSunrise
67.802267573,122.972879818,solo_01_01,"s_vib,b_p,b_b,b_dr",MiltJackson,SoftlyAsInAMorningSunrise
122.972879818,178.143492063,solo_01_02,"s_vib,b_p,b_b,b_dr",MiltJackson,SoftlyAsInAMorningSunrise
178.143492063,235.357460317,solo_01_03,"s_vib,b_p,b_b,b_dr",MiltJackson,SoftlyAsInAMorningSunrise
235.357460317,292.385668934,solo_02_01,"s_p,b_b,b_dr",MiltJackson,SoftlyAsInAMorningSunrise
292.385668934,349.228117913,solo_02_02,"s_p,b_b,b_dr",MiltJackson,SoftlyAsInAMorningSunrise
349.228117913,406.999365079,solo_02_03,"s_p,b_b,b_dr",MiltJackson,SoftlyAsInAMorningSunrise
406.999365079,470.714920634,theme_02_01,"vib,p,b,dr",MiltJackson,SoftlyAsInAMorningSunrise
470.714920634,475.8933333333333,silence,,MiltJackson,SoftlyAsInAMorningSunrise
0.0,0.464399092,silence,,MiltJackson,What'sNew
0.464399092,13.746213151,intro,"p,b,dr",MiltJackson,What'sNew
13.746213151,116.935691609,theme_01_01,"vib,p,b,dr",MiltJackson,What'sNew
116.935691609,189.753469386,solo_01_01,"s_vib,b_p,b_b,b_dr",MiltJackson,What'sNew
189.753469386,193.94666666666663,silence,,MiltJackson,What'sNew
0.0,0.457142857,silence,,OrnetteColeman,BirdFood
0.457142857,2.41632653,intro,"tp,as",OrnetteColeman,BirdFood
2.41632653,41.534693877,theme_01_01,"tp,as,b,dr",OrnetteColeman,BirdFood
41.534693877,80.653061224,solo_01_01,"s_tp,b_b,b_dr",OrnetteColeman,BirdFood
80.653061224,119.629206349,solo_01_02,"s_tp,b_b,b_dr",OrnetteColeman,BirdFood
119.629206349,162.353922902,solo_01_03,"s_tp,b_b,b_dr",OrnetteColeman,BirdFood
162.353922902,204.892879818,solo_02_01,"s_as,b_b,b_dr",OrnetteColeman,BirdFood
204.892879818,247.246077097,solo_02_02,"s_as,b_b,b_dr",OrnetteColeman,BirdFood
247.246077097,288.113197278,solo_02_03,"s_as,b_b,b_dr",OrnetteColeman,BirdFood
288.113197278,325.822403627,theme_02_01,"tp,as,b,dr",OrnetteColeman,BirdFood
325.822403627,331.38938775510206,silence,,OrnetteColeman,BirdFood
0.0,0.457142857,silence,,OrnetteColeman,Chronology
0.457142857,30.563265306,theme_01_01,"tp,as,b,dr",OrnetteColeman,Chronology
30.563265306,64.457142857,solo_01_01,"s_tp,b_b,b_dr",OrnetteColeman,Chronology
64.457142857,97.632653061,solo_01_02,"s_tp,b_b,b_dr",OrnetteColeman,Chronology
97.632653061,130.873469387,solo_01_03,"s_tp,b_b,b_dr",OrnetteColeman,Chronology
130.873469387,163.983673469,solo_01_04,"s_tp,b_b,b_dr",OrnetteColeman,Chronology
163.983673469,197.61632653,solo_02_01,"s_as,b_b,b_dr",OrnetteColeman,Chronology
197.61632653,230.334693877,solo_02_02,"s_as,b_b,b_dr",OrnetteColeman,Chronology
230.334693877,262.661224489,solo_02_03,"s_as,b_b,b_dr",OrnetteColeman,Chronology
262.661224489,294.987755102,solo_02_04,"s_as,b_b,b_dr",OrnetteColeman,Chronology
294.987755102,325.746938775,solo_02_05,"s_as,b_b,b_dr",OrnetteColeman,Chronology
325.746938775,360.81632653,theme_02_01,"tp,as,b,dr",OrnetteColeman,Chronology
360.81632653,363.28,silence,,OrnetteColeman,Chronology
0.0,0.557278911,silence,,OrnetteColeman,Congeniality
0.557278911,29.535782312,theme_01_01,"tp,as,b,dr",OrnetteColeman,Congeniality
29.535782312,57.492607709,theme_01_02,"tp,as,b,dr",OrnetteColeman,Congeniality
57.492607709,90.743582766,solo_01_01,"s_as,b_b,b_dr",OrnetteColeman,Congeniality
90.743582766,124.366077097,solo_01_02,"s_as,b_b,b_dr",OrnetteColeman,Congeniality
124.366077097,157.152653061,solo_01_03,"s_as,b_b,b_dr",OrnetteColeman,Congeniality
157.152653061,190.032108843,solo_01_04,"s_as,b_b,b_dr",OrnetteColeman,Congeniality
190.032108843,223.004444444,solo_01_05,"s_as,b_b,b_dr",OrnetteColeman,Congeniality
223.004444444,256.162539682,solo_02_01,"s_tp,b_b,b_dr",OrnetteColeman,Congeniality
256.162539682,288.02031746,solo_02_02,"s_tp,b_b,b_dr",OrnetteColeman,Congeniality
288.02031746,320.899773242,solo_02_03,"s_tp,b_b,b_dr",OrnetteColeman,Congeniality
320.899773242,350.342675736,solo_02_04,"s_tp,b_b,b_dr",OrnetteColeman,Congeniality
350.342675736,379.692698412,theme_02_01,"tp,as,b,dr",OrnetteColeman,Congeniality
379.692698412,403.284172334,theme_02_02,"tp,as,b,dr",OrnetteColeman,Congeniality
403.284172334,408.3983673469388,silence,,OrnetteColeman,Congeniality
0.0,0.522448979,silence,,OrnetteColeman,Peace
0.522448979,100.310204081,theme_01_01,"tp,as,b,dr",OrnetteColeman,Peace
100.310204081,184.424489795,solo_01_01,"s_as,b_b,b_dr",OrnetteColeman,Peace
184.424489795,264.359183673,solo_01_02,"s_as,b_b,b_dr",OrnetteColeman,Peace
264.359183673,348.734693877,solo_02_01,"s_tp,b_b,b_dr",OrnetteColeman,Peace
348.734693877,432.587755102,solo_02_02,"s_tp,b_b,b_dr",OrnetteColeman,Peace
432.587755102,536.81632653,theme_02_01,"tp,as,b,dr",OrnetteColeman,Peace
536.81632653,544.8097959183674,silence,,OrnetteColeman,Peace
0.0,1.044897959,silence,,OrnetteColeman,Ramblin'
1.044897959,58.514285714,theme_01_01,"tp,as,b,dr",OrnetteColeman,Ramblin'
58.514285714,119.640816326,solo_01_01,"s_as,b_b,b_dr",OrnetteColeman,Ramblin'
119.640816326,178.15510204,solo_01_02,"s_as,b_b,b_dr",OrnetteColeman,Ramblin'
178.15510204,239.804081632,solo_02_01,"s_tp,b_b,b_dr",OrnetteColeman,Ramblin'
239.804081632,299.885714285,solo_03_01,"s_b,b_dr",OrnetteColeman,Ramblin'
299.885714285,358.4,theme_02_01,"tp,as,b,dr",OrnetteColeman,Ramblin'
358.4,395.493877551,outro,"tp,as,b,dr",OrnetteColeman,Ramblin'
395.493877551,399.7518367346939,silence,,OrnetteColeman,Ramblin'
0.0,0.522448979,silence,,PatMartino,AlongCameBetty
0.522448979,63.73877551,theme_01_01,"g,key,b,dr,perc",PatMartino,AlongCameBetty
63.73877551,125.257142857,solo_01_01,"s_g,b_key,b_b,b_dr,b_perc",PatMartino,AlongCameBetty
125.257142857,186.253061224,solo_01_02,"s_g,b_key,b_b,b_dr,b_perc",PatMartino,AlongCameBetty
186.253061224,248.032653061,solo_02_01,"s_key,b_g,b_b,b_dr,b_dr,b_perc",PatMartino,AlongCameBetty
248.032653061,312.55510204,theme_02_01,"g,key,b,dr,perc",PatMartino,AlongCameBetty
312.55510204,322.089795917,outro,perc,PatMartino,AlongCameBetty
322.089795917,326.3226984126984,silence,,PatMartino,AlongCameBetty
0.0,0.55510204,silence,,PatMetheny,AllTheThingsYouAre
0.55510204,6.661224489,intro,g,PatMetheny,AllTheThingsYouAre
6.661224489,32.653061224,theme_01_01,"g,b,dr",PatMetheny,AllTheThingsYouAre
32.653061224,60.995918367,solo_01_01,"s_g,b_b,b_dr",PatMetheny,AllTheThingsYouAre
60.995918367,88.163265306,solo_01_02,"s_g,b_b,b_dr",PatMetheny,AllTheThingsYouAre
88.163265306,115.591836734,solo_01_03,"s_g,b_b,b_dr",PatMetheny,AllTheThingsYouAre
115.591836734,143.020408163,solo_01_04,"s_g,b_b,b_dr",PatMetheny,AllTheThingsYouAre
143.020408163,170.187755102,solo_01_05,"s_g,b_b,b_dr",PatMetheny,AllTheThingsYouAre
170.187755102,198.008163265,solo_01_06,"s_g,b_b,b_dr",PatMetheny,AllTheThingsYouAre
198.008163265,225.175510204,solo_02_01,"s_b,b_g,b_dr",PatMetheny,AllTheThingsYouAre
225.175510204,252.604081632,solo_02_02,"s_b,b_g,b_dr",PatMetheny,AllTheThingsYouAre
252.604081632,281.730612244,solo_02_03,"s_b,b_g,b_dr",PatMetheny,AllTheThingsYouAre
281.730612244,311.379591836,solo_03_01,"s_g,b_b,b_dr",PatMetheny,AllTheThingsYouAre
311.379591836,337.240816326,solo_04_01,s_dr,PatMetheny,AllTheThingsYouAre
337.240816326,364.408163265,solo_05_01,"s_g,b_b,b_dr",PatMetheny,AllTheThingsYouAre
364.408163265,391.314285714,solo_06_01,s_dr,PatMetheny,AllTheThingsYouAre
391.314285714,418.481632653,solo_07_01,"s_g,b_b,b_dr",PatMetheny,AllTheThingsYouAre
418.481632653,445.823129251,solo_08_01,s_dr,PatMetheny,AllTheThingsYouAre
445.823129251,472.200997732,theme_02_01,"g,b,dr",PatMetheny,AllTheThingsYouAre
472.200997732,497.464308389,outro,"g,b,dr",PatMetheny,AllTheThingsYouAre
497.464308389,506.5142857142857,silence,,PatMetheny,AllTheThingsYouAre
0.0,0.130612244,silence,,PaulDesmond,Alianca
0.130612244,8.457142857,intro,"g,b,dr",PaulDesmond,Alianca
8.457142857,41.893877551,theme_01_01,"as,g,b,dr",PaulDesmond,Alianca
41.893877551,75.004081632,solo_01_01,"s_as,b_g,b_b,b_dr",PaulDesmond,Alianca
75.004081632,108.146938775,solo_01_02,"s_as,b_g,b_b,b_dr",PaulDesmond,Alianca
108.146938775,140.669387755,solo_02_01,"s_g,b_b,b_dr",PaulDesmond,Alianca
140.669387755,173.420408163,solo_02_02,"s_g,b_b,b_dr",PaulDesmond,Alianca
173.420408163,206.073469387,solo_03_01,"s_g,b_b,b_dr",PaulDesmond,Alianca
206.073469387,238.922448979,theme_02_01,"as,g,b,dr",PaulDesmond,Alianca
238.922448979,266.383673468,outro,"g,ts,b,dr",PaulDesmond,Alianca
266.383673468,272.9866666666667,silence,,PaulDesmond,Alianca
0.0,0.417959183,silence,,PaulDesmond,AloneTogether
0.417959183,9.84526077,intro,g,PaulDesmond,AloneTogether
9.84526077,61.904399092,theme_01_01,"as,g,b,dr",PaulDesmond,AloneTogether
61.904399092,115.217414965,solo_01_01,"s_as,b_g,b_b,b_dr",PaulDesmond,AloneTogether
115.217414965,169.180589569,solo_01_02,"s_as,b_g,b_b,b_dr",PaulDesmond,AloneTogether
169.180589569,220.682448979,solo_01_03,"s_as,b_g,b_b,b_dr",PaulDesmond,AloneTogether
220.682448979,273.391746031,solo_02_01,"s_g,b_b,b_dr",PaulDesmond,AloneTogether
273.391746031,328.005079365,solo_02_02,"s_g,b_b,b_dr",PaulDesmond,AloneTogether
328.005079365,407.510204081,theme_02_01,"as,g,b,dr",PaulDesmond,AloneTogether
407.510204081,412.94367346938776,silence,,PaulDesmond,AloneTogether
0.0,1.567346939,silence,,PaulDesmond,BlueRondoALaTurk
1.567346939,133.746938776,theme_01_01,"ts,p,b,dr",PaulDesmond,BlueRondoALaTurk
133.746938776,232.013786848,solo_01_01,"s_ts,b_b,b_dr",PaulDesmond,BlueRondoALaTurk
232.013786848,335.110385488,solo_02_01,"s_p,b_b,b_dr",PaulDesmond,BlueRondoALaTurk
335.110385488,401.240816327,theme_02_01,"ts,p,b,dr",PaulDesmond,BlueRondoALaTurk
401.240816327,406.28244897959183,silence,,PaulDesmond,BlueRondoALaTurk
0.0,0.01632653,silence,,PaulDesmond,BossaAntigua
0.01632653,9.861224489,intro,g,PaulDesmond,BossaAntigua
9.861224489,50.971428571,theme_01_01,"as,g,b,dr",PaulDesmond,BossaAntigua
50.971428571,91.314285714,solo_01_01,"s_as,b_g,b_b,b_dr",PaulDesmond,BossaAntigua
91.314285714,130.742857142,solo_01_02,"s_as,b_g,b_b,b_dr",PaulDesmond,BossaAntigua
130.742857142,170.008163265,solo_02_01,"s_g,b_b,b_dr",PaulDesmond,BossaAntigua
170.008163265,208.685714285,solo_02_02,"s_g,b_b,b_dr",PaulDesmond,BossaAntigua
208.685714285,247.902040816,theme_02_01,"as,g,b,dr",PaulDesmond,BossaAntigua
247.902040816,278.563265305,outro,"as,g,b,dr",PaulDesmond,BossaAntigua
278.563265305,286.48,silence,,PaulDesmond,BossaAntigua
0.0,0.139319727,silence,,PaulDesmond,SambaCantina
0.139319727,12.724535147,intro,g,PaulDesmond,SambaCantina
12.724535147,64.412154195,theme_01_01,"as,g,b,dr",PaulDesmond,SambaCantina
64.412154195,115.58893424,solo_01_01,"s_as,b_g,b_b,b_dr",PaulDesmond,SambaCantina
115.58893424,166.394195011,solo_01_02,"s_as,b_g,b_b,b_dr",PaulDesmond,SambaCantina
166.394195011,216.735056689,solo_02_01,"s_g,b_b,b_dr",PaulDesmond,SambaCantina
216.735056689,266.750839002,solo_02_02,"s_g,b_b,b_dr",PaulDesmond,SambaCantina
266.750839002,317.138140589,theme_02_01,"as,g,b,dr",PaulDesmond,SambaCantina
317.138140589,334.599546484,outro,"as,g,b,dr",PaulDesmond,SambaCantina
334.599546484,341.8533333333333,silence,,PaulDesmond,SambaCantina
0.0,0.097959183,silence,,PaulDesmond,TheGirlFromEast9thStreet
0.097959183,14.269387755,intro,g,PaulDesmond,TheGirlFromEast9thStreet
14.269387755,68.669387755,theme_01_01,"as,g,b,dr",PaulDesmond,TheGirlFromEast9thStreet
68.669387755,123.004081632,solo_01_01,"s_as,b_g,b_b,b_dr",PaulDesmond,TheGirlFromEast9thStreet
123.004081632,176.914285714,solo_01_02,"s_as,b_g,b_b,b_dr",PaulDesmond,TheGirlFromEast9thStreet
176.914285714,230.497959183,solo_02_01,"s_g,b_b,b_dr",PaulDesmond,TheGirlFromEast9thStreet
230.497959183,283.918367346,solo_02_02,"s_g,b_b,b_dr",PaulDesmond,TheGirlFromEast9thStreet
283.918367346,338.514285714,theme_02_01,"as,g,b,dr",PaulDesmond,TheGirlFromEast9thStreet
338.514285714,369.567346938,outro,"as,g,b,dr",PaulDesmond,TheGirlFromEast9thStreet
369.567346938,387.6933333333333,silence,,PaulDesmond,TheGirlFromEast9thStreet
0.0,1.697959183,silence,,PepperAdams,ANightInTunisia
1.697959183,32.653061224,intro,"bs,p,b,dr",PepperAdams,ANightInTunisia
32.653061224,94.824489795,theme_01_01,"tp,bs,p,b,dr",PepperAdams,ANightInTunisia
94.824489795,158.171428571,solo_01_01,"s_tp,b_p,b_b,b_dr",PepperAdams,ANightInTunisia
158.171428571,221.779591836,solo_01_02,"s_tp,b_p,b_b,b_dr",PepperAdams,ANightInTunisia
221.779591836,282.644897959,solo_02_01,"s_bs,b_p,b_b,b_dr",PepperAdams,ANightInTunisia
282.644897959,344.81632653,solo_02_02,"s_bs,b_p,b_b,b_dr",PepperAdams,ANightInTunisia
344.81632653,403.330612244,solo_03_01,"s_p,b_b,b_dr",PepperAdams,ANightInTunisia
403.330612244,464.718367346,solo_03_02,"s_p,b_b,b_dr",PepperAdams,ANightInTunisia
464.718367346,481.436734693,intro,"bs,p,b,dr",PepperAdams,ANightInTunisia
481.436734693,558.7591836720001,theme_02_01,"tp,bs,p,b,dr",PepperAdams,ANightInTunisia
558.7591836720001,564.8266666666667,silence,,PepperAdams,ANightInTunisia
0.0,0.522448979,silence,,PepperAdams,EarlyMorningMood
0.522448979,49.110204081,theme_01_01,"tp,b",PepperAdams,EarlyMorningMood
49.110204081,98.220408163,solo_01_01,"s_tp,b_p,b_b,b_dr",PepperAdams,EarlyMorningMood
98.220408163,146.285714285,solo_02_01,"s_bs,b_p,b_b,b_dr",PepperAdams,EarlyMorningMood
146.285714285,194.612244897,solo_02_02,"s_bs,b_p,b_b,b_dr",PepperAdams,EarlyMorningMood
194.612244897,242.67755102,solo_03_01,"s_fl,b_p,b_b,b_dr",PepperAdams,EarlyMorningMood
242.67755102,290.742857142,solo_03_02,"s_fl,b_p,b_b,b_dr",PepperAdams,EarlyMorningMood
290.742857142,339.069387755,solo_04_01,"s_p,b_b,b_dr",PepperAdams,EarlyMorningMood
339.069387755,387.657142857,solo_04_02,"s_p,b_b,b_dr",PepperAdams,EarlyMorningMood
387.657142857,438.334693877,solo_05_01,s_b,PepperAdams,EarlyMorningMood
438.334693877,487.706122448,solo_05_02,s_b,PepperAdams,EarlyMorningMood
487.706122448,537.861224488,theme_02_01,"tp,p,b,dr",PepperAdams,EarlyMorningMood
537.861224488,541.9333333333333,silence,,PepperAdams,EarlyMorningMood
0.0,0.326530612,silence,,PepperAdams,HowHighTheMoon
0.326530612,34.546938775,theme_01_01,"tp,fl,bs,p,b,dr",PepperAdams,HowHighTheMoon
34.546938775,67.787755102,theme_01_02,"tp,fl,bs,p,b,dr",PepperAdams,HowHighTheMoon
67.787755102,100.963265306,solo_01_01,"s_bs,b_p,b_b,b_dr",PepperAdams,HowHighTheMoon
100.963265306,134.204081632,solo_02_01,"s_fl,b_p,b_b,b_dr",PepperAdams,HowHighTheMoon
134.204081632,167.444897959,solo_03_01,"s_p,b_b,b_dr",PepperAdams,HowHighTheMoon
167.444897959,200.881632653,solo_04_01,"s_tp,b_fl,b_bs,b_p,b_b,b_dr",PepperAdams,HowHighTheMoon
200.881632653,212.440816326,outro,"tp,fl,bs,p,b,dr",PepperAdams,HowHighTheMoon
212.440816326,216.9333333333333,silence,,PepperAdams,HowHighTheMoon
0.0,1.114557823,silence,,PepperAdams,JustOneOfThoseThings
1.114557823,20.43356009,intro,"tp,bs,p,b,dr",PepperAdams,JustOneOfThoseThings
20.43356009,70.217142857,theme_01_01,"tp,bs,p,b,dr",PepperAdams,JustOneOfThoseThings
70.217142857,119.489886621,solo_01_01,"s_bs,b_p,b_b,b_dr",PepperAdams,JustOneOfThoseThings
119.489886621,168.112471655,solo_01_02,"s_bs,b_p,b_b,b_dr",PepperAdams,JustOneOfThoseThings
168.112471655,216.595736961,solo_02_01,"s_tp,b_b,b_dr",PepperAdams,JustOneOfThoseThings
216.595736961,264.428843537,solo_02_01,"s_tp,b_p,b_b,b_dr",PepperAdams,JustOneOfThoseThings
264.428843537,311.936870748,solo_03_01,"s_p,b_b,b_dr",PepperAdams,JustOneOfThoseThings
311.936870748,359.909297052,solo_04_01,"s_tp,s_bs,s_dr,b_p,b_b",PepperAdams,JustOneOfThoseThings
359.909297052,408.160362811,theme_02_01,"tp,bs,p,b,dr",PepperAdams,JustOneOfThoseThings
408.160362811,434.63111111,outro,"tp,bs,p,b,dr",PepperAdams,JustOneOfThoseThings
434.63111111,438.26666666666665,silence,,PepperAdams,JustOneOfThoseThings
0.0,0.391836734,silence,,PepperAdams,You'dBeSoNiceToComeHomeTo
0.391836734,45.583673469,theme_01_01,"tp,p,b,dr",PepperAdams,You'dBeSoNiceToComeHomeTo
45.583673469,89.665306122,theme_01_02,"tp,p,b,dr",PepperAdams,You'dBeSoNiceToComeHomeTo
89.665306122,133.159183673,solo_01_01,"s_fl,b_p,b_b,b_dr",PepperAdams,You'dBeSoNiceToComeHomeTo
133.159183673,176.587755102,solo_02_01,"s_bs,b_p,b_b,b_dr",PepperAdams,You'dBeSoNiceToComeHomeTo
176.587755102,220.146938775,solo_03_01,"s_tp,b_p,b_b,b_dr",PepperAdams,You'dBeSoNiceToComeHomeTo
220.146938775,268.408163264,theme_02_01,"tp,p,b,dr",PepperAdams,You'dBeSoNiceToComeHomeTo
268.408163264,273.2266666666667,silence,,PepperAdams,You'dBeSoNiceToComeHomeTo
0.0,0.325079365,silence,,PhilWoods,BeMyLove
0.325079365,9.380861678,intro,"p,b,dr",PhilWoods,BeMyLove
9.380861678,49.412063492,theme_01_01,"as,p,b,dr",PhilWoods,BeMyLove
49.412063492,88.050068027,solo_01_01,"s_as,b_p,b_b,b_dr",PhilWoods,BeMyLove
88.050068027,128.406349206,solo_01_02,"s_as,b_p,b_b,b_dr",PhilWoods,BeMyLove
128.406349206,168.669750566,solo_01_03,"s_as,b_p,b_b,b_dr",PhilWoods,BeMyLove
168.669750566,207.911473922,solo_02_01,"s_p,b_b,b_dr",PhilWoods,BeMyLove
207.911473922,246.503038548,solo_02_02,"s_p,b_b,b_dr",PhilWoods,BeMyLove
246.503038548,286.209160997,solo_03_01,"s_as,s_dr,b_p,b_b",PhilWoods,BeMyLove
286.209160997,333.624308389,theme_02_01,"as,p,b,dr",PhilWoods,BeMyLove
333.624308389,337.3466666666667,silence,,PhilWoods,BeMyLove
0.0,0.326530612,silence,,PhilWoods,CottonTail
0.326530612,8.228571428,intro,"p,b,dr",PhilWoods,CottonTail
8.228571428,39.314285714,theme_01_01,"ts,as,g,p,b,dr",PhilWoods,CottonTail
39.314285714,71.314285714,solo_01_01,"s_ts,b_g,b_p,b_b,b_dr",PhilWoods,CottonTail
71.314285714,103.575510204,solo_02_01,"s_as,b_g,b_p,b_b,b_dr",PhilWoods,CottonTail
103.575510204,134.465306122,solo_03_01,"s_ts,b_g,b_p,b_b,b_dr",PhilWoods,CottonTail
134.465306122,166.334693877,solo_04_01,"s_as,b_g,b_p,b_b,b_dr",PhilWoods,CottonTail
166.334693877,197.61632653,solo_05_01,"s_p,b_g,b_b,b_dr",PhilWoods,CottonTail
197.61632653,228.440816326,theme_02_01,"ts,as,g,p,b,dr",PhilWoods,CottonTail
228.440816326,263.37959183600003,theme_02_02,"ts,as,g,p,b,dr",PhilWoods,CottonTail
263.37959183600003,267.93333333333334,silence,,PhilWoods,CottonTail
0.0,0.326530612,silence,,PhilWoods,CrazyRhythm
0.326530612,32.881632653,theme_01_01,"ts,as,g,p,b,dr",PhilWoods,CrazyRhythm
32.881632653,64.55510204,solo_01_01,"s_as,b_g,b_p,b_b,b_dr",PhilWoods,CrazyRhythm
64.55510204,97.208163265,solo_02_01,"s_ts,b_g,b_p,b_b,b_dr",PhilWoods,CrazyRhythm
97.208163265,129.469387755,solo_03_01,"s_as,b_g,b_p,b_b,b_dr",PhilWoods,CrazyRhythm
129.469387755,161.763265306,solo_04_01,"s_ts,b_g,b_p,b_b,b_dr",PhilWoods,CrazyRhythm
161.763265306,194.187755102,solo_05_01,"s_p,b_g,b_b,b_dr",PhilWoods,CrazyRhythm
194.187755102,202.514285714,theme_02_01,"ts,as,g,p,b,dr",PhilWoods,CrazyRhythm
202.514285714,206.42666666666668,silence,,PhilWoods,CrazyRhythm
0.0,0.391836734,silence,,PhilWoods,HoneysuckleRose
0.391836734,32.979591836,theme_01_01,"ts,as,g,p,b,dr",PhilWoods,HoneysuckleRose
32.979591836,65.436734693,solo_01_01,"s_ts1,b_g,b_p,bb_dr",PhilWoods,HoneysuckleRose
65.436734693,98.220408163,solo_02_01,"s_as1,b_g,b_p,b_dr",PhilWoods,HoneysuckleRose
98.220408163,130.285714285,solo_03_01,"s_as2,b_g,b_p,b_b,b_dr",PhilWoods,HoneysuckleRose
130.285714285,162.253061224,solo_04_01,"s_ts2,b_g,b_p,b_b,b_dr",PhilWoods,HoneysuckleRose
162.253061224,194.93877551,solo_05_01,"s_ts1,s_ts2,s_as1,s_as2,b_g,b_p,b_b,b_dr",PhilWoods,HoneysuckleRose
194.93877551,229.159183673,theme_02_01,"ts,as,g,p,b,dr",PhilWoods,HoneysuckleRose
229.159183673,234.22666666666663,silence,,PhilWoods,HoneysuckleRose
0.0,0.232199546,silence,,PhilWoods,OnASlowBoatToChina
0.232199546,8.057324263,intro,"p,b,dr",PhilWoods,OnASlowBoatToChina
8.057324263,39.845442176,theme_01_01,"as,p,b,dr",PhilWoods,OnASlowBoatToChina
39.845442176,71.444897959,solo_01_01,"s_as,b_p,b_b,b_dr",PhilWoods,OnASlowBoatToChina
71.444897959,102.922448979,solo_01_02,"s_as,b_p,b_b,b_dr",PhilWoods,OnASlowBoatToChina
102.922448979,134.530612244,solo_01_03,"s_as,b_p,b_b,b_dr",PhilWoods,OnASlowBoatToChina
134.530612244,166.4,solo_01_04,"s_as,b_p,b_b,b_dr",PhilWoods,OnASlowBoatToChina
166.4,197.746938775,solo_02_01,"s_p,b_b,b_dr",PhilWoods,OnASlowBoatToChina
197.746938775,229.485714285,solo_02_02,"s_p,b_b,b_dr",PhilWoods,OnASlowBoatToChina
229.485714285,261.35510204,solo_03_01,"s_as,s_dr,b_p,b_b",PhilWoods,OnASlowBoatToChina
261.35510204,297.92653061100003,theme_02_01,"as,p,b,dr",PhilWoods,OnASlowBoatToChina
297.92653061100003,303.0933333333333,silence,,PhilWoods,OnASlowBoatToChina
0.0,0.261224489,silence,,PhilWoods,Strollin'WithPam
0.261224489,55.902040816,theme_01_01,"as,p,b,dr",PhilWoods,Strollin'WithPam
55.902040816,110.693877551,solo_01_01,"s_as,b_p,b_b,b_dr",PhilWoods,Strollin'WithPam
110.693877551,166.465306122,solo_01_02,"s_as,b_p,b_b,b_dr",PhilWoods,Strollin'WithPam
166.465306122,222.725804988,solo_02_01,"s_p,b_b,b_dr",PhilWoods,Strollin'WithPam
222.725804988,272.783673469,solo_03_01,"s_b,b_p,b_dr",PhilWoods,Strollin'WithPam
272.783673469,318.43265306,theme_02_01,"as,p,b,dr",PhilWoods,Strollin'WithPam
318.43265306,322.16,silence,,PhilWoods,Strollin'WithPam
0.0,0.293877551,silence,,RoyEldridge,StLouisBlues
0.293877551,11.428571428,intro,"tp,g,p,b,dr,band",RoyEldridge,StLouisBlues
11.428571428,27.771065759,theme_01_01,"tp,g,p,b,dr",RoyEldridge,StLouisBlues
27.771065759,44.506122448,theme_01_02,"tp,g,p,b,dr",RoyEldridge,StLouisBlues
44.506122448,61.159183673,solo_01_01,"s_voc,b_g,b_p,b_b,b_dr,b_band",RoyEldridge,StLouisBlues
61.159183673,77.746938775,solo_01_02,"s_voc,b_g,b_p,b_b,b_dr,b_band",RoyEldridge,StLouisBlues
77.746938775,93.87755102,solo_02_01,"s_ts,b_g,b_p,b_b,b_dr,b_band",RoyEldridge,StLouisBlues
93.87755102,110.595918367,solo_02_02,"s_ts,b_g,b_p,b_b,b_dr,b_band",RoyEldridge,StLouisBlues
110.595918367,127.444897959,solo_03_01,"s_tp,b_g,b_p,b_b,b_dr,b_band",RoyEldridge,StLouisBlues
127.444897959,141.028571428,solo_03_02,"s_tp,b_g,b_p,b_b,b_dr,b_band",RoyEldridge,StLouisBlues
141.028571428,143.57333333333332,silence,,RoyEldridge,StLouisBlues
0.0,0.261224489,silence,,RoyEldridge,TheGasser
0.261224489,4.473469387,intro,tp,RoyEldridge,TheGasser
4.473469387,21.224489795,theme_01_01,"tp,b,dr",RoyEldridge,TheGasser
21.224489795,37.87755102,theme_01_02,"tp,b,dr",RoyEldridge,TheGasser
37.87755102,54.497959183,solo_01_01,"s_tp,b_p,b_b,b_dr",RoyEldridge,TheGasser
54.497959183,70.791836734,solo_01_02,"s_tp,b_p,b_b,b_dr",RoyEldridge,TheGasser
70.791836734,87.346938775,solo_02_01,"s_ts,b_p,b_b,b_dr",RoyEldridge,TheGasser
87.346938775,103.771428571,solo_02_02,"s_ts,b_p,b_b,b_dr",RoyEldridge,TheGasser
103.771428571,119.836734693,solo_03_01,"s_tp,b_ts,b_as,b_p,b_b,b_dr,b_band",RoyEldridge,TheGasser
119.836734693,135.869387755,solo_03_02,"s_tp,b_ts,b_as,b_p,b_b,b_dr,b_band",RoyEldridge,TheGasser
135.869387755,152.130612244,solo_03_03,"s_tp,b_ts,b_as,b_p,b_b,b_dr,b_band",RoyEldridge,TheGasser
152.130612244,172.47346938599998,solo_03_04,"s_tp,b_ts,b_as,b_p,b_b,b_dr,b_band",RoyEldridge,TheGasser
172.47346938599998,175.09333333333333,silence,,RoyEldridge,TheGasser
0.0,0.278639455,silence,,SidneyBechet,BabyWon'tYouPleaseComeHome
0.278639455,7.883174603,intro,"tp,ss,tb,p,b,dr",SidneyBechet,BabyWon'tYouPleaseComeHome
7.883174603,28.699863945,theme_01_01,"ss,p,b,dr",SidneyBechet,BabyWon'tYouPleaseComeHome
28.699863945,49.446893424,solo_01_01,"s_tb,b_p,b_b,b_dr",SidneyBechet,BabyWon'tYouPleaseComeHome
49.446893424,70.112653061,solo_01_02,"s_tb,b_p,b_b,b_dr",SidneyBechet,BabyWon'tYouPleaseComeHome
70.112653061,89.872834467,solo_02_01,"s_tp,b_p,b_b,b_dr",SidneyBechet,BabyWon'tYouPleaseComeHome
89.872834467,109.458866213,solo_02_02,"s_tp,b_p,b_b,b_dr",SidneyBechet,BabyWon'tYouPleaseComeHome
109.458866213,130.101405895,solo_03_01,"s_ss,b_p,b_b,b_dr",SidneyBechet,BabyWon'tYouPleaseComeHome
130.101405895,152.090702947,theme_02_01,"ss,tp,tb,p,b,dr",SidneyBechet,BabyWon'tYouPleaseComeHome
152.090702947,154.42666666666668,silence,,SidneyBechet,BabyWon'tYouPleaseComeHome
0.0,0.232199546,silence,,SidneyBechet,Unknown
0.232199546,6.315827664,intro,"ss,g,p,b,dr",SidneyBechet,Unknown
6.315827664,37.151927437,theme_01_01,"ss,tp,g,p,b,dr",SidneyBechet,Unknown
37.151927437,67.152108843,solo_01_01,"s_tp,b_ss,b_g,b_p,b_b,b_dr",SidneyBechet,Unknown
67.152108843,96.966530612,solo_02_01,"s_ss,b_g,b_p,b_b,b_dr",SidneyBechet,Unknown
96.966530612,125.852154195,solo_03_01,"s_p,b_g,b_b,b_dr",SidneyBechet,Unknown
125.852154195,155.573696145,theme_02_01,"ss,tp,g,p,b,dr",SidneyBechet,Unknown
155.573696145,158.56,silence,,SidneyBechet,Unknown
0.0,0.255419501,silence,,SidneyBechet,LimehouseBlues
0.255419501,11.911836734,intro,"tp,ss,tb",SidneyBechet,LimehouseBlues
11.911836734,40.658140589,theme_01_01,"tp,ss,tb,p,b,dr",SidneyBechet,LimehouseBlues
40.658140589,68.731065759,solo_01_01,"s_ss,b_p,b_b,b_dr",SidneyBechet,LimehouseBlues
68.731065759,96.084172335,solo_02_01,"s_p,b_b,b_dr",SidneyBechet,LimehouseBlues
96.084172335,124.342857142,solo_03_01,"s_tp,b_ss,b_p,b_b,b_dr",SidneyBechet,LimehouseBlues
124.342857142,153.39102040699998,theme_02_01,"ss,tp,tb,p,b,dr",SidneyBechet,LimehouseBlues
153.39102040699998,155.36,silence,,SidneyBechet,LimehouseBlues
0.0,0.325079365,silence,,SidneyBechet,ReallyTheBlues
0.325079365,12.631655328,intro,g,SidneyBechet,ReallyTheBlues
12.631655328,53.034376417,theme_01_01,"tp,ss,cl,g,p,b,dr",SidneyBechet,ReallyTheBlues
53.034376417,94.319455782,theme_01_02,"tp,ss,cl,g,p,b,dr",SidneyBechet,ReallyTheBlues
94.319455782,134.675736961,solo_01_01,"s_tp,b_g,b_p,b_b,b_dr",SidneyBechet,ReallyTheBlues
134.675736961,175.542857142,solo_02_01,"s_ss,b_tp,b_cl,b_g,b_p,b_b,b_dr",SidneyBechet,ReallyTheBlues
175.542857142,214.552380951,solo_02_02,"s_ss,b_tp,b_cl,b_g,b_p,b_b,b_dr",SidneyBechet,ReallyTheBlues
214.552380951,217.34666666666664,silence,,SidneyBechet,ReallyTheBlues
0.0,0.30185941,silence,,SidneyBechet,Summertime
0.30185941,11.400997732,intro,"g,dr",SidneyBechet,Summertime
11.400997732,56.401269841,theme_01_01,"ss,g,p,b,dr",SidneyBechet,Summertime
56.401269841,102.074920634,solo_01_01,"s_ss,b_g,b_p,b_b,b_dr",SidneyBechet,Summertime
102.074920634,147.6092517,solo_01_02,"s_ss,b_g,b_p,b_b,b_dr",SidneyBechet,Summertime
147.6092517,193.491882086,solo_01_03,"s_ss,b_g,b_p,b_b,b_dr",SidneyBechet,Summertime
193.491882086,244.181043083,theme_02_01,"ss,g,p,b,dr",SidneyBechet,Summertime
244.181043083,246.12,silence,,SidneyBechet,Summertime
0.0,0.557278911,silence,,SonnyRollins,BlueSeven
0.557278911,44.025034013,intro,"b,dr",SonnyRollins,BlueSeven
44.025034013,108.112108843,theme_01_01,"ts,b,dr",SonnyRollins,BlueSeven
108.112108843,172.38494331,solo_01_01,"s_ts,b_p,b_b,b_dr",SonnyRollins,BlueSeven
172.38494331,236.47201814,solo_02_01,"s_p,b_b,b_dr",SonnyRollins,BlueSeven
236.47201814,299.444535147,solo_03_01,s_dr,SonnyRollins,BlueSeven
299.444535147,360.930975056,solo_03_02,s_dr,SonnyRollins,BlueSeven
360.930975056,421.117097505,solo_03_03,s_dr,SonnyRollins,BlueSeven
421.117097505,485.389931972,theme_02_01,"ts,p,b,dr",SonnyRollins,BlueSeven
485.389931972,552.26340136,solo_04_01,"s_p,s_b,b_dr",SonnyRollins,BlueSeven
552.26340136,615.05015873,solo_05_01,"s_ts,s_dr,b_p,b_b",SonnyRollins,BlueSeven
615.05015873,670.592290249,theme_03_01,"ts,p,b,dr",SonnyRollins,BlueSeven
670.592290249,672.9866666666667,silence,,SonnyRollins,BlueSeven
0.0,0.457142857,silence,,SonnyRollins,Playin'InTheYard
0.457142857,50.481632653,theme_01_01,"ts,p,b,dr,cga",SonnyRollins,Playin'InTheYard
50.481632653,99.983673469,solo_01_01,"s_ts,b_p,b_b,b_dr,b_cga",SonnyRollins,Playin'InTheYard
99.983673469,149.485714285,solo_01_02,"s_ts,b_p,b_b,b_dr,b_cga",SonnyRollins,Playin'InTheYard
149.485714285,199.575510204,solo_02_01,"s_p,b_b,b_dr,b_cga",SonnyRollins,Playin'InTheYard
199.575510204,247.118367346,solo_02_02,"s_p,b_b,b_dr,b_cga",SonnyRollins,Playin'InTheYard
247.118367346,294.465306122,solo_02_03,"s_p,b_b,b_dr,b_cga",SonnyRollins,Playin'InTheYard
294.465306122,341.224489795,solo_03_01,"s_b,b_p,b_dr,b_cga",SonnyRollins,Playin'InTheYard
341.224489795,385.567346938,solo_03_02,"s_b,b_p,b_dr,b_cga",SonnyRollins,Playin'InTheYard
385.567346938,436.440816326,solo_03_03,"s_b,b_p,b_dr,b_cga",SonnyRollins,Playin'InTheYard
436.440816326,484.375510204,solo_03_04,"s_b,b_p,b_dr,b_cga",SonnyRollins,Playin'InTheYard
484.375510204,533.224489795,solo_04_01,"s_b,s_ts,b_p,b_dr,b_cga",SonnyRollins,Playin'InTheYard
533.224489795,582.073469387,theme_02_01,"ts,p,b,dr,cga",SonnyRollins,Playin'InTheYard
582.073469387,622.95510204,outro,"ts,p,b,dr,cga",SonnyRollins,Playin'InTheYard
622.95510204,627.8266666666667,silence,,SonnyRollins,Playin'InTheYard
0.0,0.464399092,silence,,SonnyRollins,St.Thomas
0.464399092,18.4830839,intro,dr,SonnyRollins,St.Thomas
18.4830839,55.4492517,theme_01_01,"ts,p,b,dr",SonnyRollins,St.Thomas
55.4492517,92.415419501,solo_01_01,"s_ts,b_p,b_b,b_dr",SonnyRollins,St.Thomas
92.415419501,130.496145124,solo_01_02,"s_ts,b_p,b_b,b_dr",SonnyRollins,St.Thomas
130.496145124,167.369433106,solo_01_03,"s_ts,b_p,b_b,b_dr",SonnyRollins,St.Thomas
167.369433106,202.292244897,solo_02_01,s_dr,SonnyRollins,St.Thomas
202.292244897,233.128344671,solo_02_02,s_dr,SonnyRollins,St.Thomas
233.128344671,268.608435374,solo_03_01,"s_ts,b_p,b_b,b_dr",SonnyRollins,St.Thomas
268.608435374,302.788208616,solo_03_02,"s_ts,b_p,b_b,b_dr",SonnyRollins,St.Thomas
302.788208616,336.87510204,solo_04_01,"s_p,b_b,b_dr",SonnyRollins,St.Thomas
336.87510204,369.197278911,solo_04_02,"s_p,b_b,b_dr",SonnyRollins,St.Thomas
369.197278911,403.098412697,theme_02_01,"ts,p,b,dr",SonnyRollins,St.Thomas
403.098412697,405.8933333333333,silence,,SonnyRollins,St.Thomas
0.0,0.293877551,silence,,SonnyRollins,TenorMadness
0.293877551,16.848979591,theme_01_01,"ts1,ts2,p,b,b,dr",SonnyRollins,TenorMadness
16.848979591,32.865306122,solo_01_01,"s_ts1,b_p,b_b,b_dr",SonnyRollins,TenorMadness
32.865306122,49.044897959,solo_01_02,"s_ts1,b_p,b_b,b_dr",SonnyRollins,TenorMadness
49.044897959,65.485714285,solo_01_03,"s_ts1,b_p,b_b,b_dr",SonnyRollins,TenorMadness
65.485714285,82.008163265,solo_01_04,"s_ts1,b_p,b_b,b_dr",SonnyRollins,TenorMadness
82.008163265,98.514285714,solo_01_05,"s_ts1,b_p,b_b,b_dr",SonnyRollins,TenorMadness
98.514285714,114.987755102,solo_01_06,"s_ts1,b_p,b_b,b_dr",SonnyRollins,TenorMadness
114.987755102,131.608163265,solo_01_07,"s_ts1,b_p,b_b,b_dr",SonnyRollins,TenorMadness
131.608163265,147.885714285,solo_02_01,"s_ts2,b_p,b_b,b_dr",SonnyRollins,TenorMadness
147.885714285,164.27755102,solo_02_02,"s_ts2,b_p,b_b,b_dr",SonnyRollins,TenorMadness
164.27755102,180.865306122,solo_02_03,"s_ts2,b_p,b_b,b_dr",SonnyRollins,TenorMadness
180.865306122,197.322448979,solo_02_04,"s_ts2,b_p,b_b,b_dr",SonnyRollins,TenorMadness
197.322448979,213.746938775,solo_02_05,"s_ts2,b_p,b_b,b_dr",SonnyRollins,TenorMadness
213.746938775,230.13877551,solo_02_06,"s_ts2,b_p,b_b,b_dr",SonnyRollins,TenorMadness
230.13877551,246.334693877,solo_02_07,"s_ts2,b_p,b_b,b_dr",SonnyRollins,TenorMadness
246.334693877,262.759183673,solo_02_08,"s_ts2,b_p,b_b,b_dr",SonnyRollins,TenorMadness
262.759183673,279.493877551,solo_03_01,"s_p,b_b,b_dr",SonnyRollins,TenorMadness
279.493877551,295.983673469,solo_03_02,"s_p,b_b,b_dr",SonnyRollins,TenorMadness
295.983673469,312.440816326,solo_03_03,"s_p,b_b,b_dr",SonnyRollins,TenorMadness
312.440816326,328.81632653,solo_03_04,"s_p,b_b,b_dr",SonnyRollins,TenorMadness
328.81632653,345.371428571,solo_03_05,"s_p,b_b,b_dr",SonnyRollins,TenorMadness
345.371428571,361.893877551,solo_04_01,"s_b,b_p,b_dr",SonnyRollins,TenorMadness
361.893877551,378.285714285,solo_04_02,"s_b,b_p,b_dr",SonnyRollins,TenorMadness
378.285714285,394.906122448,solo_05_01,"s_ts,s_dr,b_p,b_b",SonnyRollins,TenorMadness
394.906122448,411.346938775,solo_05_02,"s_ts,s_dr,b_p,b_b",SonnyRollins,TenorMadness
411.346938775,427.820408163,solo_05_03,"s_ts,s_dr,b_p,b_b",SonnyRollins,TenorMadness
427.820408163,444.114285714,solo_05_04,"s_ts,s_dr,b_p,b_b",SonnyRollins,TenorMadness
444.114285714,460.832653061,solo_06_01,"s_ts1,b_p,b_b,b_dr",SonnyRollins,TenorMadness
460.832653061,477.453061224,solo_06_02,"s_ts1,b_p,b_b,b_dr",SonnyRollins,TenorMadness
477.453061224,494.073469387,solo_06_03,"s_ts1,b_p,b_b,b_dr",SonnyRollins,TenorMadness
494.073469387,510.644897959,solo_06_04,"s_ts2,b_p,b_b,b_dr",SonnyRollins,TenorMadness
510.644897959,526.579591836,solo_06_05,"s_ts1,s_ts2,b_p,b_b,b_dr",SonnyRollins,TenorMadness
526.579591836,543.314285714,solo_06_06,"s_ts1,s_ts2,b_p,b_b,b_dr",SonnyRollins,TenorMadness
543.314285714,560.702040816,solo_06_07,"s_ts1,s_ts2,b_p,b_b,b_dr",SonnyRollins,TenorMadness
560.702040816,577.371428571,solo_06_08,"s_ts1,s_ts2,b_p,b_b,b_dr",SonnyRollins,TenorMadness
577.371428571,593.975510204,solo_06_09,"s_ts1,s_ts2,b_p,b_b,b_dr",SonnyRollins,TenorMadness
593.975510204,610.857142857,solo_06_10,"s_ts1,s_ts2,b_p,b_b,b_dr",SonnyRollins,TenorMadness
610.857142857,627.493877551,solo_06_11,"s_ts1,s_ts2,b_p,b_b,b_dr",SonnyRollins,TenorMadness
627.493877551,644.228571428,solo_06_12,"s_ts1,s_ts2,b_p,b_b,b_dr",SonnyRollins,TenorMadness
644.228571428,660.767346938,solo_06_13,"s_ts1,s_ts2,b_p,b_b,b_dr",SonnyRollins,TenorMadness
660.767346938,677.632653061,solo_06_14,"s_ts1,s_ts2,b_p,b_b,b_dr",SonnyRollins,TenorMadness
677.632653061,694.383673469,solo_06_15,"s_ts1,s_ts2,b_p,b_b,b_dr",SonnyRollins,TenorMadness
694.383673469,710.67755102,solo_06_16,"s_ts1,s_ts2,b_p,b_b,b_dr",SonnyRollins,TenorMadness
710.67755102,724.636734693,theme_02_01,"ts1,ts2,p,b,dr",SonnyRollins,TenorMadness
724.636734693,733.37142857,outro,"ts1,ts2,p,b,dr",SonnyRollins,TenorMadness
733.37142857,735.36,silence,,SonnyRollins,TenorMadness
0.0,0.417959183,silence,,SonnyRollins,TheEverywhereCalypso
0.417959183,10.681179138,intro,ts,SonnyRollins,TheEverywhereCalypso
10.681179138,51.362539682,theme_01_01,"ts,p,b,dr,cga",SonnyRollins,TheEverywhereCalypso
51.362539682,91.393741496,solo_01_01,"s_ts,b_p,b_b,b_dr,b_cga",SonnyRollins,TheEverywhereCalypso
91.393741496,131.239183673,solo_01_02,"s_ts,b_p,b_b,b_dr,b_cga",SonnyRollins,TheEverywhereCalypso
131.239183673,171.177505668,solo_01_03,"s_ts,b_p,b_b,b_dr,b_cga",SonnyRollins,TheEverywhereCalypso
171.177505668,229.691791383,solo_02_01,"s_p,b_b,b_dr,b_cga",SonnyRollins,TheEverywhereCalypso
229.691791383,269.072834467,solo_02_02,"s_p,b_b,b_dr,b_cga",SonnyRollins,TheEverywhereCalypso
269.072834467,309.568435374,solo_03_01,"s_ts,b_p,b_b,b_dr,b_cga",SonnyRollins,TheEverywhereCalypso
309.568435374,346.906122448,solo_03_02,"s_ts,b_p,b_b,b_dr,b_cga",SonnyRollins,TheEverywhereCalypso
346.906122448,386.47292517,solo_03_03,"s_ts,b_p,b_b,b_dr,b_cga",SonnyRollins,TheEverywhereCalypso
386.47292517,425.110929705,solo_03_04,"s_ts,b_p,b_b,b_dr,b_cga",SonnyRollins,TheEverywhereCalypso
425.110929705,474.244353741,theme_02_01,"ts,p,b,dr,cga",SonnyRollins,TheEverywhereCalypso
474.244353741,477.82666666666665,silence,,SonnyRollins,TheEverywhereCalypso
0.0,0.065306122,silence,,SonnyStitt,BlueMode
0.065306122,36.506122448,intro,"p,b,dr",SonnyStitt,BlueMode
36.506122448,80.979591836,theme_01_01,"tb,p,b,dr",SonnyStitt,BlueMode
80.979591836,126.563265306,solo_01_01,"s_tb,b_p,b_b,b_dr",SonnyStitt,BlueMode
126.563265306,173.257142857,solo_02_01,"s_ts,b_p,b_b,b_dr",SonnyStitt,BlueMode
173.257142857,220.146938775,theme_02_01,"ts,p,b,dr",SonnyStitt,BlueMode
220.146938775,224.94666666666663,silence,,SonnyStitt,BlueMode
0.0,0.130612244,silence,,SonnyStitt,BluesInBe=Bop
0.130612244,5.224489795,intro,p,SonnyStitt,BluesInBe=Bop
5.224489795,21.028571428,theme_01_01,"tp,as,p,b,dr",SonnyStitt,BluesInBe=Bop
21.028571428,35.853061224,solo_01_01,"s_as,b_p,b_b,b_dr",SonnyStitt,BluesInBe=Bop
35.853061224,51.591836734,solo_01_02,"s_as,b_p,b_b,b_dr",SonnyStitt,BluesInBe=Bop
51.591836734,66.742857142,solo_02_01,"s_p,b_b,b_dr",SonnyStitt,BluesInBe=Bop
66.742857142,82.024489795,solo_02_02,"s_p,b_b,b_dr",SonnyStitt,BluesInBe=Bop
82.024489795,96.718367346,solo_03_01,"s_tp,b_p,b_b,b_dr",SonnyStitt,BluesInBe=Bop
96.718367346,112.587755102,solo_03_02,"s_tp,b_p,b_b,b_dr",SonnyStitt,BluesInBe=Bop
112.587755102,127.73877551,solo_04_01,"s_b,b_p,b_dr",SonnyStitt,BluesInBe=Bop
127.73877551,144.130612244,solo_05_01,"s_as,b_p,b_b,b_dr",SonnyStitt,BluesInBe=Bop
144.130612244,159.93469387599998,theme_02_01,"tp,as,p,b,dr",SonnyStitt,BluesInBe=Bop
159.93469387599998,163.84,silence,,SonnyStitt,BluesInBe=Bop
0.0,0.162539682,silence,,SonnyStitt,BodyAndSoul
0.162539682,12.910294784,intro,p,SonnyStitt,BodyAndSoul
12.910294784,41.006439909,theme_01_01,"ts,p,vib,b,dr",SonnyStitt,BodyAndSoul
41.006439909,69.33478458,solo_01_01,"s_ts,b_p,b_vib,b_b,b_dr",SonnyStitt,BodyAndSoul
69.33478458,97.686349206,solo_01_02,"s_ts,b_p,b_vib,b_b,b_dr",SonnyStitt,BodyAndSoul
97.686349206,138.716009069,theme_02_01,"ts,p,vib,b,dr",SonnyStitt,BodyAndSoul
138.716009069,141.54666666666665,silence,,SonnyStitt,BodyAndSoul
0.0,0.069659863,silence,,SonnyStitt,Elora
0.069659863,9.961360544,intro,"p,b,dr",SonnyStitt,Elora
9.961360544,49.644263038,theme_01_01,"ts,tb,p,b,dr",SonnyStitt,Elora
49.644263038,89.46648526,solo_01_01,"s_ts,b_p,b_b,b_dr",SonnyStitt,Elora
89.46648526,128.383129251,solo_02_01,"s_tb,b_p,b_b,b_dr",SonnyStitt,Elora
128.383129251,170.016507936,solo_03_01,"s_dr,s_ts,s_tb,s_p,b_b",SonnyStitt,Elora
170.016507936,186.92063492,outro,"p,ts,tb,b,dr",SonnyStitt,Elora
186.92063492,189.74666666666667,silence,,SonnyStitt,Elora
0.0,0.065306122,silence,,SonnyStitt,GoodKick
0.065306122,21.518367346,theme_01_01,"tp,as,p,b,dr",SonnyStitt,GoodKick
21.518367346,43.461224489,theme_01_02,"tp,as,p,b,dr",SonnyStitt,GoodKick
43.461224489,65.648979591,solo_01_01,"s_as,b_p,b_b,b_dr",SonnyStitt,GoodKick
65.648979591,87.820408163,solo_01_02,"s_as,b_p,b_b,b_dr",SonnyStitt,GoodKick
87.820408163,110.220408163,solo_02_01,"s_tp,b_p,b_b,b_dr",SonnyStitt,GoodKick
110.220408163,132.604081632,solo_03_01,"s_p,b_b,b_dr",SonnyStitt,GoodKick
132.604081632,154.922448978,theme_02_01,"tp,as,p,b,dr",SonnyStitt,GoodKick
154.922448978,157.85333333333332,silence,,SonnyStitt,GoodKick
0.0,0.065306122,silence,,SonnyStitt,Teapot
0.065306122,6.367346938,intro,dr,SonnyStitt,Teapot
6.367346938,30.171428571,theme_01_01,"tb,p,b,dr",SonnyStitt,Teapot
30.171428571,55.085714285,solo_01_01,"s_tb,b_p,b_b,b_dr",SonnyStitt,Teapot
55.085714285,80.391836734,solo_02_01,"s_ts,b_p,b_b,b_dr",SonnyStitt,Teapot
80.391836734,104.848979591,solo_02_01,"s_ts,b_p,b_b,b_dr",SonnyStitt,Teapot
104.848979591,129.828571428,solo_03_01,"s_ts,s_tb,s_p,b_b,b_dr",SonnyStitt,Teapot
129.828571428,154.057142857,solo_03_02,"s_tb,s_ts,s_dr,b_b,b_p",SonnyStitt,Teapot
154.057142857,180.375510203,theme_02_01,"ts,tb,p,b,dr",SonnyStitt,Teapot
180.375510203,183.42666666666668,silence,,SonnyStitt,Teapot
0.0,3.25079365,silence,,StanGetz,BluesInTheCloset
3.25079365,11.702857142,intro,p,StanGetz,BluesInTheCloset
11.702857142,36.942947845,theme_01_01,"ts,tb,p,b,dr",StanGetz,BluesInTheCloset
36.942947845,62.252698412,solo_01_01,"s_tb,b_ts,b_p,b_b,b_dr",StanGetz,BluesInTheCloset
62.252698412,87.492789115,solo_01_02,"s_tb,b_p,b_b,b_dr",StanGetz,BluesInTheCloset
87.492789115,112.105941043,solo_01_03,"s_tb,b_ts,b_p,b_b,b_dr",StanGetz,BluesInTheCloset
112.105941043,136.602993197,solo_01_04,"s_tb,b_ts,b_p,b_b,b_dr",StanGetz,BluesInTheCloset
136.602993197,160.983945578,solo_01_05,"s_tb,b_ts,b_p,b_b,b_dr",StanGetz,BluesInTheCloset
160.983945578,185.225578231,solo_01_06,"s_tb,b_p,b_b,b_dr",StanGetz,BluesInTheCloset
185.225578231,209.304671201,solo_01_08,"s_tb,b_ts,b_p,b_b,b_dr",StanGetz,BluesInTheCloset
209.304671201,233.569523809,solo_01_09,"s_tb,b_ts,b_p,b_b,b_dr",StanGetz,BluesInTheCloset
233.569523809,257.811156462,solo_02_01,"s_ts,b_p,b_b,b_dr",StanGetz,BluesInTheCloset
257.811156462,281.588390022,solo_02_02,"s_ts,b_p,b_b,b_dr",StanGetz,BluesInTheCloset
281.588390022,305.551383219,solo_02_03,"s_ts,b_p,b_b,b_dr",StanGetz,BluesInTheCloset
305.551383219,329.189297052,solo_02_04,"s_ts,b_tb,b_p,b_b,b_dr",StanGetz,BluesInTheCloset
329.189297052,352.734331065,solo_02_05,"s_ts,b_tb,b_p,b_b,b_dr",StanGetz,BluesInTheCloset
352.734331065,376.395464852,solo_02_06,"s_ts,b_p,b_b,b_dr",StanGetz,BluesInTheCloset
376.395464852,399.940498866,solo_02_07,"s_ts,b_tb,b_p,b_b,b_dr",StanGetz,BluesInTheCloset
399.940498866,423.648072562,solo_03_01,"s_ts,s_tb,b_p,b_b,b_dr",StanGetz,BluesInTheCloset
423.648072562,446.960907029,solo_03_02,"s_ts,s_tb,b_p,b_b,b_dr",StanGetz,BluesInTheCloset
446.960907029,470.180861678,solo_03_03,"s_ts,s_tb,b_p,b_b,b_dr",StanGetz,BluesInTheCloset
470.180861678,493.424036281,solo_03_04,"s_ts,s_tb,b_p,b_b,b_dr",StanGetz,BluesInTheCloset
493.424036281,536.8917913829999,theme_02_01,"ts,tb,p,b,dr",StanGetz,BluesInTheCloset
536.8917913829999,546.4933333333333,silence,,StanGetz,BluesInTheCloset
0.0,0.065306122,silence,,StanGetz,BodyAndSoul
0.065306122,13.126530612,intro,p,StanGetz,BodyAndSoul
13.126530612,69.420408163,theme_01_01,"ts,p,b,dr",StanGetz,BodyAndSoul
69.420408163,126.759183673,solo_01_01,"s_ts,b_p,b_b,b_dr",StanGetz,BodyAndSoul
126.759183673,192.783673468,solo_01_02,"s_ts,b_p,b_b,b_dr",StanGetz,BodyAndSoul
192.783673468,195.78666666666663,silence,,StanGetz,BodyAndSoul
0.0,0.783673469,silence,,StanGetz,CrazyRhythm
0.783673469,4.244897959,intro,p,StanGetz,CrazyRhythm
4.244897959,32.81632653,theme_01_01,"ts,tb,p,b,dr",StanGetz,CrazyRhythm
32.81632653,61.257142857,solo_01_01,"s_tb,b_p,b_b,b_dr",StanGetz,CrazyRhythm
61.257142857,89.567346938,solo_01_02,"s_tb,b_p,b_b,b_dr",StanGetz,CrazyRhythm
89.567346938,116.473469387,solo_01_03,"s_tb,b_p,b_b,b_dr",StanGetz,CrazyRhythm
116.473469387,144.293877551,solo_01_04,"s_tb,b_p,b_b,b_dr",StanGetz,CrazyRhythm
144.293877551,171.951020408,solo_01_05,"s_tb,b_p,b_b,b_dr",StanGetz,CrazyRhythm
171.951020408,199.608163265,solo_02_01,"s_ts,b_p,b_b,b_dr",StanGetz,CrazyRhythm
199.608163265,225.959183673,solo_02_02,"s_ts,b_p,b_b,b_dr",StanGetz,CrazyRhythm
225.959183673,251.820408163,solo_02_03,"s_ts,b_tb,b_p,b_b,b_dr",StanGetz,CrazyRhythm
251.820408163,278.4,solo_02_04,"s_ts,b_tb,b_p,b_b,b_dr",StanGetz,CrazyRhythm
278.4,306.579591836,solo_02_05,"s_ts,b_p,b_b,b_dr",StanGetz,CrazyRhythm
306.579591836,331.787755102,solo_02_06,"s_ts,b_p,b_b,b_dr",StanGetz,CrazyRhythm
331.787755102,358.13877551,solo_02_07,"s_ts,b_p,b_b,b_dr",StanGetz,CrazyRhythm
358.13877551,384.718367346,solo_02_08,"s_ts,b_p,b_b,b_dr",StanGetz,CrazyRhythm
384.718367346,410.775510204,solo_03_01,"s_ts,s_tb,b_p,b_b,b_dr",StanGetz,CrazyRhythm
410.775510204,437.257142857,solo_03_02,"s_ts,s_tb,b_p,b_b,b_dr",StanGetz,CrazyRhythm
437.257142857,471.836734693,theme_02_01,"ts,tb,p,b,dr",StanGetz,CrazyRhythm
471.836734693,480.50666666666666,silence,,StanGetz,CrazyRhythm
0.0,0.391836734,silence,,StanGetz,I'mGladThereIsYou
0.391836734,8.326530612,intro,g,StanGetz,I'mGladThereIsYou
8.326530612,134.269387755,theme_01_01,"ts,g,b",StanGetz,I'mGladThereIsYou
134.269387755,274.024489795,solo_01_01,"s_ts,b_g,b_b",StanGetz,I'mGladThereIsYou
274.024489795,280.3466666666667,silence,,StanGetz,I'mGladThereIsYou
0.0,0.424489795,silence,,StanGetz,Insensatez
0.424489795,15.73877551,intro,"g,ts",StanGetz,Insensatez
15.73877551,77.093877551,theme_01_01,"voc,ts,g,p,b,dr,perc",StanGetz,Insensatez
77.093877551,136.391836734,solo_01_01,"s_ts,b_g,b_p,b_b,b_dr,b_perc",StanGetz,Insensatez
136.391836734,200.097959182,solo_02_01,"s_p,s_ts,b_g,b_b,b_dr,b_perc",StanGetz,Insensatez
200.097959182,202.69333333333333,silence,,StanGetz,Insensatez
0.0,2.229115646,silence,,StanGetz,MyFunnyValentine
2.229115646,67.244988662,theme_01_01,"ts,tb,p,g,b,dr",StanGetz,MyFunnyValentine
67.244988662,131.146303854,solo_01_01,"s_tb,b_ts,b_g,b_p,b_b,b_dr",StanGetz,MyFunnyValentine
131.146303854,197.276734693,solo_01_02,"s_tb,b_ts,b_g,b_p,b_b,b_dr",StanGetz,MyFunnyValentine
197.276734693,262.664126984,solo_02_01,"s_ts,b_tb,b_g,b_p,b_b,b_dr",StanGetz,MyFunnyValentine
262.664126984,328.051519274,solo_02_01,"s_ts,b_tb,b_g,b_p,b_b,b_dr",StanGetz,MyFunnyValentine
328.051519274,394.924988662,solo_02_03,"s_ts,b_tb,b_g,b_p,b_b,b_dr",StanGetz,MyFunnyValentine
394.924988662,441.364897959,solo_03_01,"s_ts,s_tb,b_g,b_p,b_b,b_dr",StanGetz,MyFunnyValentine
441.364897959,488.17632653,theme_02_01,"ts,tb,g,p,b,dr",StanGetz,MyFunnyValentine
488.17632653,493.0,silence,,StanGetz,MyFunnyValentine
0.0,0.914285714,silence,,StanGetz,Yesterdays
0.914285714,8.751020408,intro,p,StanGetz,Yesterdays
8.751020408,39.248979591,theme_01_01,"tb,g,p,b,dr",StanGetz,Yesterdays
39.248979591,69.61632653,theme_01_02,"tb,g,p,b,dr",StanGetz,Yesterdays
69.61632653,100.179591836,solo_01_01,"s_tb,b_g,b_p,b_b,b_dr",StanGetz,Yesterdays
100.179591836,130.546938775,solo_01_02,"s_tb,b_g,b_p,b_b,b_dr",StanGetz,Yesterdays
130.546938775,161.175510204,solo_01_03,"s_tb,b_g,b_p,b_b,b_dr",StanGetz,Yesterdays
161.175510204,220.473469387,theme_02_01,"tb,g,p,b,dr",StanGetz,Yesterdays
220.473469387,223.66666666666663,silence,,StanGetz,Yesterdays
0.0,0.046439909,silence,,SteveColeman,Cross-Fade
0.046439909,10.727619047,solo_01_01,"s_as,b_b,b_dr",SteveColeman,Cross-Fade
10.727619047,21.223038548,solo_01_02,"s_as,b_b,b_dr",SteveColeman,Cross-Fade
21.223038548,33.436734693,solo_01_03,"s_as,b_b,b_dr",SteveColeman,Cross-Fade
33.436734693,46.393469387,solo_01_04,"s_as,b_b,b_dr",SteveColeman,Cross-Fade
46.393469387,61.579319727,theme_01_01,"as,g,p,b,dr,perc",SteveColeman,Cross-Fade
61.579319727,75.882811791,solo_02_01,"s_ts,b_g,b_p,b_b,b_dr,b_perc",SteveColeman,Cross-Fade
75.882811791,91.254421768,theme_02_01,"as,g,p,b,dr,perc",SteveColeman,Cross-Fade
91.254421768,105.65079365,solo_03_01,"s_p,b_g,b_b,b_dr,b_perc",SteveColeman,Cross-Fade
105.65079365,120.511564625,theme_03_01,"as,g,p,b,dr,perc",SteveColeman,Cross-Fade
120.511564625,135.233015873,solo_04_01,"s_g,b_p,b_b,b_dr,b_perc",SteveColeman,Cross-Fade
135.233015873,150.093786848,theme_04_01,"as,g,p,b,dr,perc",SteveColeman,Cross-Fade
150.093786848,165.186757369,solo_05_01,"s_dr,s_perc,b_g,b_p,b_b",SteveColeman,Cross-Fade
165.186757369,179.768888888,solo_06_01,"s_ts,b_g,b_p,b_b,b_dr,b_perc",SteveColeman,Cross-Fade
179.768888888,187.617233559,theme_05_01,"as,g,p,b,dr,perc",SteveColeman,Cross-Fade
187.617233559,188.56,silence,,SteveColeman,Cross-Fade
0.0,0.163265306,silence,,SteveColeman,PassItOn
0.163265306,18.15510204,intro,"g,p,b,dr",SteveColeman,PassItOn
18.15510204,54.595918367,theme_02_01,"tp,ts,as,g,p,b,dr",SteveColeman,PassItOn
54.595918367,90.808163265,solo_01_01,"s_ts,b_g,b_p,b_b,b_dr",SteveColeman,PassItOn
90.808163265,127.869387755,solo_01_02,"s_ts,b_g,b_p,b_b,b_dr",SteveColeman,PassItOn
127.869387755,163.983673469,solo_02_01,"s_as,b_g,b_p,b_b,b_dr",SteveColeman,PassItOn
163.983673469,200.489795918,solo_02_02,"s_as,b_g,b_p,b_b,b_dr",SteveColeman,PassItOn
200.489795918,236.702040816,solo_02_03,"s_as,b_g,b_p,b_b,b_dr",SteveColeman,PassItOn
236.702040816,272.979591836,solo_03_01,"s_tp,b_g,b_p,b_b,b_dr",SteveColeman,PassItOn
272.979591836,309.159183673,solo_03_02,"s_tp,b_g,b_p,b_b,b_dr",SteveColeman,PassItOn
309.159183673,345.567346938,solo_03_01,"s_b,b_g,b_p,b_dr",SteveColeman,PassItOn
345.567346938,382.204081632,solo_04_01,"s_tp,s_ts,s_as,b_g,b_p,b_b,b_dr",SteveColeman,PassItOn
382.204081632,418.808163265,theme_02_02,"tp,ts,as,g,p,b,dr",SteveColeman,PassItOn
418.808163265,482.481632652,theme_02_03,"tp,ts,as,g,p,b,dr",SteveColeman,PassItOn
482.481632652,489.24734693877554,silence,,SteveColeman,PassItOn
0.0,1.021678004,silence,,SteveColeman,SlippedAgain
1.021678004,16.068208616,intro,"tp,as,p,b,dr",SteveColeman,SlippedAgain
16.068208616,38.173605442,theme_01_01,"tp,as,g,p,b,dr",SteveColeman,SlippedAgain
38.173605442,60.325442176,theme_01_02,"tp,as,g,p,b,dr",SteveColeman,SlippedAgain
60.325442176,82.430839002,solo_01_01,"s_as,b_p,b_b,b_dr",SteveColeman,SlippedAgain
82.430839002,104.211156462,solo_01_02,"s_as,b_p,b_b,b_dr",SteveColeman,SlippedAgain
104.211156462,126.13079365,solo_01_03,"s_as,b_p,b_b,b_dr",SteveColeman,SlippedAgain
126.13079365,148.468390022,solo_02_01,"s_fln,b_p,b_b,b_dr",SteveColeman,SlippedAgain
148.468390022,170.620226757,solo_02_02,"s_fln,b_p,b_b,b_dr",SteveColeman,SlippedAgain
170.620226757,192.493424036,solo_02_03,"s_fln,b_p,b_b,b_dr",SteveColeman,SlippedAgain
192.493424036,214.04154195,solo_03_01,"s_p,b_b,b_dr",SteveColeman,SlippedAgain
214.04154195,235.403900226,solo_03_02,"s_p,b_b,b_dr",SteveColeman,SlippedAgain
235.403900226,256.487619047,solo_03_03,"s_p,b_b,b_dr",SteveColeman,SlippedAgain
256.487619047,278.453696145,solo_04_01,"s_as,b_p,b_b,b_dr",SteveColeman,SlippedAgain
278.453696145,300.466213151,solo_04_02,"s_as,b_p,b_b,b_dr",SteveColeman,SlippedAgain
300.466213151,321.967891156,solo_04_03,"s_as,b_p,b_b,b_dr",SteveColeman,SlippedAgain
321.967891156,343.51600907,solo_05_01,"s_b,b_p,b_dr",SteveColeman,SlippedAgain
343.51600907,364.088888888,solo_05_02,"s_b,b_p,b_dr",SteveColeman,SlippedAgain
364.088888888,385.915646258,theme_02_01,"tp,as,g,p,b,dr",SteveColeman,SlippedAgain
385.915646258,412.757913831,theme_02_02,"tp,as,g,p,b,dr",SteveColeman,SlippedAgain
412.757913831,416.6008163265306,silence,,SteveColeman,SlippedAgain
0.0,1.114557823,silence,,SteveLacy,AloneTogether
1.114557823,15.418049886,intro,"b,dr",SteveLacy,AloneTogether
15.418049886,93.80861678,theme_01_01,"ss,p,b,dr",SteveLacy,AloneTogether
93.80861678,172.199183673,solo_01_01,"s_p,b_b,b_dr",SteveLacy,AloneTogether
172.199183673,248.917913832,solo_02_01,"s_ss,b_p,b_b,b_dr",SteveLacy,AloneTogether
248.917913832,327.308480725,solo_03_01,"s_p,b_b,b_dr",SteveLacy,AloneTogether
327.308480725,403.469931972,theme_02_01,"ss,p,b,dr",SteveLacy,AloneTogether
403.469931972,408.06666666666666,silence,,SteveLacy,AloneTogether
0.0,0.261224489,silence,,SteveLacy,AskMeNow
0.261224489,11.885714285,intro,"p,b,dr",SteveLacy,AskMeNow
11.885714285,103.575510204,theme_01_01,"ss,p,b,dr",SteveLacy,AskMeNow
103.575510204,191.869387755,solo_01_01,"s_p,b_b,b_dr",SteveLacy,AskMeNow
191.869387755,291.526530612,solo_02_01,"s_ss,b_p,b_b,b_dr",SteveLacy,AskMeNow
291.526530612,296.76,silence,,SteveLacy,AskMeNow
0.0,1.175510204,silence,,SteveLacy,EasyToLove
1.175510204,12.669387755,intro,"p,b",SteveLacy,EasyToLove
12.669387755,57.991836734,theme_01_01,"ss,p,b,dr",SteveLacy,EasyToLove
57.991836734,104.097959183,solo_01_01,"s_ss,b_p,b_b,b_dr",SteveLacy,EasyToLove
104.097959183,150.204081632,solo_01_02,"s_ss,b_p,b_b,b_dr",SteveLacy,EasyToLove
150.204081632,196.571428571,solo_01_03,"s_ss,b_p,b_b,b_dr",SteveLacy,EasyToLove
196.571428571,242.93877551,solo_01_04,"s_ss,b_p,b_b,b_dr",SteveLacy,EasyToLove
242.93877551,288.0,solo_02_01,"s_p,b_b,b_dr",SteveLacy,EasyToLove
288.0,332.146938775,solo_02_02,"s_p,b_b,b_dr",SteveLacy,EasyToLove
332.146938775,374.334693877,solo_03_01,"s_b,b_p,b_dr",SteveLacy,EasyToLove
374.334693877,415.869387755,solo_04_01,"s_ss,b_p,b_b,b_dr",SteveLacy,EasyToLove
415.869387755,458.579591836,solo_04_02,"s_ss,b_p,b_b,b_dr",SteveLacy,EasyToLove
458.579591836,502.857142856,theme_02_01,"ss,p,b,dr",SteveLacy,EasyToLove
502.857142856,506.8666666666667,silence,,SteveLacy,EasyToLove
0.0,1.30031746,silence,,SteveLacy,Let'sCoolOne
1.30031746,57.771247165,theme_01_01,"tp,ss,b,dr",SteveLacy,Let'sCoolOne
57.771247165,116.099773242,solo_01_01,"s_tp,b_ss,b_b,b_dr",SteveLacy,Let'sCoolOne
116.099773242,174.428299319,solo_01_02,"s_tp,b_b,b_dr",SteveLacy,Let'sCoolOne
174.428299319,232.199546485,solo_02_01,"s_ss,b_b,b_dr",SteveLacy,Let'sCoolOne
232.199546485,290.528072562,solo_02_02,"s_ss,b_b,b_dr",SteveLacy,Let'sCoolOne
290.528072562,343.46956916,solo_03_01,s_dr,SteveLacy,Let'sCoolOne
343.46956916,399.940498865,theme_02_01,"tp,ss,b,dr",SteveLacy,Let'sCoolOne
399.940498865,405.1333333333333,silence,,SteveLacy,Let'sCoolOne
0.0,0.261224489,silence,,SteveLacy,Skippy
0.261224489,30.008163265,theme_01_01,"ss,p,b,dr",SteveLacy,Skippy
30.008163265,59.004081632,solo_01_01,"s_ss,b_p,b_b,b_dr",SteveLacy,Skippy
59.004081632,87.804081632,solo_01_02,"s_ss,b_p,b_b,b_dr",SteveLacy,Skippy
87.804081632,116.408163265,solo_01_03,"s_ss,b_p,b_b,b_dr",SteveLacy,Skippy
116.408163265,144.751020408,solo_02_01,"s_p,b_b,b_dr",SteveLacy,Skippy
144.751020408,173.224489795,solo_02_02,"s_p,b_b,b_dr",SteveLacy,Skippy
173.224489795,201.273469387,solo_02_03,"s_p,b_b,b_dr",SteveLacy,Skippy
201.273469387,229.028571428,solo_03_01,"s_ss,s_dr,b_p,b_b",SteveLacy,Skippy
229.028571428,258.351020407,theme_02_01,"ss,p,b,dr",SteveLacy,Skippy
258.351020407,259.8933333333333,silence,,SteveLacy,Skippy
0.0,1.175510204,silence,,SteveLacy,Work
1.175510204,2.448979591,intro,b,SteveLacy,Work
2.448979591,49.226303854,theme_01_01,"ss,p,b,dr",SteveLacy,Work
49.226303854,95.294693877,solo_01_01,"s_ss,b_p,b_b,b_dr",SteveLacy,Work
95.294693877,141.714285714,solo_01_02,"s_ss,b_p,b_b,b_dr",SteveLacy,Work
141.714285714,188.01632653,solo_02_01,"s_p,b_b,b_dr",SteveLacy,Work
188.01632653,231.21632653,solo_02_02,"s_p,b_b,b_dr",SteveLacy,Work
231.21632653,273.175510204,solo_03_01,"s_dr,s_b,b_p",SteveLacy,Work
273.175510204,323.787755101,theme_02_01,"ss,p,b,dr",SteveLacy,Work
323.787755101,326.6,silence,,SteveLacy,Work
0.0,0.65015873,silence,,SteveSwallow,"Item1,D.I.T."
0.65015873,7.151746031,intro,dr,SteveSwallow,"Item1,D.I.T."
7.151746031,47.275827664,theme_01_01,"ts,b,dr",SteveSwallow,"Item1,D.I.T."
47.275827664,89.07755102,solo_01_01,"s_ts,b_b,b_dr",SteveSwallow,"Item1,D.I.T."
89.07755102,130.873469387,solo_01_02,"s_ts,b_b,b_dr",SteveSwallow,"Item1,D.I.T."
130.873469387,174.759183673,solo_01_03,"s_ts,b_b,b_dr",SteveSwallow,"Item1,D.I.T."
174.759183673,218.383673469,solo_01_04,"s_ts,b_b,b_dr",SteveSwallow,"Item1,D.I.T."
218.383673469,276.636734693,solo_01_05,"s_ts,b_b,b_dr",SteveSwallow,"Item1,D.I.T."
276.636734693,341.420408163,solo_02_01,"s_ts,s_dr,b_b",SteveSwallow,"Item1,D.I.T."
341.420408163,380.865306122,outro,dr,SteveSwallow,"Item1,D.I.T."
380.865306122,386.4565759637188,silence,,SteveSwallow,"Item1,D.I.T."
0.0,0.195918367,silence,,WarneMarsh,Marshmallow
0.195918367,3.363265306,intro,dr,WarneMarsh,Marshmallow
3.363265306,53.485714285,theme_01_01,"as,as,p,b,dr",WarneMarsh,Marshmallow
53.485714285,105.697959183,solo_01_01,"s_as,b_p,b_b,b_dr",WarneMarsh,Marshmallow
105.697959183,157.35510204,solo_02_01,"s_as,b_p,b_b,b_dr",WarneMarsh,Marshmallow
157.35510204,172.016326529,theme_02_01,"as,as,p,b,dr",WarneMarsh,Marshmallow
172.016326529,174.54666666666665,silence,,WarneMarsh,Marshmallow
0.0,0.065306122,silence,,WarneMarsh,Tautology
0.065306122,29.518367346,theme_01_01,"as,as,p,b,dr",WarneMarsh,Tautology
29.518367346,58.351020408,solo_01_01,"s_as,b_p,b_b,b_dr",WarneMarsh,Tautology
58.351020408,87.21632653,solo_01_02,"s_as,b_p,b_b,b_dr",WarneMarsh,Tautology
87.21632653,115.591836734,solo_02_01,"s_as,b_p,b_b,b_dr",WarneMarsh,Tautology
115.591836734,144.163265306,solo_02_02,"s_as,b_p,b_b,b_dr",WarneMarsh,Tautology
144.163265306,171.951020408,theme_02_01,"as,as,p,b,dr",WarneMarsh,Tautology
171.951020408,172.82666666666665,silence,,WarneMarsh,Tautology
0.0,1.486077097,silence,,WayneShorter,Adam'sApple
1.486077097,13.281814058,intro,"b,p,dr",WayneShorter,Adam'sApple
13.281814058,47.182947845,theme_01_01,"ts,p,b,dr",WayneShorter,Adam'sApple
47.182947845,80.898321995,theme_01_02,"ts,p,b,dr",WayneShorter,Adam'sApple
80.898321995,114.149297052,solo_01_01,"s_ts,b_p,b_b,b_dr",WayneShorter,Adam'sApple
114.149297052,147.493151927,solo_01_02,"s_ts,b_p,b_b,b_dr",WayneShorter,Adam'sApple
147.493151927,181.022766439,solo_01_03,"s_ts,b_p,b_b,b_dr",WayneShorter,Adam'sApple
181.022766439,217.153015873,solo_01_04,"s_ts,b_p,b_b,b_dr",WayneShorter,Adam'sApple
217.153015873,253.097505668,solo_02_01,"s_p,b_b,b_dr",WayneShorter,Adam'sApple
253.097505668,289.97079365,solo_02_02,"s_p,b_b,b_dr",WayneShorter,Adam'sApple
289.97079365,323.593287981,theme_02_01,"ts,p,b,dr",WayneShorter,Adam'sApple
323.593287981,356.751383219,theme_02_02,"ts,p,b,dr",WayneShorter,Adam'sApple
356.751383219,405.141768706,outro,"ts,p,b,dr",WayneShorter,Adam'sApple
405.141768706,412.5866666666666,silence,,WayneShorter,Adam'sApple
0.0,0.522448979,silence,,WayneShorter,Footprints
0.522448979,10.710204081,intro,"p,b,dr",WayneShorter,Footprints
10.710204081,42.840816326,theme_01_01,"ts,p,b,dr",WayneShorter,Footprints
42.840816326,75.232653061,theme_01_02,"ts,p,b,dr",WayneShorter,Footprints
75.232653061,107.102040816,solo_01_01,"s_ts,b_p,b_b,b_dr",WayneShorter,Footprints
107.102040816,138.971428571,solo_01_02,"s_ts,b_p,b_b,b_dr",WayneShorter,Footprints
138.971428571,170.579591836,solo_01_03,"s_ts,b_p,b_b,b_dr",WayneShorter,Footprints
170.579591836,202.187755102,solo_01_04,"s_ts,b_p,b_b,b_dr",WayneShorter,Footprints
202.187755102,234.318367346,solo_02_01,"s_p,b_b,b_dr",WayneShorter,Footprints
234.318367346,266.448979591,solo_02_02,"s_p,b_b,b_dr",WayneShorter,Footprints
266.448979591,295.706122448,solo_02_03,"s_p,b_b,b_dr",WayneShorter,Footprints
295.706122448,328.359183673,solo_03_01,"s_b,b_p,b_dr",WayneShorter,Footprints
328.359183673,361.273469387,solo_03_02,"s_b,b_p,b_dr",WayneShorter,Footprints
361.273469387,393.926530612,theme_02_01,"ts,p,b,dr",WayneShorter,Footprints
393.926530612,426.579591836,theme_02_02,"ts,p,b,dr",WayneShorter,Footprints
426.579591836,444.865306121,outro,"ts,p,b,dr",WayneShorter,Footprints
444.865306121,451.8933333333333,silence,,WayneShorter,Footprints
0.0,0.371519274,silence,,WayneShorter,InfantEyes
0.371519274,25.07755102,intro,p,WayneShorter,InfantEyes
25.07755102,154.923537415,theme_01_01,"ts,p,b,dr",WayneShorter,InfantEyes
154.923537415,281.42585034,solo_01_01,"s_ts,b_p,b_b,b_dr",WayneShorter,InfantEyes
281.42585034,410.343038549,solo_01_02,"s_ts,s_p,b_b,b_dr",WayneShorter,InfantEyes
410.343038549,414.8767346938776,silence,,WayneShorter,InfantEyes
0.0,1.253877551,silence,,WayneShorter,Juju
1.253877551,9.148662131,intro,"p,b,dr",WayneShorter,Juju
9.148662131,34.783492063,theme_01_01,"ts,p,b,dr",WayneShorter,Juju
34.783492063,60.186122448,theme_01_02,"ts,p,b,dr",WayneShorter,Juju
60.186122448,86.146031746,solo_01_01,"s_p,b_b,b_dr",WayneShorter,Juju
86.146031746,109.969705215,solo_01_02,"s_p,b_b,b_dr",WayneShorter,Juju
109.969705215,134.582857142,solo_01_03,"s_p,b_b,b_dr",WayneShorter,Juju
134.582857142,159.103129251,solo_01_04,"s_p,b_b,b_dr",WayneShorter,Juju
159.103129251,184.505759637,solo_02_01,"s_ts,b_p,b_b,b_dr",WayneShorter,Juju
184.505759637,211.998185941,solo_02_02,"s_ts,b_p,b_b,b_dr",WayneShorter,Juju
211.998185941,241.301768707,solo_02_03,"s_ts,b_p,b_b,b_dr",WayneShorter,Juju
241.301768707,267.633197278,solo_02_04,"s_ts,b_p,b_b,b_dr",WayneShorter,Juju
267.633197278,296.704580498,solo_02_05,"s_ts,b_p,b_b,b_dr",WayneShorter,Juju
296.704580498,326.704761904,solo_02_06,"s_ts,b_p,b_b,b_dr",WayneShorter,Juju
326.704761904,353.964988662,solo_03_01,s_dr,WayneShorter,Juju
353.964988662,378.810340136,solo_03_02,s_dr,WayneShorter,Juju
378.810340136,402.912653061,theme_02_01,"ts,p,b,dr",WayneShorter,Juju
402.912653061,425.157369614,theme_02_02,"ts,p,b,dr",WayneShorter,Juju
425.157369614,446.937687074,solo_04_01,"s_ts,b_p,b_b,b_dr",WayneShorter,Juju
446.937687074,466.581768707,solo_04_02,"s_ts,b_p,b_b,b_dr",WayneShorter,Juju
466.581768707,505.451972788,outro,"ts,p,b,dr",WayneShorter,Juju
505.451972788,515.9009523809524,silence,,WayneShorter,Juju
0.0,1.021678004,silence,,WayneShorter,Unknown
1.021678004,88.050068027,theme_01_01,"tp,ts,p,b,dr",WayneShorter,Unknown
88.050068027,172.477823129,solo_01_01,"s_ts,b_p,b_b,b_dr",WayneShorter,Unknown
172.477823129,258.902494331,solo_01_02,"s_ts,b_p,b_b,b_dr",WayneShorter,Unknown
258.902494331,341.611972789,solo_02_01,"s_tp,b_p,b_b,b_dr",WayneShorter,Unknown
341.611972789,424.042811791,solo_03_01,"s_p,b_b,b_dr",WayneShorter,Unknown
424.042811791,499.043265305,theme_02_01,"tp,ts,p,b,dr",WayneShorter,Unknown
499.043265305,506.1224489795918,silence,,WayneShorter,Unknown
0.0,0.522448979,silence,,WoodyShaw,DatDere
0.522448979,16.848979591,intro,"p,b,dr",WoodyShaw,DatDere
16.848979591,49.371428571,theme_01_01,"tp,tb,p,b,dr",WoodyShaw,DatDere
49.371428571,82.285714285,theme_01_02,"tp,tb,p,b,dr",WoodyShaw,DatDere
82.285714285,115.330612244,solo_01_01,"s_tp,b_p,b_b,b_dr",WoodyShaw,DatDere
115.330612244,148.636734693,solo_01_02,"s_tp,b_p,b_b,b_dr",WoodyShaw,DatDere
148.636734693,182.595918367,solo_01_03,"s_tp,b_p,b_b,b_dr",WoodyShaw,DatDere
182.595918367,216.163265306,solo_01_04,"s_tp,b_p,b_b,b_dr",WoodyShaw,DatDere
216.163265306,249.6,solo_01_05,"s_tb,b_p,b_b,b_dr",WoodyShaw,DatDere
249.6,282.514285714,solo_02_01,"s_tb,b_p,b_b,b_dr",WoodyShaw,DatDere
282.514285714,315.428571428,solo_02_02,"s_tb,b_p,b_b,b_dr",WoodyShaw,DatDere
315.428571428,348.734693877,solo_02_03,"s_tb,b_p,b_b,b_dr",WoodyShaw,DatDere
348.734693877,381.518367346,solo_03_01,"s_p,b_b,b_dr",WoodyShaw,DatDere
381.518367346,413.910204081,solo_03_02,"s_p,b_b,b_dr",WoodyShaw,DatDere
413.910204081,446.171428571,solo_04_01,"s_b,b_p,b_dr",WoodyShaw,DatDere
446.171428571,485.485714285,theme_02_01,"tp,tb,p,b,dr",WoodyShaw,DatDere
485.485714285,493.4008163265306,silence,,WoodyShaw,DatDere
0.0,0.464399092,silence,,WoodyShaw,IfIWereABell
0.464399092,8.684263038,intro,"p,b,dr",WoodyShaw,IfIWereABell
8.684263038,41.447619047,theme_01_01,"tp,p,b,dr",WoodyShaw,IfIWereABell
41.447619047,72.562358276,solo_01_01,"s_tp,b_p,b_b,b_dr",WoodyShaw,IfIWereABell
72.562358276,102.098140589,solo_01_02,"s_tp,b_p,b_b,b_dr",WoodyShaw,IfIWereABell
102.098140589,131.378503401,solo_02_01,"s_p,b_b,b_dr",WoodyShaw,IfIWereABell
131.378503401,159.8461678,solo_02_02,"s_p,b_b,b_dr",WoodyShaw,IfIWereABell
159.8461678,190.519727891,solo_03_01,"s_tb,b_p,b_b,b_dr",WoodyShaw,IfIWereABell
190.519727891,220.473469387,solo_03_02,"s_tb,b_p,b_b,b_dr",WoodyShaw,IfIWereABell
220.473469387,249.614512471,solo_04_01,"s_tp,s_dr,b_p,b_b",WoodyShaw,IfIWereABell
249.614512471,278.43047619,solo_04_02,"s_tp,s_dr,s_tb,b_p,b_b",WoodyShaw,IfIWereABell
278.43047619,322.571609976,theme_02_01,"tp,tb,p,b,dr",WoodyShaw,IfIWereABell
322.571609976,327.5232653061224,silence,,WoodyShaw,IfIWereABell
0.0,1.044897959,silence,,WoodyShaw,Imagination
1.044897959,166.661224489,theme_01_01,"tp,tb,p,b,dr",WoodyShaw,Imagination
166.661224489,330.187755102,solo_01_01,"s_tp,b_p,b_b,b_dr",WoodyShaw,Imagination
330.187755102,428.930612244,outro,"tp,tb,p,b,dr",WoodyShaw,Imagination
428.930612244,448.0522448979592,silence,,WoodyShaw,Imagination
0.0,0.046439909,silence,,WoodyShaw,InACapricornianWay
0.046439909,63.808435374,theme_01_01,"tp,ts,p,b,dr",WoodyShaw,InACapricornianWay
63.808435374,125.945034013,solo_01_01,"s_tp,b_p,b_b,b_dr",WoodyShaw,InACapricornianWay
125.945034013,182.462403628,solo_01_02,"s_tp,b_p,b_b,b_dr",WoodyShaw,InACapricornianWay
182.462403628,241.905487528,solo_01_03,"s_tp,b_p,b_b,b_dr",WoodyShaw,InACapricornianWay
241.905487528,299.816054421,solo_02_01,"s_ts,b_p,b_b,b_dr",WoodyShaw,InACapricornianWay
299.816054421,357.540861678,solo_02_02,"s_ts,b_p,b_b,b_dr",WoodyShaw,InACapricornianWay
357.540861678,416.937505668,solo_03_01,"s_p,b_b,b_dr",WoodyShaw,InACapricornianWay
416.937505668,476.009070294,solo_03_02,"s_p,b_b,b_dr",WoodyShaw,InACapricornianWay
476.009070294,533.966077097,solo_04_01,"s_b,b_p,b_dr",WoodyShaw,InACapricornianWay
533.966077097,590.111927437,solo_04_02,"s_b,b_p,b_dr",WoodyShaw,InACapricornianWay
590.111927437,658.146394557,theme_02_01,"tp,ts,p,b,dr",WoodyShaw,InACapricornianWay
658.146394557,676.363514739229,silence,,WoodyShaw,InACapricornianWay
0.0,0.325079365,silence,,WoodyShaw,Rahsaan'sRun
0.325079365,21.292698412,theme_01_01,"tp,ts,p,b,dr",WoodyShaw,Rahsaan'sRun
21.292698412,41.726258503,theme_01_02,"tp,ts,p,b,dr",WoodyShaw,Rahsaan'sRun
41.726258503,61.347120181,solo_01_01,"s_tp,b_p,b_b,b_dr",WoodyShaw,Rahsaan'sRun
61.347120181,80.596462585,solo_01_02,"s_tp,b_p,b_b,b_dr",WoodyShaw,Rahsaan'sRun
80.596462585,99.683265306,solo_01_03,"s_tp,b_p,b_b,b_dr",WoodyShaw,Rahsaan'sRun
99.683265306,118.607528344,solo_02_01,"s_ts,b_p,b_b,b_dr",WoodyShaw,Rahsaan'sRun
118.607528344,137.160272108,solo_02_01,"s_ts,b_p,b_b,b_dr",WoodyShaw,Rahsaan'sRun
137.160272108,155.620136054,solo_03_01,"s_p,b_b,b_dr",WoodyShaw,Rahsaan'sRun
155.620136054,173.871020408,solo_03_02,"s_p,b_b,b_dr",WoodyShaw,Rahsaan'sRun
173.871020408,191.796825396,solo_04_01,s_b,WoodyShaw,Rahsaan'sRun
191.796825396,209.885170068,solo_04_02,s_b,WoodyShaw,Rahsaan'sRun
209.885170068,225.93015873,solo_04_03,s_b,WoodyShaw,Rahsaan'sRun
225.93015873,243.786303854,solo_05_01,"s_tp,s_dr,b_p,b_b",WoodyShaw,Rahsaan'sRun
243.786303854,261.108390022,solo_05_02,"s_ts,s_dr,b_p,b_b",WoodyShaw,Rahsaan'sRun
261.108390022,280.055873015,theme_02_01,"tp,ts,p,b,dr",WoodyShaw,Rahsaan'sRun
280.055873015,309.591655327,theme_02_02,"tp,ts,p,b,dr",WoodyShaw,Rahsaan'sRun
309.591655327,312.93333333333334,silence,,WoodyShaw,Rahsaan'sRun
0.0,0.261224489,silence,,WoodyShaw,Rosewood
0.261224489,12.27755102,intro,"fl,ts,as,fln,tb,p,b,dr",WoodyShaw,Rosewood
12.27755102,114.67755102,theme_01_01,"fl,ts,as,fln,tb,p,b,dr",WoodyShaw,Rosewood
114.67755102,211.330612244,solo_01_01,"s_ts,b_p,b_b,b_dr",WoodyShaw,Rosewood
211.330612244,307.983673469,solo_02_01,"s_fln,b_p,b_b,b_dr",WoodyShaw,Rosewood
307.983673469,426.840816326,theme_02_01,"fl,ts,as,fln,tb,p,b,dr",WoodyShaw,Rosewood
426.840816326,433.9333333333333,silence,,WoodyShaw,Rosewood
0.0,0.185759637,silence,,WoodyShaw,SteppingStone(Live)
0.185759637,29.442902494,theme_01_01,"cor,ts,p,b,dr",WoodyShaw,SteppingStone(Live)
29.442902494,54.613333333,theme_01_02,"cor,ts,p,b,dr",WoodyShaw,SteppingStone(Live)
54.613333333,83.591836734,solo_01_01,"s_cor,b_p,b_b,b_dr",WoodyShaw,SteppingStone(Live)
83.591836734,112.105941043,solo_02_01,"s_ts,b_p,b_b,b_dr",WoodyShaw,SteppingStone(Live)
112.105941043,140.434285714,solo_03_01,"s_cor,b_p,b_b,b_dr",WoodyShaw,SteppingStone(Live)
140.434285714,168.948390022,solo_04_01,"s_ts,b_p,b_b,b_dr",WoodyShaw,SteppingStone(Live)
168.948390022,195.883537414,solo_05_01,"s_cor,s_ts,b_p,b_b,b_dr",WoodyShaw,SteppingStone(Live)
195.883537414,223.561723356,solo_05_02,"s_cor,s_ts,b_p,b_b,b_dr",WoodyShaw,SteppingStone(Live)
223.561723356,251.332789115,solo_05_03,"s_cor,s_ts,b_p,b_b,b_dr",WoodyShaw,SteppingStone(Live)
251.332789115,278.825215419,solo_06_01,"s_p,b_b,b_dr",WoodyShaw,SteppingStone(Live)
278.825215419,306.317641723,solo_06_02,"s_p,b_b,b_dr",WoodyShaw,SteppingStone(Live)
306.317641723,333.902947845,solo_06_03,"s_p,b_b,b_dr",WoodyShaw,SteppingStone(Live)
333.902947845,361.766893424,solo_06_04,"s_p,b_b,b_dr",WoodyShaw,SteppingStone(Live)
361.766893424,393.438911564,solo_07_01,"s_dr,b_p,b_b",WoodyShaw,SteppingStone(Live)
393.438911564,426.504126984,solo_07_02,"s_dr,b_p,b_b",WoodyShaw,SteppingStone(Live)
426.504126984,455.761269841,solo_07_03,s_dr,WoodyShaw,SteppingStone(Live)
455.761269841,484.461133786,theme_02_01,"cor,ts,p,b,dr",WoodyShaw,SteppingStone(Live)
484.461133786,511.674920634,theme_02_02,"cor,ts,p,b,dr",WoodyShaw,SteppingStone(Live)
511.674920634,552.1251473922903,silence,,WoodyShaw,SteppingStone(Live)
0.0,0.391836734,silence,,WoodyShaw,Steve'sBlues
0.391836734,9.208163265,intro,"tp,tb,p,b,dr",WoodyShaw,Steve'sBlues
9.208163265,23.020408163,theme_01_01,"tp,tb,p,b,dr",WoodyShaw,Steve'sBlues
23.020408163,37.257142857,theme_01_02,"tp,tb,p,b,dr",WoodyShaw,Steve'sBlues
37.257142857,51.591836734,solo_01_01,"s_tb,b_p,b_b,b_dr",WoodyShaw,Steve'sBlues
51.591836734,65.763265306,solo_01_02,"s_tb,b_p,b_b,b_dr",WoodyShaw,Steve'sBlues
65.763265306,79.706122448,solo_01_03,"s_tb,b_p,b_b,b_dr",WoodyShaw,Steve'sBlues
79.706122448,93.714285714,solo_01_04,"s_tb,b_p,b_b,b_dr",WoodyShaw,Steve'sBlues
93.714285714,107.853061224,solo_02_01,"s_tp,b_p,b_b,b_dr",WoodyShaw,Steve'sBlues
107.853061224,121.893877551,solo_02_02,"s_tp,b_p,b_b,b_dr",WoodyShaw,Steve'sBlues
121.893877551,135.510204081,solo_02_03,"s_tp,b_p,b_b,b_dr",WoodyShaw,Steve'sBlues
135.510204081,149.812244897,solo_02_04,"s_tp,b_p,b_b,b_dr",WoodyShaw,Steve'sBlues
149.812244897,163.853061224,solo_02_05,"s_tp,b_p,b_b,b_dr",WoodyShaw,Steve'sBlues
163.853061224,177.893877551,solo_03_01,"s_p,b_b,b_dr",WoodyShaw,Steve'sBlues
177.893877551,192.097959183,solo_03_02,"s_p,b_b,b_dr",WoodyShaw,Steve'sBlues
192.097959183,206.334693877,solo_03_03,"s_p,b_b,b_dr",WoodyShaw,Steve'sBlues
206.334693877,220.27755102,solo_03_04,"s_p,b_b,b_dr",WoodyShaw,Steve'sBlues
220.27755102,234.024489795,solo_05_01,"s_tp,s_dr,s_tb,b_p,b_b",WoodyShaw,Steve'sBlues
234.024489795,247.934693877,solo_05_02,"s_tp,s_dr,b_p,b_b",WoodyShaw,Steve'sBlues
247.934693877,261.87755102,theme_02_01,"tp,ts,p,b,dr",WoodyShaw,Steve'sBlues
261.87755102,285.87755102,theme_02_01,"tp,ts,p,b,dr",WoodyShaw,Steve'sBlues
285.87755102,288.6008163265306,silence,,WoodyShaw,Steve'sBlues
0.0,2.220408163,silence,,WyntonMarsalis,AprilInParis
2.220408163,50.41632653,theme_01_01,"tp,p,b,dr",WyntonMarsalis,AprilInParis
50.41632653,100.440816326,solo_01_01,"s_tp,b_p,b_b,b_dr",WyntonMarsalis,AprilInParis
100.440816326,150.857142857,solo_01_02,"s_tp,b_p,b_b,b_dr",WyntonMarsalis,AprilInParis
150.857142857,201.012244897,solo_02_01,"s_p,b_b,b_dr",WyntonMarsalis,AprilInParis
201.012244897,253.518367346,solo_02_02,"s_p,b_b,b_dr",WyntonMarsalis,AprilInParis
253.518367346,301.975510203,theme_02_01,"tp,p,b,dr",WyntonMarsalis,AprilInParis
301.975510203,304.64,silence,,WyntonMarsalis,AprilInParis
0.0,0.130612244,silence,,WyntonMarsalis,Caravan
0.130612244,15.673469387,intro,"p,b,dr",WyntonMarsalis,Caravan
15.673469387,94.040816326,theme_01_01,"tp,p,b,dr",WyntonMarsalis,Caravan
94.040816326,171.827664399,solo_01_01,"s_tp,b_p,b_b,b_dr",WyntonMarsalis,Caravan
171.827664399,250.122448979,solo_01_02,"s_tp,b_p,b_b,b_dr",WyntonMarsalis,Caravan
250.122448979,328.751020408,solo_02_01,"s_p,b_b,b_dr",WyntonMarsalis,Caravan
328.751020408,407.248979591,solo_02_02,"s_p,b_b,b_dr",WyntonMarsalis,Caravan
407.248979591,495.281632652,theme_02_01,"tp,p,b,dr",WyntonMarsalis,Caravan
495.281632652,499.6963265306122,silence,,WyntonMarsalis,Caravan
0.0,3.069387755,silence,,WyntonMarsalis,CherokeeII
3.069387755,37.551020408,theme_01_01,"tp,p,b,dr",WyntonMarsalis,CherokeeII
37.551020408,71.640816326,solo_01_01,"s_tp,b_p,b_b,b_dr",WyntonMarsalis,CherokeeII
71.640816326,105.893877551,solo_01_02,"s_tp,b_p,b_b,b_dr",WyntonMarsalis,CherokeeII
105.893877551,138.612244897,theme_02_01,"tp,p,b,dr",WyntonMarsalis,CherokeeII
138.612244897,146.65142857142857,silence,,WyntonMarsalis,CherokeeII
0.0,1.681632653,silence,,WyntonMarsalis,Cherokee
1.681632653,37.224489795,theme_01_01,"tp,p,b,dr",WyntonMarsalis,Cherokee
37.224489795,70.775510204,solo_01_01,"s_tp,b_p,b_b,b_dr",WyntonMarsalis,Cherokee
70.775510204,104.424489795,solo_01_02,"s_tp,b_p,b_b,b_dr",WyntonMarsalis,Cherokee
104.424489795,138.465306121,theme_02_01,"tp,p,b,dr",WyntonMarsalis,Cherokee
138.465306121,145.81551020408162,silence,,WyntonMarsalis,Cherokee
0.0,0.278639455,silence,,WyntonMarsalis,You'reMyEverything
0.278639455,3.691972789,intro,tp,WyntonMarsalis,You'reMyEverything
3.691972789,59.232653061,theme_01_01,"tp,p,b,dr",WyntonMarsalis,You'reMyEverything
59.232653061,115.330612244,solo_01_01,"s_tp,b_p,b_b,b_dr",WyntonMarsalis,You'reMyEverything
115.330612244,171.428571428,solo_02_01,"s_p,b_b,b_dr",WyntonMarsalis,You'reMyEverything
171.428571428,201.208163264,theme_02_01,"tp,p,b,dr",WyntonMarsalis,You'reMyEverything
201.208163264,205.374693877551,silence,,WyntonMarsalis,You'reMyEverything
0.0,0.228571428,silence,,ZootSims,AllTheThingsYouAre
0.228571428,4.930612244,intro,p,ZootSims,AllTheThingsYouAre
4.930612244,49.926530612,theme_01_01,"ts,hca,p,b,dr",ZootSims,AllTheThingsYouAre
49.926530612,94.563265306,solo_01_01,"s_ts,b_p,b_b,b_dr",ZootSims,AllTheThingsYouAre
94.563265306,139.232653061,solo_02_01,"s_b,b_p,b_dr",ZootSims,AllTheThingsYouAre
139.232653061,185.110204081,theme_02_01,"ts,hca,p,b,dr",ZootSims,AllTheThingsYouAre
185.110204081,188.0533333333333,silence,,ZootSims,AllTheThingsYouAre
0.0,0.130612244,silence,,ZootSims,DancingInTheDark
0.130612244,8.489795918,intro,"p,b,dr",ZootSims,DancingInTheDark
8.489795918,70.008163265,theme_01_01,"ts,p,b,dr",ZootSims,DancingInTheDark
70.008163265,132.440816326,solo_01_01,"s_p,b_b,b_dr",ZootSims,DancingInTheDark
132.440816326,205.453061223,theme_02_01,"ts,p,b,dr",ZootSims,DancingInTheDark
205.453061223,208.76,silence,,ZootSims,DancingInTheDark
0.0,0.185759637,silence,,ZootSims,KingDavid
0.185759637,6.59446712,intro,"p,b,dr",ZootSims,KingDavid
6.59446712,24.938231292,theme_01_01,"tp,ts,p,b,dr",ZootSims,KingDavid
24.938231292,43.839274376,theme_01_02,"tp,ts,p,b,dr",ZootSims,KingDavid
43.839274376,62.786757369,solo_01_01,"s_ts,b_tp,b_p,b_b,b_dr",ZootSims,KingDavid
62.786757369,81.827120181,solo_01_02,"s_ts,b_p,b_b,b_dr",ZootSims,KingDavid
81.827120181,101.146122448,solo_02_01,"s_p,b_b,b_dr",ZootSims,KingDavid
101.146122448,120.372244897,solo_02_02,"s_p,b_b,b_dr",ZootSims,KingDavid
120.372244897,139.598367346,solo_03_01,"s_tp,b_b,b_dr",ZootSims,KingDavid
139.598367346,158.870929705,solo_03_02,"s_tp,b_p,b_b,b_dr",ZootSims,KingDavid
158.870929705,178.3292517,theme_02_01,"tp,ts,p,b,dr",ZootSims,KingDavid
178.3292517,181.42666666666668,silence,,ZootSims,KingDavid
0.0,0.232199546,silence,,ZootSims,NightAndDay
0.232199546,9.54340136,intro,"p,b,dr",ZootSims,NightAndDay
9.54340136,63.018956916,theme_01_01,"ts,p,b,dr",ZootSims,NightAndDay
63.018956916,115.821133786,solo_01_01,"s_ts,s_p,b_b,b_dr",ZootSims,NightAndDay
115.821133786,174.98557823,theme_02_01,"ts,p,b,dr",ZootSims,NightAndDay
174.98557823,178.74666666666667,silence,,ZootSims,NightAndDay
0.0,0.185759637,silence,,ZootSims,Undecided
0.185759637,9.566621315,intro,"tp,ts,p,b,dr",ZootSims,Undecided
9.566621315,40.402721088,theme_01_01,"tp,ts,p,b,dr",ZootSims,Undecided
40.402721088,71.238820861,solo_01_01,"s_p,b_b,b_dr",ZootSims,Undecided
71.238820861,102.492879818,solo_02_01,"s_tp,b_b,b_dr",ZootSims,Undecided
102.492879818,134.211337868,solo_02_02,"s_tp,b_p,b_b,b_dr",ZootSims,Undecided
134.211337868,165.697596371,solo_03_01,"s_ts,b_p,b_b,b_dr",ZootSims,Undecided
165.697596371,203.313922901,theme_02_01,"tp,ts,p,b,dr",ZootSims,Undecided
203.313922901,205.61333333333332,silence,,ZootSims,Undecided
